0.20013004541397095,0.00039803743129596114,1.3304830645211041e-05,19.998252868652344,-0.01598801277577877,-0.02216149866580963,-0.13341335952281952,14.721969604492188,31.664697647094727,65.42062377929688,82.94589233398438,-4673.4404296875,-2885.59912109375,-1101.72509765625,-6838.46337890625,-0.02216149866580963,-0.0008127751061692834,19.998260498046875,-0.23000000417232513,-3.2043726605479605e-07,6.762699740647804e-06,0.0,0.0,0.0,0.0,0.0037778185214847326,-0.09149201959371567,0.01906336471438408,-0.6690443158149719,-1.1160062551498413,-1.643899917602539,-0.36907172203063965,0.25039175152778625,-0.6333065629005432,3.0,3.0,0.7806978821754456,3.0,4028.462646484375,3786.397216796875,-4000.498779296875,-4129.47265625,-1113.222900390625,-1758.8968505859375,-194.0957794189453,234.96914672851562,-6.940010070800781,1.3192646503448486
0.4001125693321228,0.0002381573140155524,-0.0002083101571770385,20.00948143005371,-0.0390847772359848,-0.02915516495704651,-0.18056170642375946,10.204940795898438,36.429847717285156,60.95699691772461,88.03562927246094,-7209.009765625,-2441.16796875,-850.8568115234375,-9338.623046875,-0.02915516495704651,-0.0017450001323595643,20.009519577026367,-0.22996222972869873,-0.0009152406128123403,0.00019739633717108518,-0.006690443027764559,-0.011160062626004219,-0.01643899828195572,-0.0036907170433551073,-0.055715613067150116,-0.16103625297546387,0.04822174087166786,-0.18416821956634521,-1.5420796871185303,-2.2131285667419434,0.049796491861343384,0.4758184850215912,-0.8175067901611328,3.0,3.0,0.06287113577127457,3.0,3841.69140625,3187.523681640625,-620.6803588867188,-4403.73291015625,-1186.4295654296875,-2477.0244140625,-317.5693664550781,-22.93522834777832,-5.872438430786133,2.087189197540283
0.6002073884010315,-0.00015269045252352953,-0.0004998617805540562,20.037330627441406,-0.05654307082295418,-0.022545384243130684,-0.13704687356948853,9.738792419433594,36.919029235839844,58.74846649169922,88.9831771850586,-8610.5732421875,-807.3427734375,-376.8755798339844,-9951.4052734375,-0.022545384243130684,-0.002322017215192318,20.037410736083984,-0.2305193841457367,-0.0025256029330193996,0.0006796137313358486,-0.008532125502824783,-0.02658085897564888,-0.038570284843444824,-0.003192752134054899,-0.11748987436294556,-0.1665056198835373,0.08166682720184326,0.6321786046028137,-1.5201549530029297,-1.6857538223266602,0.4783185124397278,0.8185046315193176,-0.9847063422203064,3.0,3.0,0.3065641224384308,3.0,3725.287841796875,3350.216552734375,2341.772705078125,-4427.54052734375,-1051.301025390625,-1994.658935546875,-8.372482299804688,85.5069351196289,-1.7775318622589111,2.958397388458252
0.8005806803703308,-0.0007181211258284748,-0.0007253156509250402,20.07438850402832,-0.07065820693969727,-0.010324936360120773,-0.1073167622089386,9.257331848144531,36.30335998535156,57.90080261230469,89.09668731689453,-9260.9921875,833.5198974609375,-159.96641540527344,-10005.7978515625,-0.010324936360120773,-0.0027944885659962893,20.074512481689453,-0.2316942811012268,-0.004190659150481224,0.0014962819404900074,-0.002210339531302452,-0.04178240895271301,-0.05542782321572304,0.0015904330648481846,-0.15690360963344574,-0.1810065507888794,0.1079268604516983,1.0610206127166748,-1.150948166847229,-0.47001755237579346,0.594806432723999,0.7953302264213562,-0.813813328742981,3.0,3.0,0.46401381492614746,3.0,3940.197021484375,3521.4716796875,3448.284423828125,-4304.68359375,-1002.7467041015625,-1687.224853515625,260.8427429199219,57.7833251953125,-3.247941255569458,3.046933174133301
1.0013245344161987,-0.0014247031649574637,-0.0008285649819299579,20.10446548461914,-0.07839439064264297,-0.004002487752586603,-0.07833416759967804,10.386592864990234,34.235252380371094,59.62432098388672,89.05909729003906,-9666.048828125,2347.323974609375,-197.71295166015625,-10088.7509765625,-0.004002487752586603,-0.003070767503231764,20.104618072509766,-0.2332633137702942,-0.006000724621117115,0.0025755506940186024,0.00839986652135849,-0.053291890770196915,-0.060127999633550644,0.007538497447967529,-0.17043207585811615,-0.15307486057281494,0.11080151051282883,0.9057244062423706,-0.6715277433395386,0.7797447443008423,0.4051244854927063,0.5867093205451965,-0.6738375425338745,3.0,3.0,0.20701655745506287,3.0,4117.51416015625,3602.40771484375,1778.2525634765625,-4095.9453125,-952.5353393554688,-1044.7288818359375,480.2261047363281,228.99124145507812,0.8849038481712341,1.4418822526931763
1.202369213104248,-0.002208647085353732,-0.0008685898501425982,20.122512817382812,-0.08602443337440491,-0.009048175998032093,-0.07793434709310532,10.916667938232422,33.12803649902344,61.673004150390625,89.7371826171875,-9757.7861328125,3419.579833984375,-252.37083435058594,-10329.71875,-0.009048175998032093,-0.003406418254598975,20.122695922851562,-0.23496763408184052,-0.007531473413109779,0.0036835656501352787,0.017457110807299614,-0.06000716984272003,-0.05233055353164673,0.01158974226564169,-0.16541866958141327,-0.07932016253471375,0.09665711224079132,0.3029279112815857,-0.2211427390575409,1.4352331161499023,0.10126262903213501,0.5152254104614258,-0.5419050455093384,3.0,3.0,0.11722283810377121,3.0,4426.8134765625,3959.511474609375,-1052.2960205078125,-4109.57958984375,-734.92724609375,-1191.7269287109375,317.4671936035156,278.8666076660156,6.429653167724609,-0.2989789545536041
1.4035943746566772,-0.003068891353905201,-0.0009590716217644513,20.1353759765625,-0.09166700392961502,-0.014372017234563828,-0.05872086435556412,10.432308197021484,33.97357177734375,62.16926956176758,90.93707275390625,-9574.890625,3768.50439453125,39.4923095703125,-10887.173828125,-0.014372017234563828,-0.0035934315528720617,20.135583877563477,-0.23662182688713074,-0.008324675261974335,0.004650136921554804,0.020486390218138695,-0.062218599021434784,-0.03797822445631027,0.012602368369698524,-0.15467917919158936,-0.041031211614608765,0.0984061062335968,-0.3972862958908081,0.1764144003391266,1.187079906463623,-0.06482867896556854,0.553412139415741,-0.4117127060890198,3.0,3.0,0.19046880304813385,3.0,4309.4560546875,3794.7490234375,-1661.399169921875,-4152.03857421875,-720.80126953125,-915.8575439453125,500.50579833984375,137.23577880859375,5.616294860839844,0.20841562747955322
1.6049481630325317,-0.003985561430454254,-0.0011027917498722672,20.144269943237305,-0.09672829508781433,-0.019283924251794815,-0.04261108860373497,9.247390747070312,35.19898986816406,62.888511657714844,92.57058715820312,-9232.5693359375,3817.15380859375,266.243408203125,-11597.880859375,-0.019283924251794815,-0.0036989490035921335,20.144502639770508,-0.2381686121225357,-0.008734987117350101,0.00563419796526432,0.016513526439666748,-0.06045445427298546,-0.02610742673277855,0.011954081244766712,-0.14904223382472992,0.010945133864879608,0.08750313520431519,-0.8371082544326782,0.38221126794815063,0.3460386395454407,0.0009835511445999146,0.6981790065765381,-0.32561343908309937,3.0,3.0,0.30158063769340515,3.0,4403.90478515625,4044.722412109375,-2513.59228515625,-4356.72216796875,-547.642822265625,-798.4052734375,309.78607177734375,133.99293518066406,7.959324836730957,-1.6802536249160767
1.8063908815383911,-0.0049528442323207855,-0.0012956310529261827,20.153675079345703,-0.09806526452302933,-0.023067157715559006,-0.01909904181957245,7.893512725830078,36.46961975097656,63.193355560302734,93.93583679199219,-8812.078125,3558.938720703125,617.3677978515625,-12000.0,-0.023067157715559006,-0.0035702057648450136,20.153913497924805,-0.23965904116630554,-0.008625536225736141,0.00650922954082489,0.008142444305121899,-0.05663233995437622,-0.022647039964795113,0.011963916942477226,-0.15064412355422974,0.030967554077506065,0.06759247183799744,-0.8574762940406799,0.41599494218826294,-0.610858142375946,0.15428118407726288,0.9380204081535339,-0.34963133931159973,3.0,3.0,0.3465076982975006,3.0,4357.04150390625,4154.35302734375,-2607.808837890625,-4234.7490234375,-535.757568359375,-313.2650146484375,254.74354553222656,331.5718688964844,4.581447124481201,-3.060027599334717
2.007927656173706,-0.005933497101068497,-0.00152630265802145,20.1649227142334,-0.09947226941585541,-0.022983256727457047,0.006304237991571426,6.646465301513672,37.58076095581055,62.950843811035156,94.83003234863281,-8579.451171875,3205.767578125,913.6649780273438,-12000.0,-0.022983256727457047,-0.0034065931104123592,20.1651668548584,-0.24116548895835876,-0.0083158602938056,0.007185154128819704,-0.0004323180764913559,-0.05247239023447037,-0.02875562012195587,0.013506729155778885,-0.15795034170150757,0.057971276342868805,0.025048069655895233,-0.4800978899002075,0.31626617908477783,-1.1821030378341675,0.19994410872459412,0.8509959578514099,-0.42971816658973694,3.0,3.0,0.3023099899291992,3.0,4069.523681640625,4341.9443359375,-2257.123291015625,-4147.70458984375,-429.6256103515625,-125.22511291503906,101.10358428955078,193.56593322753906,3.258626937866211,-5.205195903778076
2.2095768451690674,-0.006928219925612211,-0.0017561352578923106,20.172508239746094,-0.10104404389858246,-0.022451823577284813,0.010692850686609745,6.603363037109375,37.811038970947266,64.3181381225586,95.46623992919922,-8517.9560546875,2785.328369140625,1221.93408203125,-12000.0,-0.022451823577284813,-0.003252820111811161,20.172761917114258,-0.24274499714374542,-0.007736147381365299,0.007435634732246399,-0.005233296658843756,-0.04930972680449486,-0.04057665169239044,0.015506170690059662,-0.16802726686000824,0.07404741644859314,-0.022851284593343735,0.05880749225616455,0.1956084668636322,-1.1745449304580688,0.1215069368481636,0.8179063200950623,-0.5010130405426025,3.0,3.0,0.5152440071105957,3.0,4296.12744140625,4230.0087890625,-3060.759765625,-4119.025390625,-491.5757141113281,79.4971923828125,-10.862358093261719,137.60345458984375,0.26829424500465393,-5.277059078216553
2.411301851272583,-0.007938660681247711,-0.0019806534983217716,20.1759090423584,-0.10087116807699203,-0.01691276952624321,0.027856282889842987,7.000347137451172,37.814842224121094,64.95328521728516,95.560546875,-8687.955078125,2327.591552734375,1675.0146484375,-12000.0,-0.01691276952624321,-0.003018890041857958,20.17616081237793,-0.24442526698112488,-0.006995673291385174,0.007207121700048447,-0.004645221866667271,-0.04735364392399788,-0.05232210084795952,0.016721239313483238,-0.17626257240772247,0.06332726031541824,-0.0677855908870697,0.5006808042526245,0.13282722234725952,-0.7305622100830078,-0.030080847442150116,0.9623211026191711,-0.5559539198875427,3.0,3.0,0.6121358275413513,3.0,4198.98291015625,4026.13427734375,-3396.278076171875,-4221.267578125,-217.0277099609375,298.40557861328125,-76.78317260742188,27.89813232421875,-3.022852659225464,-4.372988224029541
2.61306095123291,-0.008947372436523438,-0.002149781212210655,20.175996780395508,-0.09828019142150879,-0.010587858036160469,0.044286131858825684,7.064464569091797,37.70304489135742,64.92527770996094,95.41407775878906,-9046.666015625,1847.3172607421875,2143.2998046875,-12000.0,-0.010587858036160469,-0.0027213245630264282,20.17623519897461,-0.24618789553642273,-0.006362400949001312,0.0065292660146951675,0.00036158598959445953,-0.04602537304162979,-0.0596277229487896,0.016420431435108185,-0.18050791323184967,0.05618846416473389,-0.10263273119926453,0.6862173676490784,0.14719124138355255,-0.14325189590454102,-0.1755789816379547,0.7815484404563904,-0.6015183925628662,3.0,3.0,0.6051362156867981,3.0,4150.8974609375,3767.703125,-3636.9404296875,-4260.1103515625,-86.9127197265625,424.7938232421875,96.39795684814453,20.694162368774414,-2.5038657188415527,-2.873842477798462
2.8148210048675537,-0.009930174797773361,-0.002255659783259034,20.17338752746582,-0.09943489730358124,-0.00756641011685133,0.020917348563671112,7.780994415283203,37.26094055175781,66.39964294433594,95.53004455566406,-9329.279296875,1468.4288330078125,2556.276611328125,-12000.0,-0.00756641011685133,-0.002673313720151782,20.173633575439453,-0.24799297749996185,-0.005800516344606876,0.005502938758581877,0.007223759312182665,-0.04455346241593361,-0.06106024235486984,0.014664641581475735,-0.1796240657567978,0.018389761447906494,-0.11562376469373703,0.549739420413971,0.18698322772979736,0.2884998321533203,-0.24051734805107117,0.5835874676704407,-0.6415480971336365,3.0,3.0,0.8392108082771301,3.0,4277.2822265625,3933.544677734375,-4227.302734375,-4441.767578125,-72.4066162109375,2.0589599609375,53.22499084472656,-182.07383728027344,-4.26099967956543,-0.45498746633529663
3.016554832458496,-0.010924523696303368,-0.0023313239216804504,20.171903610229492,-0.10080321133136749,-0.005565270781517029,0.014160078950226307,8.78564453125,37.14614486694336,66.9732894897461,95.73188781738281,-9649.771484375,1356.4744873046875,2858.27685546875,-11848.5947265625,-0.005565270781517029,-0.0026658433489501476,20.172155380249023,-0.24978922307491302,-0.005616618786007166,0.004346701316535473,0.012721152976155281,-0.04268363118171692,-0.05817524343729019,0.01225946843624115,-0.17482072114944458,-0.00012477673590183258,-0.09567016363143921,0.2440412938594818,0.140860915184021,0.4228960871696472,-0.23854659497737885,0.48195740580558777,-0.6801665425300598,3.0,3.0,0.9302113056182861,3.0,4486.048828125,3874.35205078125,-4201.80224609375,-4418.91943359375,80.84230041503906,-306.2798156738281,176.48985290527344,-187.984375,-1.5827722549438477,2.633091926574707
3.218273878097534,-0.011932555586099625,-0.002386976731941104,20.170623779296875,-0.1015959158539772,-0.009214126504957676,0.006306034978479147,9.295806884765625,37.2955322265625,67.49464416503906,96.28095245361328,-9748.8583984375,1410.627197265625,2940.888671875,-11863.2431640625,-0.009214126504957676,-0.0026498066727072,20.170879364013672,-0.2515374422073364,-0.005617866758257151,0.0033899997361004353,0.015161566436290741,-0.0412750206887722,-0.05394628271460533,0.009874003008008003,-0.17043566703796387,-0.056560076773166656,-0.07400607317686081,-0.1066727340221405,-5.120038986206055e-05,0.30755776166915894,-0.12472991645336151,0.4837414026260376,-0.7048925161361694,3.0,3.0,1.015091896057129,3.0,4448.45849609375,3941.96435546875,-4187.9091796875,-4428.7236328125,48.58092498779297,-549.045166015625,287.51043701171875,63.59861373901367,-4.39438009262085,2.852330207824707
3.419980049133301,-0.012948514893651009,-0.002479118062183261,20.16840171813965,-0.10217214375734329,-0.013107464648783207,0.012969523668289185,8.890869140625,37.639949798583984,66.94944763183594,96.90280151367188,-9937.3994140625,1745.4674072265625,2789.75146484375,-11836.3818359375,-0.013107464648783207,-0.0025867901276797056,20.168659210205078,-0.25324180722236633,-0.006183467339724302,0.002649939153343439,0.014094838872551918,-0.04127553105354309,-0.050870705395936966,0.008626704104244709,-0.16927874088287354,-0.1002013236284256,-0.049963273108005524,-0.27285057306289673,-0.22310489416122437,0.10777305066585541,0.00795850157737732,0.5618525147438049,-0.7042869925498962,3.0,3.0,0.9312855005264282,3.0,4173.05224609375,4051.370849609375,-4057.382080078125,-4560.0791015625,8.309799194335938,-472.17730712890625,357.23748779296875,-9.480219841003418,-3.4514548778533936,2.8403053283691406
3.621664047241211,-0.013970236293971539,-0.002610192634165287,20.166343688964844,-0.09937836974859238,-0.013424534350633621,0.02454506792128086,8.108539581298828,37.646995544433594,66.12277221679688,97.23672485351562,-10167.9365234375,2252.23828125,2504.850830078125,-11791.3935546875,-0.013424534350633621,-0.0023176991380751133,20.166587829589844,-0.2549346089363098,-0.007185480557382107,0.0021503064781427383,0.01136633288115263,-0.04350658133625984,-0.049792975187301636,0.0087062893435359,-0.17129547894001007,-0.09876353293657303,-0.013115763664245605,-0.20021960139274597,-0.43459561467170715,-0.03358045220375061,0.09008409827947617,0.6516136527061462,-0.6842526793479919,3.0,3.0,0.8011879920959473,3.0,3979.5927734375,3873.8291015625,-3919.2421875,-4298.865234375,117.25039672851562,-29.40606689453125,446.763427734375,-63.62351608276367,0.07148158550262451,3.600050926208496
3.8233275413513184,-0.014964019879698753,-0.0027444378938525915,20.162643432617188,-0.09718465805053711,-0.006251727230846882,0.029052671045064926,7.905551910400391,37.302310943603516,65.83939361572266,97.19805908203125,-10224.4736328125,2766.524658203125,2158.126953125,-11833.0419921875,-0.006251727230846882,-0.002075560623779893,20.162878036499023,-0.2566475570201874,-0.00817311555147171,0.002019148785620928,0.009364137426018715,-0.0478525385260582,-0.05012878030538559,0.009607130661606789,-0.1742004156112671,-0.038430724292993546,0.02599463239312172,-0.043501898646354675,-0.5224373936653137,-0.047320686280727386,0.12634319067001343,0.7027441263198853,-0.654161810874939,3.0,3.0,0.7552205920219421,3.0,4130.5126953125,3719.01513671875,-4003.843994140625,-4495.19873046875,210.81988525390625,171.34930419921875,299.42706298828125,-293.08148193359375,5.291684150695801,3.5601587295532227
4.024953842163086,-0.0159358661621809,-0.002806955249980092,20.159778594970703,-0.0943131223320961,0.0005409307777881622,0.028902601450681686,8.60711669921875,36.63530731201172,66.49710845947266,96.88059997558594,-9894.9521484375,3017.79052734375,1914.98046875,-12000.0,0.0005409307777881622,-0.001871292246505618,20.15999984741211,-0.25838956236839294,-0.008557423017919064,0.0022790951188653708,0.008929118514060974,-0.053076911717653275,-0.05060198903083801,0.010870562866330147,-0.1748218834400177,-0.028814487159252167,0.031442612409591675,-0.021733099594712257,-0.38674843311309814,0.015401318669319153,0.15328015387058258,0.7292051911354065,-0.6153956651687622,3.0,3.0,0.8583903908729553,3.0,4367.46044921875,3950.515625,-4165.09814453125,-4656.1103515625,101.14755249023438,316.69244384765625,124.0836410522461,-33.332923889160156,1.2555928230285645,0.47327542304992676
4.226551532745361,-0.016878997907042503,-0.0028015458956360817,20.156078338623047,-0.0902136042714119,0.005087107885628939,0.03205365315079689,9.008342742919922,36.01515579223633,66.88951873779297,96.60775756835938,-9671.3251953125,3139.72802734375,1734.6981201171875,-12000.0,0.005087107885628939,-0.0016741763101890683,20.156280517578125,-0.26013776659965515,-0.00884556770324707,0.002593521261587739,0.00871178787201643,-0.05694439634680748,-0.0504479743540287,0.012403364293277264,-0.17174015939235687,-0.06183713674545288,0.028557686135172844,-0.06062445789575577,-0.1128988265991211,0.09481581300497055,0.09782496094703674,0.7499674558639526,-0.5821143984794617,3.0,3.0,0.9207714200019836,3.0,4254.47314453125,3986.347412109375,-4406.396484375,-4486.89697265625,241.85748291015625,299.08087158203125,149.00149536132812,28.54412078857422,-2.4144582748413086,-0.5196877717971802
4.428112506866455,-0.017781134694814682,-0.0027506747283041477,20.15170669555664,-0.08656244724988937,0.010727055370807648,0.03358886390924454,9.121879577636719,35.42613983154297,66.85713195800781,96.32826232910156,-9722.216796875,3344.3798828125,1455.35498046875,-12000.0,0.010727055370807648,-0.0015448378399014473,20.151893615722656,-0.2618551552295685,-0.009463938884437084,0.002879098057746887,0.008105543442070484,-0.05807338282465935,-0.049499817192554474,0.013381613418459892,-0.16655389964580536,-0.036746546626091,0.023781172931194305,-0.04007831588387489,0.09533333778381348,0.17956537008285522,-0.011560507118701935,0.7604494690895081,-0.5672792792320251,3.0,3.0,0.9156534075737,3.0,4229.068359375,3916.802734375,-4549.7119140625,-4366.29443359375,271.5804138183594,358.64642333984375,-43.00506591796875,59.3822135925293,2.4703431129455566,-0.7890454530715942
4.629629611968994,-0.018646759912371635,-0.0026434040628373623,20.14727783203125,-0.08373040705919266,0.01309762243181467,0.029434384778141975,9.569526672363281,35.01386260986328,67.10136413574219,96.01329040527344,-9685.8876953125,3350.946044921875,1318.5701904296875,-12000.0,0.01309762243181467,-0.001512488815933466,20.147451400756836,-0.2635206878185272,-0.009831404313445091,0.0031169098801910877,0.007704760413616896,-0.057120051234960556,-0.04770416393876076,0.013266008347272873,-0.15941910445690155,-0.029921725392341614,0.0064227283000946045,-0.02060859091579914,0.20868319272994995,0.18090999126434326,-0.09763678163290024,0.7607105374336243,-0.5742695331573486,3.0,3.0,0.9558094143867493,3.0,4209.28076171875,4190.83251953125,-4642.095703125,-4539.326171875,82.5418701171875,334.01531982421875,113.33466339111328,-29.822790145874023,0.7034740447998047,-1.8890897035598755
4.83110237121582,-0.019484063610434532,-0.002512427745386958,20.142545700073242,-0.08081094920635223,0.019228076562285423,0.030308427289128304,9.793899536132812,34.879940032958984,67.03681945800781,95.80392456054688,-9765.8515625,3257.48486328125,1269.39990234375,-12000.0,0.019228076562285423,-0.0014995040837675333,20.14270782470703,-0.2651148736476898,-0.010130621492862701,0.0031811371445655823,0.007498674560338259,-0.05503321811556816,-0.045895062386989594,0.012289640493690968,-0.1525246500968933,-0.028948191553354263,-0.012900518253445625,0.028898825868964195,0.215047687292099,0.09179085493087769,-0.13161519169807434,0.7475973963737488,-0.5999754667282104,3.0,3.0,0.9456220865249634,3.0,4080.474853515625,4040.688720703125,-4536.755859375,-4417.37353515625,311.56072998046875,343.52392578125,-27.692962646484375,-101.22357177734375,0.2794913053512573,-2.020551919937134
5.032527923583984,-0.020292172208428383,-0.0023201468866318464,20.13797378540039,-0.07985038310289383,0.017712119966745377,0.023091452196240425,10.2432861328125,34.553985595703125,67.27521514892578,95.52783203125,-9907.1298828125,3115.0439453125,1239.91748046875,-12000.0,0.017712119966745377,-0.0016449966933578253,20.138132095336914,-0.2666401267051697,-0.010420103557407856,0.0030521319713443518,0.007787663023918867,-0.05288274213671684,-0.044977154582738876,0.010973488911986351,-0.1475161910057068,0.008736807852983475,-0.022236421704292297,0.0942833200097084,0.14682599902153015,-0.033143602311611176,-0.10914476215839386,0.7181384563446045,-0.6332688331604004,3.0,3.0,0.9865354299545288,3.0,4297.8203125,3841.8349609375,-4770.326171875,-4176.35302734375,0.0443267822265625,29.582489013671875,205.3103485107422,-62.67863464355469,3.3754866123199463,-1.0144909620285034
5.233907699584961,-0.02109067514538765,-0.002143025631085038,20.1337947845459,-0.08195752650499344,0.01666499301791191,0.024959221482276917,10.544021606445312,34.79927062988281,67.43276977539062,95.5816650390625,-9916.6201171875,2867.512939453125,1363.5472412109375,-12000.0,0.01666499301791191,-0.0019275967497378588,20.133960723876953,-0.2681152820587158,-0.010332735255360603,0.0028297677636146545,0.008730496279895306,-0.05141448229551315,-0.045308589935302734,0.00988204125314951,-0.1436658650636673,0.0034669791348278522,-0.04370216652750969,0.08849144726991653,0.08881574869155884,-0.16685864329338074,-0.038401953876018524,0.687602698802948,-0.6582962274551392,3.0,3.0,1.0142724514007568,3.0,4396.68701171875,3677.4013671875,-4772.7861328125,-4037.4755859375,-148.73870849609375,-93.85739135742188,174.9372100830078,-290.1388244628906,-0.17689013481140137,-1.939884066581726
5.435245513916016,-0.021910250186920166,-0.001976375700905919,20.13365364074707,-0.08014146983623505,0.015017903409898281,0.03163815289735794,10.402908325195312,34.85108184814453,67.50867462158203,95.75123596191406,-10051.443359375,2662.6201171875,1514.8314208984375,-12000.0,0.015017903409898281,-0.002004076261073351,20.133811950683594,-0.26955193281173706,-0.010298065841197968,0.002392746042460203,0.009615411050617695,-0.05052632465958595,-0.04697717726230621,0.009498021565377712,-0.14162389934062958,0.020261621102690697,-0.04124312102794647,0.07996325194835663,0.054090406745672226,-0.24483802914619446,0.020572520792484283,0.661390483379364,-0.6698131561279297,3.0,3.0,1.0270881652832031,3.0,4529.77734375,3954.278564453125,-4584.40869140625,-3925.761474609375,-12.764251708984375,94.984619140625,372.0483703613281,-133.87213134765625,1.7658143043518066,0.2521246671676636
5.636581897735596,-0.02271166443824768,-0.001826196676120162,20.132661819458008,-0.0772162526845932,0.012934980913996696,0.028657125309109688,10.562004089355469,35.08880615234375,68.0555648803711,96.11964416503906,-10040.0400390625,2491.849853515625,1640.111572265625,-12000.0,0.012934980913996696,-0.0020091563928872347,20.132808685302734,-0.27096816897392273,-0.010095449164509773,0.001980314962565899,0.01041504368185997,-0.04998541995882988,-0.049425557255744934,0.009703746996819973,-0.13987964391708374,0.011168599128723145,-0.04826435446739197,0.018759001046419144,0.04183698818087578,-0.22875556349754333,0.05602863058447838,0.6494704484939575,-0.6695036292076111,3.0,3.0,1.1153357028961182,3.0,4270.69091796875,3848.718994140625,-4466.349609375,-3829.431396484375,-75.07028198242188,263.04656982421875,485.4466857910156,-163.06419372558594,-0.6557092666625977,-0.4254645109176636
5.837908744812012,-0.023483827710151672,-0.0016968469135463238,20.131568908691406,-0.07256102561950684,0.017114996910095215,0.029858911409974098,10.679332733154297,35.31796646118164,68.07743072509766,96.3233642578125,-10122.1279296875,2380.2099609375,1756.94287109375,-12000.0,0.017114996910095215,-0.001907477853819728,20.13170051574707,-0.2723669707775116,-0.009983763098716736,0.0014976714737713337,0.010602633468806744,-0.049567051231861115,-0.051713112741708755,0.010264033451676369,-0.13838644325733185,0.039324354380369186,-0.05118410289287567,-0.015416108071804047,0.03672859072685242,-0.13923799991607666,0.04394391551613808,0.6491382718086243,-0.6655582189559937,3.0,3.0,1.1176795959472656,3.0,4374.12255859375,3640.66064453125,-4427.07275390625,-3780.560791015625,148.5295867919922,493.00408935546875,525.2352294921875,-344.9773254394531,2.5771450996398926,-0.04150521755218506
6.039224624633789,-0.024209437891840935,-0.0015256969491019845,20.134653091430664,-0.06829255074262619,0.021854393184185028,0.019814250990748405,11.340545654296875,35.37022399902344,68.65647888183594,96.3509750366211,-10041.666015625,2115.353759765625,1951.533935546875,-12000.0,0.021854393184185028,-0.00186608184594661,20.134769439697266,-0.27375084161758423,-0.009590519592165947,0.000985830440185964,0.010448472574353218,-0.04919976368546486,-0.053105492144823074,0.010703472420573235,-0.13602618873119354,0.09729621559381485,-0.0365133211016655,-0.06335335969924927,0.08735358715057373,-0.058355845510959625,0.009670965373516083,0.659136176109314,-0.6649208664894104,3.0,3.0,1.2060456275939941,3.0,4502.126953125,3951.621337890625,-4318.95654296875,-3591.825439453125,305.3973388671875,410.62152099609375,505.688232421875,-462.7142333984375,5.351657867431641,1.431719183921814
6.240571022033691,-0.02489236369729042,-0.00130715302657336,20.136980056762695,-0.062424883246421814,0.024744264781475067,0.013856031931936741,12.512035369873047,35.71269226074219,69.654541015625,96.55250549316406,-9665.2021484375,1648.8302001953125,2204.95654296875,-12000.0,0.024744264781475067,-0.001792849157936871,20.13707733154297,-0.2751111090183258,-0.00861755758523941,0.0006206972757354379,0.00981493853032589,-0.04832622781395912,-0.053689051419496536,0.01080018188804388,-0.13170674443244934,0.0775802955031395,-0.03365321457386017,-0.18893660604953766,0.20576056838035583,-0.03751860558986664,-0.008565958589315414,0.6956226229667664,-0.6681644916534424,3.0,3.0,1.362038254737854,3.0,4568.57080078125,3793.18359375,-4468.98583984375,-3484.17822265625,408.1171875,342.8919677734375,628.956298828125,-345.7325439453125,-1.2586140632629395,0.3148876428604126
6.441940784454346,-0.025516612455248833,-0.0010597103973850608,20.141098022460938,-0.05371254310011864,0.03020486980676651,0.010400688275694847,13.073680877685547,36.01772689819336,70.05094909667969,96.77472686767578,-9490.986328125,1307.725830078125,2274.69287109375,-12000.0,0.03020486980676651,-0.0016070964047685266,20.141170501708984,-0.2764281630516052,-0.007841754704713821,0.0002841651439666748,0.00792557280510664,-0.04626862332224846,-0.05406423658132553,0.010714522562921047,-0.1276112049818039,0.059608444571495056,-0.027477025985717773,-0.22992299497127533,0.2676653563976288,-0.020997121930122375,-0.02705228701233864,0.7542263269424438,-0.6752328872680664,3.0,3.0,1.4203805923461914,3.0,4763.72607421875,3940.038818359375,-4214.93408203125,-3765.22607421875,528.38232421875,469.19049072265625,596.2626342773438,-60.697662353515625,-1.2898508310317993,0.5540687441825867
6.6433515548706055,-0.026053737848997116,-0.000757661706302315,20.1452693939209,-0.04617619514465332,0.03289063647389412,-0.0011199518339708447,13.90966796875,36.12159729003906,70.42628479003906,96.76115417480469,-9392.0234375,1065.125,2221.986083984375,-12000.0,0.03289063647389412,-0.001534495153464377,20.145320892333984,-0.27770426869392395,-0.007245670072734356,9.39489109441638e-06,0.005626343190670013,-0.04359196871519089,-0.05427420884370804,0.01044399943202734,-0.12415812909603119,0.013589315116405487,-0.0035967640578746796,-0.16590334475040436,0.22590559720993042,0.013123970478773117,-0.0349433459341526,0.8106269240379333,-0.6835833787918091,3.0,3.0,1.4764938354492188,3.0,4710.9404296875,3949.810546875,-4032.84912109375,-3894.8916015625,514.5442504882812,142.0030517578125,526.6304321289062,144.30833435058594,-4.382302284240723,2.1637766361236572
6.844804286956787,-0.026515500620007515,-0.0004287553601898253,20.148496627807617,-0.03957374393939972,0.033800117671489716,-0.004602773580700159,14.772544860839844,36.02678298950195,70.44168853759766,96.62036895751953,-9437.794921875,1160.23291015625,1916.4049072265625,-12000.0,0.033800117671489716,-0.0015353463822975755,20.148536682128906,-0.2789458632469177,-0.007109777070581913,-2.657275035744533e-05,0.003967309836298227,-0.0413329117000103,-0.054142970591783524,0.010094566270709038,-0.12142767012119293,0.003115745261311531,0.02181820757687092,-0.018856510519981384,0.02203841507434845,0.11799484491348267,-0.029340481385588646,0.829936146736145,-0.6871814727783203,3.0,3.0,1.4767751693725586,3.0,4573.802734375,3920.77294921875,-4157.08544921875,-3770.452880859375,362.58001708984375,201.51393127441406,490.65728759765625,109.18978118896484,-1.9346081018447876,2.5446553230285645
7.046289443969727,-0.026911238208413124,-9.075418347492814e-05,20.15530776977539,-0.03563965857028961,0.03357803076505661,-0.011009455658495426,15.459041595458984,35.74300003051758,70.61940002441406,96.43290710449219,-9404.8837890625,1384.8919677734375,1562.9437255859375,-12000.0,0.03357803076505661,-0.0016774956602603197,20.15534019470215,-0.280160129070282,-0.007078619673848152,0.00019160931697115302,0.0037787447217851877,-0.04111252725124359,-0.0529630221426487,0.009801161475479603,-0.11831817030906677,0.021745670586824417,0.057284556329250336,0.08352228254079819,-0.22546622157096863,0.2346636801958084,-0.005289945751428604,0.8133749961853027,-0.6797651052474976,3.0,3.0,1.5013169050216675,3.0,4704.51904296875,4104.05419921875,-4006.371337890625,-3603.5068359375,63.73789978027344,217.243896484375,405.5418395996094,13.579715728759766,0.5751230716705322,3.6399729251861572
7.247842311859131,-0.027267634868621826,0.0002450261090416461,20.162437438964844,-0.0328565314412117,0.03433295711874962,-0.012421960942447186,16.272022247314453,35.53182601928711,71.20104217529297,96.48146057128906,-9149.5546875,1622.5992431640625,1219.2862548828125,-12000.0,0.03433295711874962,-0.001874615903943777,20.162464141845703,-0.2813433110713959,-0.0068611628375947475,0.0007644548895768821,0.00461396761238575,-0.043367188423871994,-0.05061638355255127,0.009748262353241444,-0.11379870772361755,0.008002358488738537,0.07449726015329361,0.026039816439151764,-0.3765990138053894,0.3010326027870178,0.036329954862594604,0.8114047646522522,-0.6567028164863586,3.0,3.0,1.5892900228500366,3.0,4839.19775390625,4109.58349609375,-3894.28173828125,-3799.67041015625,-173.02662658691406,293.2601318359375,335.5282897949219,45.12388229370117,-1.671398639678955,2.0776474475860596
7.449466705322266,-0.02759619988501072,0.0005883557023480535,20.167423248291016,-0.027620255947113037,0.03269181773066521,-0.011420710943639278,16.66253662109375,35.255435943603516,71.50711822509766,96.55288696289062,-8951.439453125,1889.5767822265625,845.3548583984375,-12000.0,0.03269181773066521,-0.001957902917638421,20.16744041442871,-0.28248131275177,-0.0067811394110322,0.0015094275586307049,0.004874365869909525,-0.047133177518844604,-0.04760605841875076,0.010111561976373196,-0.1092020571231842,-0.0025062784552574158,0.08074084669351578,-0.0936090499162674,-0.37929993867874146,0.30222684144973755,0.05840069800615311,0.8458991050720215,-0.6224809885025024,3.0,3.0,1.635727047920227,3.0,4646.61474609375,4018.074951171875,-4085.565185546875,-3701.51953125,-140.2609405517578,434.2633056640625,471.95745849609375,157.6343536376953,-0.8511853218078613,0.8543682098388672
7.651141166687012,-0.027872402220964432,0.0009152739075943828,20.174571990966797,-0.023918285965919495,0.03386767953634262,-0.012894582003355026,16.71855926513672,35.235206604003906,71.39131164550781,96.59733581542969,-8818.796875,2116.09716796875,522.2623901367188,-12000.0,0.03386767953634262,-0.002100839279592037,20.17458724975586,-0.28357332944869995,-0.006806202232837677,0.0023168360348790884,0.0039382753893733025,-0.05092617869377136,-0.04458379000425339,0.010695569217205048,-0.10495943576097488,-0.01712029241025448,0.09336722642183304,-0.17672955989837646,-0.24798256158828735,0.23358209431171417,0.05011678859591484,0.9056730270385742,-0.5892114043235779,3.0,3.0,1.6129143238067627,3.0,4753.65576171875,4130.79150390625,-3982.311279296875,-3643.604736328125,-122.96627044677734,445.0644226074219,395.52288818359375,-58.06288146972656,-0.7740317583084106,0.9914193153381348
7.85288667678833,-0.02811158448457718,0.0012539506424218416,20.18080711364746,-0.02185479737818241,0.037972062826156616,-0.010942392982542515,17.06719207763672,35.06925964355469,71.36515045166016,96.55397033691406,-8715.2568359375,2373.082763671875,160.74996948242188,-12000.0,0.037972062826156616,-0.002336899982765317,20.18082046508789,-0.2846229374408722,-0.006977404933422804,0.0032505083363503218,0.0021709799766540527,-0.0534060038626194,-0.042247969657182693,0.011196737177670002,-0.10073892772197723,-0.05944790691137314,0.07557730376720428,-0.18166199326515198,-0.09427015483379364,0.15461225807666779,0.02301175333559513,0.970557451248169,-0.566533625125885,3.0,3.0,1.6036245822906494,3.0,4514.04296875,3920.01708984375,-3775.61669921875,-3560.45703125,-200.63116455078125,533.9498901367188,261.6784362792969,-215.84768676757812,-3.2610597610473633,-1.9735867977142334
8.054695129394531,-0.028330132365226746,0.001633671228773892,20.187564849853516,-0.021852822974324226,0.040986403822898865,-0.008727245964109898,17.25857162475586,34.53840637207031,70.96711730957031,96.14971923828125,-8901.904296875,2654.5556640625,-183.2676544189453,-12000.0,0.040986403822898865,-0.002716159913688898,20.187576293945312,-0.28563031554222107,-0.007571883965283632,0.004006281495094299,0.0003543600905686617,-0.05434870719909668,-0.04070184752345085,0.011426854878664017,-0.09750821441411972,-0.10594983398914337,0.040312133729457855,-0.02588486671447754,-0.003868795931339264,0.09615327417850494,-0.027770524844527245,0.9941242933273315,-0.561768114566803,3.0,3.0,1.5357416868209839,3.0,4376.79541015625,4007.236083984375,-3803.818359375,-3390.38232421875,-86.86892700195312,289.91748046875,83.27737426757812,-264.1579895019531,-4.211465835571289,-3.724411964416504
8.256570816040039,-0.02854865975677967,0.0020435352344065905,20.193117141723633,-0.02188355289399624,0.045157913118600845,-0.006012222729623318,17.42547607421875,33.86852264404297,70.4415512084961,95.62054443359375,-9404.1552734375,2981.664306640625,-444.64410400390625,-12000.0,0.045157913118600845,-0.0031272482592612505,20.193130493164062,-0.2866053879261017,-0.008631382137537003,0.00440940260887146,9.551143739372492e-05,-0.05438739433884621,-0.039740316569805145,0.011149149388074875,-0.09551466256380081,-0.1358189582824707,0.0021649934351444244,0.2637372612953186,-0.015107077546417713,0.05768419802188873,-0.08540952205657959,0.9266966581344604,-0.5781065225601196,3.0,3.0,1.4480072259902954,3.0,4292.376953125,4080.8212890625,-3831.888671875,-3562.963134765625,173.67367553710938,101.87892150878906,-105.99710083007812,-148.89703369140625,-3.2615833282470703,-4.036036014556885
8.458501815795898,-0.02876749448478222,0.0024951142258942127,20.200061798095703,-0.020464934408664703,0.04500555619597435,-0.013230152428150177,17.956768035888672,33.02420425415039,70.38392639160156,95.06389617919922,-10057.0966796875,3336.84765625,-611.534912109375,-11983.263671875,0.04500555619597435,-0.003508226480334997,20.200071334838867,-0.28756052255630493,-0.009989571757614613,0.004431052599102259,0.0027328841388225555,-0.05453846603631973,-0.03916347399353981,0.010295053943991661,-0.09424304217100143,-0.16474001109600067,-0.03948558121919632,0.5403050184249878,-0.10068373382091522,0.026712192222476006,-0.12528207898139954,0.7814012169837952,-0.6127601861953735,3.0,3.0,1.435317039489746,3.0,4291.8359375,4314.2265625,-3726.0849609375,-3656.63818359375,190.78575134277344,-45.303489685058594,64.74325561523438,56.738224029541016,-3.4567484855651855,-4.183640480041504
8.660502433776855,-0.028972143307328224,0.0029451698064804077,20.20421028137207,-0.02165127918124199,0.03916469216346741,-0.024761836975812912,18.662012100219727,32.525978088378906,70.23458099365234,94.67463684082031,-10850.958984375,3750.69091796875,-674.6672973632812,-11594.1552734375,0.03916469216346741,-0.004016791470348835,20.204221725463867,-0.288502961397171,-0.01163697149604559,0.00403619697317481,0.008135934360325336,-0.05554530397057533,-0.0388963520526886,0.009042233228683472,-0.09160762280225754,-0.14155778288841248,-0.07279519736766815,0.6981306076049805,-0.21093398332595825,-0.00958077423274517,-0.21876922249794006,0.6206507682800293,-0.6807627081871033,3.0,3.0,1.412034511566162,3.0,4062.853271484375,4152.69091796875,-3660.862548828125,-3824.59228515625,-87.30154418945312,-390.22674560546875,240.38656616210938,43.71417236328125,1.1325030326843262,-3.298495292663574
8.862545013427734,-0.02918865531682968,0.003336816793307662,20.206804275512695,-0.025758914649486542,0.032160673290491104,-0.0309442151337862,19.1947078704834,32.748313903808594,69.8565673828125,94.60101318359375,-11494.53125,3994.081787109375,-537.5513305664062,-11264.16796875,0.032160673290491104,-0.00461158063262701,20.20682144165039,-0.289419025182724,-0.013052549213171005,0.0033082449808716774,0.015117240138351917,-0.057654645293951035,-0.03899215906858444,0.0068545411340892315,-0.08868491649627686,-0.1075989231467247,-0.0834638848900795,0.6245322227478027,-0.22661538422107697,-0.08794611692428589,-0.2828623056411743,0.49968773126602173,-0.786725640296936,3.0,3.0,1.3539801836013794,3.0,3876.60498046875,4233.126953125,-3736.910400390625,-3917.78955078125,-227.74496459960938,-508.36328125,11.099868774414062,20.600902557373047,2.9090800285339355,-1.0729141235351562
9.064613342285156,-0.02944624423980713,0.0036584234330803156,20.21038055419922,-0.03192172944545746,0.022379208356142044,-0.035084068775177,19.358285903930664,33.5167236328125,69.67955780029297,95.1008529663086,-11855.556640625,4124.74658203125,-341.4044494628906,-11100.1669921875,0.022379208356142044,-0.005237894132733345,20.210405349731445,-0.29030588269233704,-0.014128538779914379,0.002473606262356043,0.021362561732530594,-0.05992079898715019,-0.03987162187695503,0.004025918431580067,-0.08660093694925308,-0.10636477172374725,-0.10218599438667297,0.3242604434490204,-0.13826969265937805,-0.1704595685005188,-0.24195052683353424,0.4384930431842804,-0.8980064392089844,3.0,3.0,1.3282663822174072,3.0,3885.4599609375,4281.80615234375,-3749.626953125,-3791.1337890625,-389.5003662109375,-648.7996215820312,-87.540771484375,56.370445251464844,0.9007797241210938,-1.4239158630371094
9.266716957092285,-0.029765460640192032,0.003882215591147542,20.213382720947266,-0.039220768958330154,0.014387207105755806,-0.03091627173125744,18.804725646972656,34.75362777709961,69.0068130493164,95.99578857421875,-12000.0,4220.25439453125,-97.4866714477539,-10913.0009765625,0.014387207105755806,-0.005822550039738417,20.213420867919922,-0.2911718785762787,-0.015192186459898949,0.0014517463278025389,0.024605166167020798,-0.06130349636077881,-0.041576217859983444,0.0016064131632447243,-0.08420905470848083,-0.10645121335983276,-0.10848163813352585,-0.03387615084648132,-0.010666176676750183,-0.2238219827413559,-0.1520683914422989,0.43194231390953064,-0.9786875247955322,3.0,3.0,1.22377347946167,3.0,3907.484130859375,4432.81201171875,-3792.865966796875,-4023.244140625,-422.976318359375,-621.8030395507812,-219.6218719482422,-3.68255615234375,1.232386589050293,-0.10863931477069855
9.468851089477539,-0.03015766851603985,0.004026087466627359,20.217113494873047,-0.042587194591760635,0.007994504645466805,-0.021001942455768585,18.050277709960938,35.885231018066406,68.45967102050781,96.9739761352539,-12000.0,4291.03369140625,98.45513153076172,-10797.3896484375,0.007994504645466805,-0.006132576148957014,20.2171573638916,-0.2920139729976654,-0.016256699338555336,0.00036692991852760315,0.024266405031085014,-0.06141015887260437,-0.043814439326524734,8.572929073125124e-05,-0.08120279014110565,-0.07720054686069489,-0.1158272996544838,-0.2872640788555145,0.0805269330739975,-0.21101795136928558,-0.04550402611494064,0.46665647625923157,-0.9888045191764832,3.0,3.0,1.137954592704773,3.0,4080.892578125,4376.46044921875,-3566.064453125,-4237.2978515625,-106.86846923828125,-682.0087890625,-22.776168823242188,222.59857177734375,3.627096176147461,-0.12478810548782349
9.671022415161133,-0.030583539977669716,0.004106032662093639,20.22195053100586,-0.04718884825706482,0.0009108600206673145,-0.011978660710155964,17.468318939208984,36.842830657958984,68.26296997070312,97.77122497558594,-12000.0,4168.56396484375,371.1792907714844,-10809.6376953125,0.0009108600206673145,-0.006439574062824249,20.22200584411621,-0.29282599687576294,-0.017028704285621643,-0.0007913430454209447,0.02139376476407051,-0.06060488894581795,-0.04592461884021759,-0.00036931096110492945,-0.07789205014705658,-0.035252515226602554,-0.11081923544406891,-0.33059757947921753,0.15342512726783752,-0.17523322999477386,0.0580037459731102,0.5172987580299377,-0.9972215294837952,3.0,3.0,1.1071830987930298,3.0,3845.200927734375,4526.21533203125,-3374.38134765625,-4149.72265625,-109.80171203613281,-753.1437377929688,-16.405120849609375,70.66783142089844,4.218999862670898,0.7522491216659546
9.873242378234863,-0.031055428087711334,0.004115141462534666,20.227418899536133,-0.05078793317079544,1.7049082089215517e-05,0.0034654056653380394,16.995014190673828,37.70573806762695,68.3602523803711,98.56417846679688,-12000.0,3942.15478515625,662.5404663085938,-10962.017578125,1.7049082089215517e-05,-0.006625982001423836,20.227481842041016,-0.29360491037368774,-0.017381228506565094,-0.0018995354184880853,0.01808778941631317,-0.0590706393122673,-0.04767695069313049,0.00021072645904496312,-0.07371862232685089,-0.02109430357813835,-0.09181059896945953,-0.19660307466983795,0.19802619516849518,-0.14066313207149506,0.14937898516654968,0.5521952509880066,-0.9468242526054382,3.0,3.0,1.1200902462005615,3.0,3992.126708984375,4451.91552734375,-3316.270751953125,-4167.2158203125,173.4438018798828,-651.035400390625,-160.60626220703125,10.692432403564453,1.3848323822021484,1.7500652074813843
10.075516700744629,-0.03156330808997154,0.004115311894565821,20.228744506835938,-0.05358429253101349,-0.0013987619895488024,0.01569211110472679,17.02219009399414,37.69589614868164,69.16224670410156,99.02626037597656,-12000.0,3831.4326171875,789.1754760742188,-11160.74609375,-0.0013987619895488024,-0.006764223333448172,20.22881507873535,-0.2943421006202698,-0.01759217120707035,-0.0028176414780318737,0.01612175814807415,-0.05709037929773331,-0.04908358305692673,0.0017045163549482822,-0.06785093247890472,0.01682136580348015,-0.060727011412382126,0.004515692591667175,0.15320979058742523,-0.07387559115886688,0.19782128930091858,0.5518360137939453,-0.8792948722839355,3.0,3.0,1.246733546257019,3.0,3810.533447265625,4222.9296875,-3614.767333984375,-4187.64892578125,119.75086975097656,-495.0684814453125,-62.32379150390625,-50.053985595703125,2.947938919067383,2.819732189178467
10.277804374694824,-0.032099150121212006,0.004101324360817671,20.229053497314453,-0.05139084905385971,0.003903465112671256,0.026105722412467003,17.19577407836914,37.467445373535156,70.18724060058594,99.32366943359375,-12000.0,3751.688720703125,844.0798950195312,-11489.046875,0.003903465112671256,-0.006641766522079706,20.22911834716797,-0.29502061009407043,-0.017423957586288452,-0.0034249115269631147,0.016166914254426956,-0.055558282881975174,-0.04982233792543411,0.0036827290896326303,-0.061444178223609924,0.03826965391635895,-0.0379098504781723,0.1364622265100479,0.054767899215221405,0.0038071274757385254,0.2304581254720688,0.5247199535369873,-0.8039608001708984,3.0,3.0,1.4063904285430908,3.0,3996.12353515625,4052.135498046875,-3696.907958984375,-4294.12939453125,456.80645751953125,-88.69808959960938,-183.7021942138672,202.7968292236328,1.540865421295166,2.2413206100463867
10.480094909667969,-0.032613057643175125,0.004140358883887529,20.229496002197266,-0.05021035298705101,0.008150635287165642,0.01973407343029976,17.836029052734375,36.88358688354492,71.498291015625,99.33709716796875,-12000.0,3683.585693359375,852.9816284179688,-11782.6474609375,0.008150635287165642,-0.0066223908215761185,20.229557037353516,-0.29563504457473755,-0.01704126037657261,-0.0038040101062506437,0.017531536519527435,-0.0550106056034565,-0.04978426545858383,0.005987310316413641,-0.05548291280865669,0.07734362781047821,-0.013045031577348709,0.15070758759975433,-0.03718937188386917,0.0642261803150177,0.22182974219322205,0.4952941834926605,-0.7313239574432373,3.0,3.0,1.6116087436676025,3.0,4004.875244140625,3928.98095703125,-3768.128662109375,-4086.429443359375,184.21615600585938,71.94692993164062,-51.56663513183594,7.041324615478516,3.246612071990967,2.501922845840454
10.682390213012695,-0.03311515972018242,0.004221865441650152,20.22886848449707,-0.05308333784341812,0.010321187786757946,0.018147360533475876,18.731393814086914,36.549781799316406,72.59370422363281,99.35929870605469,-11827.73828125,3533.299072265625,935.8318481445312,-12000.0,0.010321187786757946,-0.006845996715128422,20.22893714904785,-0.2961898744106293,-0.016267824918031693,-0.00393446022644639,0.01903861202299595,-0.05538249760866165,-0.04914200305938721,0.008205607533454895,-0.0499190054833889,0.10130617022514343,0.0035224556922912598,0.014058783650398254,-0.05110587552189827,0.06164349615573883,0.174532949924469,0.488877534866333,-0.6730055212974548,3.0,3.0,1.7842854261398315,3.0,3813.812255859375,3874.808349609375,-3822.776611328125,-3977.95751953125,8.496780395507812,-149.8426513671875,-262.05230712890625,-89.2795639038086,2.3297035694122314,1.708988904953003
10.884678840637207,-0.03364599496126175,0.004325077403336763,20.228334426879883,-0.05498390272259712,0.01509350910782814,0.02492940053343773,18.99827766418457,36.43196105957031,73.40774536132812,99.63372802734375,-11488.7265625,3320.359375,1059.8314208984375,-12000.0,0.01509350910782814,-0.0070432331413030624,20.228408813476562,-0.29668906331062317,-0.015254762955009937,-0.0038992357440292835,0.019179200753569603,-0.05589355528354645,-0.04852556809782982,0.009950936771929264,-0.04416029900312424,0.1073772981762886,0.025371726602315903,-0.20272831618785858,0.019062336534261703,-0.0002807639539241791,0.06541359424591064,0.5188965797424316,-0.645864725112915,3.0,3.0,1.9113119840621948,3.0,3685.52294921875,3973.94677734375,-3930.050537109375,-3824.28759765625,33.05796813964844,204.80984497070312,-434.5544128417969,-124.32319641113281,1.160759449005127,1.9656950235366821
11.08696174621582,-0.034195832908153534,0.004476012662053108,20.228734970092773,-0.055109959095716476,0.020519550889730453,0.02863328531384468,19.078487396240234,36.294246673583984,74.16114807128906,99.94865417480469,-11060.5390625,3108.631591796875,1056.51123046875,-12000.0,0.020519550889730453,-0.007200346328318119,20.228811264038086,-0.29713067412376404,-0.014180989935994148,-0.003645518561825156,0.01715191826224327,-0.05570293217897415,-0.04852837696671486,0.010605072602629662,-0.039796505123376846,0.15920794010162354,0.02948012948036194,-0.3874676823616028,0.10958357155323029,-0.044668566435575485,-0.04114874452352524,0.5878334641456604,-0.6519107222557068,3.0,3.0,2.027879476547241,3.0,3906.163330078125,4235.05126953125,-4042.204345703125,-4028.005615234375,-21.83502197265625,440.96502685546875,-387.2030334472656,-43.20439529418945,5.277744293212891,0.29166287183761597
11.289249420166016,-0.0347469337284565,0.004681208170950413,20.22808074951172,-0.058346718549728394,0.025225721299648285,0.029873915016651154,19.17534828186035,36.47124481201172,74.79273223876953,100.0,-10425.86328125,2562.932861328125,1222.46875,-12000.0,0.025225721299648285,-0.007565641775727272,20.228164672851562,-0.29752862453460693,-0.01258891075849533,-0.0033507172483950853,0.013277241960167885,-0.054607097059488297,-0.04897506162524223,0.01019358541816473,-0.0362267792224884,0.20243267714977264,0.030701689422130585,-0.5056180953979492,0.2734517455101013,-0.11018766462802887,-0.08850535750389099,0.6942325234413147,-0.678759753704071,3.0,3.0,2.126178503036499,3.0,3674.320068359375,4320.8974609375,-3878.8076171875,-4233.44921875,-147.90609741210938,238.86471557617188,-362.9634094238281,-278.26849365234375,4.66057014465332,-0.1576254814863205
11.491530418395996,-0.0353303998708725,0.004933465272188187,20.229230880737305,-0.05799300596117973,0.028756730258464813,0.04221852123737335,19.12677001953125,36.745758056640625,75.34756469726562,100.0,-9710.2060546875,1797.53759765625,1459.1920166015625,-12000.0,0.028756730258464813,-0.007800249382853508,20.22931480407715,-0.29789090156555176,-0.010564584285020828,-0.003043700475245714,0.00822106096893549,-0.051872581243515015,-0.050076939165592194,0.009308531880378723,-0.032470885664224625,0.20253892242908478,0.029426274821162224,-0.5263192653656006,0.4625767469406128,-0.17749126255512238,-0.06569719314575195,0.837740421295166,-0.7072325944900513,3.0,3.0,2.2117207050323486,3.0,3588.6650390625,4526.8203125,-3932.43115234375,-3980.093994140625,87.08187866210938,409.1377868652344,-64.20724487304688,-358.54998779296875,0.7611377835273743,-0.5046252012252808
11.693822860717773,-0.03591033071279526,0.005221032537519932,20.23261070251465,-0.05595894157886505,0.03533220291137695,0.0517367422580719,18.89120101928711,37.05305862426758,75.8216552734375,100.0,-9128.48828125,1055.364990234375,1570.324462890625,-12000.0,0.03533220291137695,-0.007986805401742458,20.23268699645996,-0.2982155978679657,-0.00853919517248869,-0.0027494376990944147,0.0029578683897852898,-0.04724681377410889,-0.051851850003004074,0.008651560172438622,-0.028335001319646835,0.13748429715633392,0.016910651698708534,-0.41320449113845825,0.5546358227729797,-0.17637884616851807,-0.007214013487100601,0.9934687614440918,-0.7216397523880005,3.0,3.0,2.281816244125366,3.0,3869.248291015625,4374.291015625,-3888.718505859375,-3757.222900390625,347.1019287109375,412.40887451171875,-156.2657470703125,-236.28945922851562,-5.5720648765563965,-1.4306721687316895
11.896148681640625,-0.036469921469688416,0.005574354436248541,20.236202239990234,-0.05223766714334488,0.042690493166446686,0.06052994728088379,18.987760543823242,36.852516174316406,75.879150390625,100.0,-8994.8857421875,601.4354858398438,1459.1866455078125,-12000.0,0.042690493166446686,-0.008155745454132557,20.236268997192383,-0.2984989583492279,-0.007164352107793093,-0.0025803311727941036,-0.0011741765774786472,-0.04170045629143715,-0.05361563712358475,0.008579419925808907,-0.02482067421078682,0.05828525125980377,0.02062622830271721,-0.11827123165130615,0.4363272190093994,-0.058045729994773865,0.02954428642988205,0.8981846570968628,-0.7199451327323914,3.0,3.0,2.28566312789917,3.0,3724.122314453125,4452.11474609375,-3949.73681640625,-3589.78173828125,545.8667602539062,533.8356323242188,-13.971649169921875,-402.3590393066406,-7.995471000671387,0.21459640562534332
12.0985107421875,-0.03699229657649994,0.006001259200274944,20.23756217956543,-0.04909242317080498,0.04495660588145256,0.05354905501008034,19.947359085083008,35.823272705078125,76.9527587890625,100.0,-9120.4775390625,708.024658203125,1115.97900390625,-12000.0,0.04495660588145256,-0.008427061140537262,20.23762321472168,-0.29874715209007263,-0.006581499706953764,-0.002374068833887577,-0.0023568887263536453,-0.03733718395233154,-0.05419609323143959,0.0088748624548316,-0.020575668662786484,0.00892031192779541,0.02282426692545414,0.22388392686843872,0.0617411732673645,0.1632828265428543,0.03148346766829491,0.9639028310775757,-0.7064875960350037,3.0,3.0,2.4533660411834717,3.0,3766.364990234375,4430.92041015625,-4162.0185546875,-3792.85546875,288.286376953125,415.56402587890625,193.43556213378906,-333.14410400390625,-6.529174327850342,0.5390556454658508
12.300886154174805,-0.03748321905732155,0.006450825370848179,20.2393741607666,-0.04453052952885628,0.051019906997680664,0.058432649821043015,20.439973831176758,35.04816818237305,76.40121459960938,99.46354675292969,-9423.953125,996.4036254882812,763.0020751953125,-12000.0,0.051019906997680664,-0.008651014417409897,20.239421844482422,-0.2989529073238373,-0.006492296699434519,-0.002145826118066907,-0.00011804956011474133,-0.03671977296471596,-0.05256326496601105,0.009189696982502937,-0.016650592908263206,-0.06160864979028702,0.019936831668019295,0.45901235938072205,-0.351947546005249,0.3577839136123657,0.009143950417637825,0.8442250490188599,-0.6868933439254761,3.0,3.0,2.362788677215576,3.0,3771.7490234375,4537.873046875,-4096.27294921875,-3888.875,428.6632080078125,615.749755859375,102.076904296875,-332.6944274902344,-8.325626373291016,0.2956157624721527
12.503279685974121,-0.03792852535843849,0.0069610243663191795,20.23981475830078,-0.040339983999729156,0.052949756383895874,0.042948126792907715,21.19244956970215,33.72559356689453,76.75868225097656,98.82722473144531,-9870.6962890625,1604.962890625,327.0358581542969,-12000.0,0.052949756383895874,-0.008954123593866825,20.239856719970703,-0.29911941289901733,-0.007108383346349001,-0.0019464577781036496,0.004472074098885059,-0.04023924842476845,-0.048985425382852554,0.009281136095523834,-0.014073841273784637,-0.10916531085968018,0.021091219037771225,0.531222939491272,-0.6607224345207214,0.4582218527793884,-0.03130703419446945,0.6847679018974304,-0.668602705001831,3.0,3.0,2.4182212352752686,3.0,3674.100830078125,4433.8095703125,-4138.24853515625,-3887.19189453125,439.50213623046875,330.2218017578125,164.09242248535156,-183.7176513671875,-5.6924285888671875,0.6362350583076477
12.70567798614502,-0.03833192586898804,0.007490521762520075,20.240690231323242,-0.03866930305957794,0.04966713488101959,0.0293238777667284,22.144123077392578,32.7342529296875,76.6474838256836,98.23997497558594,-10350.2451171875,2406.65185546875,-55.474876403808594,-12000.0,0.04966713488101959,-0.009400992654263973,20.240726470947266,-0.29926013946533203,-0.008200036361813545,-0.0017355455784127116,0.009784303605556488,-0.04684647172689438,-0.044403206557035446,0.008968065492808819,-0.01302199624478817,-0.12941575050354004,0.012179063633084297,0.4387172758579254,-0.7681506872177124,0.417743980884552,-0.061326779425144196,0.6018809676170349,-0.6581592559814453,3.0,3.0,2.4018759727478027,3.0,3735.065673828125,4378.18994140625,-4095.5634765625,-3862.15234375,123.85026550292969,68.47958374023438,74.11863708496094,41.909629821777344,-2.2345619201660156,-0.4870359003543854
12.908084869384766,-0.03871861845254898,0.007987192831933498,20.2428035736084,-0.033349424600601196,0.04754093661904335,0.022539176046848297,22.35181999206543,32.446815490722656,75.87733459472656,97.93892669677734,-10811.4248046875,3131.911865234375,-258.65667724609375,-12000.0,0.04754093661904335,-0.009634662419557571,20.24283218383789,-0.29939034581184387,-0.009494193829596043,-0.00161375489551574,0.014171476475894451,-0.05452797934412956,-0.040225766599178314,0.008354797959327698,-0.01372035313397646,-0.15466231107711792,-0.01021650806069374,0.26057130098342896,-0.629334032535553,0.23034922778606415,-0.06738949567079544,0.572111964225769,-0.6612817049026489,3.0,3.0,2.2803046703338623,3.0,3790.89794921875,4573.07666015625,-3877.16015625,-4108.333984375,245.7385711669922,245.1974639892578,340.0335693359375,110.45980834960938,-1.4307422637939453,-2.1303188800811768
13.110512733459473,-0.03905211389064789,0.008462602272629738,20.244592666625977,-0.030520044267177582,0.04218258708715439,0.006998377852141857,22.389148712158203,32.53392028808594,74.96578979492188,97.71821594238281,-11332.244140625,3723.622802734375,-342.89520263671875,-12000.0,0.04218258708715439,-0.009970166720449924,20.244617462158203,-0.2995275557041168,-0.011040817014873028,-0.0017159199342131615,0.016777189448475838,-0.06082132086157799,-0.03792227432131767,0.007680903188884258,-0.016488565132021904,-0.10923901200294495,-0.04127521812915802,0.13481739163398743,-0.3327329754829407,-0.01823289692401886,-0.06035073101520538,0.5613515973091125,-0.680781364440918,3.0,3.0,2.1380972862243652,3.0,3943.24462890625,4669.21533203125,-4113.89501953125,-4180.1533203125,283.24468994140625,-178.68011474609375,516.610595703125,-116.06549835205078,5.421106338500977,-3.339939832687378
13.312958717346191,-0.03935731574892998,0.008884428068995476,20.243183135986328,-0.027289632707834244,0.03242449089884758,-0.00046369852498173714,22.48175811767578,33.236656188964844,74.10420227050781,97.69258117675781,-11676.2568359375,3891.779541015625,-48.81656265258789,-12000.0,0.03242449089884758,-0.010232517495751381,20.243202209472656,-0.29969245195388794,-0.01213320717215538,-0.0021286720875650644,0.018125362694263458,-0.06414864957332611,-0.03810460492968559,0.007077395915985107,-0.01914898306131363,-0.03765495866537094,-0.08355774730443954,0.057742439210414886,0.0607093870639801,-0.30347907543182373,-0.03477440029382706,0.5487407445907593,-0.7111449837684631,3.0,3.0,2.0073673725128174,3.0,3789.6396484375,4535.83544921875,-4355.1171875,-4214.23974609375,290.5531005859375,-357.5406494140625,637.8055419921875,2.2250595092773438,8.021468162536621,-4.655738353729248
13.515390396118164,-0.039630211889743805,0.009208672679960728,20.241418838500977,-0.021708745509386063,0.025835147127509117,-0.006420352961868048,22.17841148376465,34.47093200683594,73.52597045898438,97.99703216552734,-11878.2431640625,3598.697021484375,590.8421630859375,-12000.0,0.025835147127509117,-0.010281164199113846,20.241430282592773,-0.2998839318752289,-0.012509756721556187,-0.0029642495792359114,0.018702786415815353,-0.06354155391454697,-0.0411393940448761,0.0067296517081558704,-0.020440392196178436,0.025019511580467224,-0.09736888855695724,0.022646065801382065,0.4518475830554962,-0.5716502666473389,-0.005921347066760063,0.5223649740219116,-0.7434280514717102,3.0,3.0,1.9199645519256592,3.0,3879.681884765625,4301.7958984375,-4306.55126953125,-4177.2158203125,404.26251220703125,-164.62527465820312,752.7454833984375,-11.610137939453125,7.302233695983887,-2.2108540534973145
13.717804908752441,-0.039847299456596375,0.009467024356126785,20.24112319946289,-0.01720721647143364,0.015719346702098846,-0.01844877563416958,22.417739868164062,35.562374114990234,73.76869201660156,98.41815948486328,-11896.962890625,3136.832763671875,1236.5264892578125,-12000.0,0.015719346702098846,-0.010317135602235794,20.241130828857422,-0.3000883460044861,-0.012259561568498611,-0.003937938250601292,0.018929246813058853,-0.05902307853102684,-0.04685589671134949,0.006670438218861818,-0.019697442650794983,0.1190561056137085,-0.11058415472507477,-0.01933928206562996,0.6608158349990845,-0.6842620372772217,0.022325098514556885,0.48431289196014404,-0.7675209641456604,3.0,3.0,1.9626275300979614,3.0,4029.2978515625,4059.752685546875,-4164.54833984375,-3969.65283203125,204.08383178710938,-366.82666015625,828.7682495117188,119.55152130126953,9.36031436920166,-1.6825937032699585
13.92021656036377,-0.04001937061548233,0.009624217636883259,20.242231369018555,-0.015355379320681095,0.005956650711596012,-0.024335457012057304,22.64955711364746,36.951568603515625,74.16900634765625,99.03971862792969,-11664.6123046875,2368.77099609375,2056.500244140625,-12000.0,0.005956650711596012,-0.010382798500359058,20.242237091064453,-0.30028530955314636,-0.011069000698626041,-0.0050437794998288155,0.01873585395514965,-0.052414920181035995,-0.05369851738214493,0.006893689278513193,-0.01651613786816597,0.13792715966701508,-0.11397913098335266,-0.11774712800979614,0.7036261558532715,-0.6624816656112671,0.046147119253873825,0.45060405135154724,-0.7803024649620056,3.0,3.0,2.0293073654174805,3.0,4050.719970703125,4240.13427734375,-4202.61962890625,-3890.221435546875,333.34771728515625,-631.7257080078125,721.2445678710938,-103.13907623291016,2.0031774044036865,-0.253690242767334
14.122638702392578,-0.04017292335629463,0.00968378409743309,20.24445915222168,-0.01196332462131977,-0.004010183736681938,-0.023048080503940582,22.63587188720703,38.16203689575195,74.5901870727539,99.85336303710938,-11525.9228515625,1714.4671630859375,2704.565673828125,-12000.0,-0.004010183736681938,-0.010274727828800678,20.244461059570312,-0.30045047402381897,-0.00968972872942686,-0.006183570716530085,0.0175583828240633,-0.045378658920526505,-0.060323335230350494,0.007355160545557737,-0.012756915763020515,0.12991204857826233,-0.10098064690828323,-0.16868144273757935,0.5412623882293701,-0.4810103178024292,0.04246187210083008,0.4343837797641754,-0.7856665849685669,3.0,3.0,2.0987093448638916,3.0,4135.3759765625,4010.6943359375,-4000.135009765625,-3748.5009765625,387.79632568359375,-669.7376708984375,731.1293334960938,132.9857177734375,-1.4538474082946777,1.7103314399719238
14.32508373260498,-0.04029255732893944,0.009643682278692722,20.24717903137207,-0.010373542085289955,-0.013213432393968105,-0.0240651722997427,22.48712158203125,39.215213775634766,74.901611328125,100.0,-11452.2958984375,1308.5733642578125,3107.783935546875,-12000.0,-0.013213432393968105,-0.010156027041375637,20.247180938720703,-0.3005780577659607,-0.008390608243644238,-0.007193377241492271,0.015871567651629448,-0.03996603563427925,-0.06513343751430511,0.007779779378324747,-0.009075112640857697,0.0750989317893982,-0.0882362648844719,-0.1397666484117508,0.22703486680984497,-0.18810883164405823,0.01946832984685898,0.4415419399738312,-0.7871415019035339,3.0,3.0,2.150233268737793,3.0,4221.44580078125,4014.57861328125,-4061.9404296875,-3693.15673828125,175.16796875,-559.5437622070312,671.1361694335938,-21.873641967773438,-6.584197998046875,2.018784999847412
14.527555465698242,-0.04039629176259041,0.009511548094451427,20.246196746826172,-0.006239969749003649,-0.018506674095988274,-0.017549091950058937,22.1551513671875,39.924442291259766,74.56861877441406,100.0,-11640.0673828125,1274.1285400390625,3235.665283203125,-12000.0,-0.018506674095988274,-0.009819752536714077,20.246198654174805,-0.3006688058376312,-0.007639619056135416,-0.008075740188360214,0.014473901130259037,-0.037695687264204025,-0.06701452285051346,0.00797446258366108,-0.006323562003672123,-0.0346309095621109,-0.0597454309463501,0.015723586082458496,-0.14554020762443542,0.12755870819091797,-0.01961570978164673,0.45327526330947876,-0.7881214022636414,3.0,3.0,2.1002914905548096,3.0,3974.2138671875,4096.53564453125,-4265.3466796875,-3971.82568359375,406.27703857421875,-258.1578369140625,564.5881958007812,-1.7901649475097656,-12.060587882995605,3.4107825756073
14.73001766204834,-0.040458690375089645,0.009326481260359287,20.248865127563477,0.0006685839034616947,-0.026632994413375854,-0.018764786422252655,21.771690368652344,39.894832611083984,73.87290954589844,100.0,-12000.0,1857.9656982421875,2898.429931640625,-12000.0,-0.026632994413375854,-0.009293463081121445,20.248865127563477,-0.3007320463657379,-0.00798592809587717,-0.008673194795846939,0.014631137251853943,-0.039151087403297424,-0.06573893874883652,0.007778305560350418,-0.0038373807910829782,-0.1234317198395729,-0.04361201077699661,0.23947979509830475,-0.5462709069252014,0.4349673390388489,-0.060385920107364655,0.44944655895233154,-0.7901091575622559,3.0,3.0,1.991997241973877,3.0,4143.90625,4217.20458984375,-4121.0439453125,-3759.97314453125,292.6163330078125,-75.43082427978516,745.8138427734375,219.01272583007812,-10.572297096252441,2.289785861968994
14.932506561279297,-0.040452003479003906,0.009060150943696499,20.250059127807617,0.005715209059417248,-0.035404425114393234,-0.02260434813797474,21.351030349731445,39.86323928833008,72.5585708618164,100.0,-12000.0,2763.155517578125,2420.673095703125,-11853.6552734375,-0.035404425114393234,-0.008777919225394726,20.250059127807617,-0.30077043175697327,-0.0092202452942729,-0.009109314531087875,0.017025934532284737,-0.0446137972176075,-0.061389267444610596,0.007174446247518063,0.0031047004740685225,-0.20705655217170715,-0.034860361367464066,0.3097756803035736,-0.82689368724823,0.6099992394447327,-0.11674057692289352,0.4484623372554779,-0.8003937602043152,3.0,3.0,1.7869396209716797,3.0,4198.6025390625,4393.8857421875,-4367.3125,-4007.72216796875,248.17050170898438,-199.86712646484375,698.8689575195312,106.83299255371094,-9.348421096801758,1.5109896659851074
15.13500690460205,-0.040394850075244904,0.008706106804311275,20.249799728393555,0.009347244165837765,-0.03796885907649994,-0.020565835759043694,20.522789001464844,39.88296890258789,70.76813507080078,100.0,-12000.0,3778.876220703125,1820.9161376953125,-11458.1748046875,-0.03796885907649994,-0.008244509808719158,20.24980354309082,-0.3007393777370453,-0.011290811002254486,-0.009457917883992195,0.020123690366744995,-0.052882734686136246,-0.05528927594423294,0.00600704038515687,0.014261698350310326,-0.3002699315547943,-0.042272016406059265,0.2285720705986023,-0.8871166110038757,0.617832601070404,-0.21564750373363495,0.4632694125175476,-0.8405063152313232,3.0,3.0,1.504658579826355,3.0,4143.2490234375,4130.24853515625,-4307.1240234375,-4007.20361328125,298.9073486328125,-67.33146667480469,409.20166015625,-32.1204719543457,-8.91364860534668,-0.34101390838623047
15.337505340576172,-0.040301378816366196,0.008326418697834015,20.249032974243164,0.0127487787976861,-0.0386776439845562,-0.022773703560233116,19.646507263183594,39.78744125366211,68.77981567382812,100.0,-12000.0,4785.05712890625,1101.1246337890625,-10861.8447265625,-0.0386776439845562,-0.007696819957345724,20.24903678894043,-0.30059677362442017,-0.014293510466814041,-0.009880637750029564,0.022409411147236824,-0.06175389885902405,-0.04911094903945923,0.003850565291941166,0.028506426140666008,-0.37640365958213806,-0.045776672661304474,0.08763591945171356,-0.7347816228866577,0.5104749798774719,-0.3562037944793701,0.4892878234386444,-0.9492465853691101,3.0,3.0,1.1905497312545776,3.0,4287.705078125,4003.43408203125,-4208.4599609375,-4213.451171875,448.96551513671875,-282.0589904785156,233.25775146484375,166.07424926757812,-6.42973518371582,-0.49577951431274414
15.539995193481445,-0.04017389193177223,0.007939642295241356,20.24945831298828,0.01442827470600605,-0.03976783528923988,-0.02769828774034977,18.928739547729492,39.966793060302734,66.67156982421875,99.74020385742188,-12000.0,5737.458984375,242.51300048828125,-10153.65625,-0.03976783528923988,-0.007227115798741579,20.249462127685547,-0.30031171441078186,-0.018057547509670258,-0.010338404215872288,0.023285770788788795,-0.0691017135977745,-0.04400619864463806,0.0002885274589061737,0.04488628730177879,-0.3728145658969879,-0.05646505206823349,-0.027419865131378174,-0.48092004656791687,0.39305442571640015,-0.4826136827468872,0.5181036591529846,-0.849915623664856,3.0,3.0,0.8570483326911926,3.0,4237.76318359375,4158.06787109375,-3904.325439453125,-4415.71923828125,456.7620544433594,-547.187744140625,332.8116760253906,17.0518798828125,1.1106815338134766,-1.3944387435913086
15.7424898147583,-0.040029607713222504,0.007541963830590248,20.252178192138672,0.013475137762725353,-0.03823792561888695,-0.015101520344614983,18.91353416442871,39.784454345703125,65.24427795410156,99.03164672851562,-12000.0,6325.2294921875,-340.687744140625,-9724.6845703125,-0.03823792561888695,-0.006876596715301275,20.252182006835938,-0.2998628616333008,-0.021785693243145943,-0.010903054848313332,0.023011572659015656,-0.0739109143614769,-0.04007565602660179,-0.004537609405815601,0.061883345246315,-0.29675349593162537,-0.06857132911682129,-0.07721258699893951,-0.16464635729789734,0.24268853664398193,-0.45731157064437866,0.5402155518531799,-0.6552600860595703,3.0,3.0,0.6292683482170105,3.0,4295.4580078125,4226.78173828125,-3647.470703125,-4394.00439453125,275.48541259765625,-496.2688293457031,235.43206787109375,-209.0274658203125,8.213640213012695,-1.6001077890396118
15.945011138916016,-0.03989485651254654,0.007159584667533636,20.25604248046875,0.013959317468106747,-0.034767910838127136,-0.00029923851252533495,19.245418548583984,39.560569763183594,65.34379577636719,98.71446228027344,-12000.0,6409.6220703125,-531.7928466796875,-9718.76171875,-0.034767910838127136,-0.006470441352576017,20.256046295166016,-0.2992440164089203,-0.024753227829933167,-0.011588768102228642,0.02223944664001465,-0.07555738091468811,-0.037648770958185196,-0.009110724553465843,0.07820044457912445,-0.16273801028728485,-0.09846575558185577,-0.06910967826843262,0.1812596321105957,0.03197130560874939,-0.20684128999710083,0.5470947027206421,-0.5564049482345581,3.0,3.0,0.6414937973022461,3.0,4141.908203125,4315.45751953125,-3570.84375,-4199.54541015625,545.072021484375,-422.24053955078125,87.86787414550781,-151.3574676513672,14.15457534790039,-3.114877939224243
16.147571563720703,-0.039755262434482574,0.006811905652284622,20.25944709777832,0.015094740316271782,-0.03108007274568081,-0.001615262241102755,19.684986114501953,40.13118362426758,66.4048080444336,98.93405151367188,-12000.0,5833.3017578125,-227.4098358154297,-9949.791015625,-0.03108007274568081,-0.0060668340884149075,20.25945281982422,-0.29846200346946716,-0.02638060785830021,-0.0125734256580472,0.021548349410295486,-0.07374478131532669,-0.0373290590941906,-0.011179137974977493,0.09374465048313141,-0.06423591077327728,-0.11963629722595215,-0.02915874868631363,0.5603922009468079,-0.2617121636867523,0.16768747568130493,0.5305533409118652,-0.5967974066734314,3.0,3.0,0.8057786822319031,3.0,4349.0751953125,4243.1689453125,-3868.16650390625,-4120.1376953125,451.1213073730469,-231.6763153076172,-71.68392944335938,28.582847595214844,11.532461166381836,-2.394556760787964
16.35016632080078,-0.0396043136715889,0.006501105148345232,20.26338005065918,0.012699303217232227,-0.02618648298084736,-0.01296251267194748,20.324596405029297,41.20366668701172,67.61250305175781,99.46186065673828,-12000.0,5015.044921875,226.72802734375,-10146.669921875,-0.02618648298084736,-0.005874392576515675,20.263381958007812,-0.2975245714187622,-0.027022967115044594,-0.013769788667559624,0.021256761625409126,-0.06814085692167282,-0.03994617983698845,-0.009502263739705086,0.10952088236808777,0.015732869505882263,-0.14032360911369324,0.017877381294965744,0.8133741617202759,-0.5049101710319519,0.4506009817123413,0.48722317814826965,-0.7543812394142151,3.0,3.0,0.9925917387008667,3.0,4444.13720703125,4357.146484375,-4000.849853515625,-4109.0361328125,484.8411865234375,-454.51861572265625,-283.00946044921875,-175.96151733398438,9.425809860229492,-2.2507967948913574
16.552799224853516,-0.03947732225060463,0.006239240523427725,20.264890670776367,0.007395419757813215,-0.026242710649967194,-0.025584237650036812,21.028440475463867,42.46778106689453,68.76312255859375,100.0,-12000.0,4079.533935546875,751.085205078125,-10247.1259765625,-0.026242710649967194,-0.005874302703887224,20.264890670776367,-0.2964293658733368,-0.0268656387925148,-0.015173024497926235,0.021435534581542015,-0.06000711768865585,-0.04499528184533119,-0.004996254108846188,0.1247674897313118,0.10294537246227264,-0.15209384262561798,0.04889300465583801,0.8597671985626221,-0.600989580154419,0.49542444944381714,0.42139294743537903,-0.9495671987533569,3.0,3.0,1.1736377477645874,3.0,4491.99560546875,4413.03271484375,-4305.09326171875,-4340.12744140625,256.1839904785156,-758.3994750976562,-41.81480407714844,-391.1089172363281,8.69700813293457,-1.2568979263305664
16.755447387695312,-0.039403367787599564,0.00597681337967515,20.266033172607422,0.0003627454861998558,-0.030706090852618217,-0.032636258751153946,21.427865982055664,43.923851013183594,69.79718780517578,100.0,-12000.0,3054.298583984375,1370.220947265625,-10378.2265625,-0.030706090852618217,-0.005958914291113615,20.266033172607422,-0.2951816916465759,-0.02583618462085724,-0.0166939627379179,0.021924464032053947,-0.05140944570302963,-0.051005177199840546,-4.20096330344677e-05,0.1366674304008484,0.14806146919727325,-0.12920711934566498,0.04261675849556923,0.7423748970031738,-0.5504470467567444,0.33658501505851746,0.346585750579834,-0.9138301014900208,3.0,2.7787811756134033,1.3383097648620605,3.0,4668.59716796875,4462.556640625,-4432.39306640625,-4505.3095703125,-45.24345397949219,-921.9133911132812,108.69276428222656,-380.671875,3.598106861114502,2.0573275089263916
16.958106994628906,-0.03939973935484886,0.005669752601534128,20.268953323364258,-0.004408304113894701,-0.03328518569469452,-0.020062891766428947,21.932756423950195,44.603755950927734,71.07292175292969,100.0,-12000.0,2292.571044921875,1902.3651123046875,-10736.51953125,-0.03328518569469452,-0.005887242965400219,20.268953323364258,-0.293815016746521,-0.0243555698543787,-0.017986033111810684,0.022350631654262543,-0.043985698372125626,-0.05650964751839638,0.003323840443044901,0.14254528284072876,0.12495845556259155,-0.09236812591552734,0.0017969347536563873,0.4643094837665558,-0.3608650267124176,0.145402729511261,0.2885317802429199,-0.8612501621246338,3.0,2.6671149730682373,1.5394372940063477,3.0,4823.5732421875,4573.70458984375,-4374.6728515625,-4514.017578125,-40.75379180908203,-646.4852294921875,318.9757995605469,-480.458984375,-3.3385467529296875,3.7688424587249756
17.160797119140625,-0.03944382071495056,0.00533690070733428,20.27135467529297,-0.008561291731894016,-0.03217526152729988,-0.01393229328095913,22.095191955566406,44.94553756713867,72.3363037109375,100.0,-12000.0,2035.7374267578125,2165.474853515625,-11035.998046875,-0.03217526152729988,-0.005759235005825758,20.2713565826416,-0.29238957166671753,-0.023105984553694725,-0.018909715116024017,0.022368600592017174,-0.03934260457754135,-0.06011829897761345,0.004777867812663317,0.14332053065299988,0.11736663430929184,-0.04339627921581268,-0.035540588200092316,0.05307281017303467,-0.06702020764350891,-0.0014777183532714844,0.27589598298072815,-0.8541993498802185,3.0,2.6122641563415527,1.7373071908950806,3.0,4618.59912109375,4461.7392578125,-4298.45263671875,-4363.6328125,244.23870849609375,-606.95556640625,46.576087951660156,-423.1545104980469,-2.4502227306365967,5.319206237792969
17.363510131835938,-0.03952943533658981,0.005015148315578699,20.2725830078125,0.009077963419258595,-0.0028434377163648605,0.10522609204053879,20.06470489501953,45.420780181884766,73.0057601928711,100.0,-12000.0,1954.930419921875,2653.030029296875,-11749.515625,-0.0028434377163648605,-0.004567353054881096,20.272584915161133,-0.29095637798309326,-0.021932318806648254,-0.019343677908182144,0.022013194859027863,-0.038811877369880676,-0.06078850105404854,0.004763090517371893,0.13891644775867462,0.09287018328905106,0.012274503707885742,-0.0637141764163971,-0.29279425740242004,0.12183982133865356,0.06251716613769531,0.31134480237960815,-0.8392801284790039,3.0,2.706399440765381,1.829350233078003,3.0,4666.5986328125,4158.77490234375,-4060.256103515625,-4510.1767578125,1468.25048828125,1593.89794921875,152.1425323486328,-142.5316162109375,-2.459707498550415,6.0235595703125
17.56623649597168,-0.03943865746259689,0.004986714106053114,20.269094467163086,0.03304002061486244,0.038165681064128876,0.15849730372428894,17.608108520507812,44.963626861572266,77.30070495605469,100.0,-12000.0,1886.6588134765625,2981.92919921875,-12000.0,0.038165681064128876,-0.003356646979227662,20.269121170043945,-0.2895672023296356,-0.021003616973757744,-0.019220933318138123,0.021376052871346474,-0.041739821434020996,-0.059570103883743286,0.005388262216001749,0.1329377442598343,0.11083021759986877,0.06436203420162201,-0.07158954441547394,-0.41868048906326294,0.17598414421081543,0.16632960736751556,0.3658115863800049,-0.7954647541046143,3.0,2.9430205821990967,2.4903392791748047,3.0,4286.6416015625,3724.68115234375,-3956.643310546875,-4615.60107421875,2079.64892578125,2198.915283203125,115.08396911621094,-191.48899841308594,2.511378288269043,5.203652381896973
17.7689266204834,-0.03910825774073601,0.005368371028453112,20.263277053833008,0.06300866603851318,0.08545686304569244,0.20559300482273102,17.415550231933594,44.00503158569336,80.84256744384766,100.0,-12000.0,1569.700439453125,3303.457275390625,-12000.0,0.08545686304569244,-0.002258880762383342,20.26337432861328,-0.2882378101348877,-0.019895315170288086,-0.01857731305062771,0.0206601582467556,-0.04592662677168846,-0.057810261845588684,0.00705155823379755,0.1267145276069641,0.1634739339351654,0.1215188205242157,-0.07225324213504791,-0.2321397215127945,0.08508159220218658,0.20815178751945496,0.4064178764820099,-0.7381556630134583,3.0,3.0,3.0,3.0,4022.212890625,3252.245849609375,-3802.071044921875,-4433.7021484375,2601.726806640625,2556.714111328125,178.758056640625,-64.26924133300781,6.707764625549316,4.778782844543457
17.971559524536133,-0.038478169590234756,0.00622293958440423,20.254451751708984,0.09854213148355484,0.13755425810813904,0.24308525025844574,18.378459930419922,42.94661331176758,84.7618408203125,100.0,-11063.779296875,933.9117431640625,3616.747802734375,-12000.0,0.13755425810813904,-0.0013577690115198493,20.25469207763672,-0.28697067499160767,-0.018260575830936432,-0.01736212521791458,0.019937625154852867,-0.04824802279472351,-0.056959446519613266,0.009133076295256615,0.12520118057727814,0.22907495498657227,0.18167456984519958,-0.3172481060028076,0.18447841703891754,-0.08304579555988312,0.19361332058906555,0.45490434765815735,-0.689436137676239,3.0,3.0,3.0,3.0,3576.90625,2698.829345703125,-3523.776611328125,-4233.21240234375,2872.261962890625,3033.345458984375,207.6658935546875,150.87701416015625,9.206883430480957,4.739660739898682
18.174104690551758,-0.037492748349905014,0.007598482072353363,20.24318504333496,0.1387563794851303,0.19605238735675812,0.2815425395965576,19.47281265258789,41.85856246948242,88.18220520019531,100.0,-9295.642578125,-33.186973571777344,3856.54736328125,-12000.0,0.19605238735675812,-0.0007441160851158202,20.243661880493164,-0.2857186496257782,-0.01596982590854168,-0.015545379370450974,0.01676514372229576,-0.04640324041247368,-0.05778990313410759,0.011069209314882755,0.1296008676290512,0.30076131224632263,0.22233255207538605,-0.8397611975669861,0.6436606645584106,-0.21469487249851227,0.15115737915039062,0.5977560877799988,-0.6591514348983765,3.0,3.0,3.0,3.0,3555.525146484375,2140.725830078125,-3642.64990234375,-3951.83935546875,3326.068359375,3362.010986328125,126.54412078857422,288.43841552734375,10.652626037597656,3.267263650894165
18.376537322998047,-0.036105185747146606,0.009559005498886108,20.229089736938477,0.17822308838367462,0.2608283460140228,0.3195209205150604,20.46160316467285,40.857452392578125,90.68193054199219,100.0,-7066.14013671875,-1392.3089599609375,4048.05712890625,-12000.0,0.2608283460140228,-0.000748995749745518,20.229875564575195,-0.2844226360321045,-0.012962212786078453,-0.013322053477168083,0.008367531932890415,-0.0399666354060173,-0.059936851263046265,0.012580783106386662,0.13757149875164032,0.34991714358329773,0.2366982102394104,-1.4109690189361572,1.002073884010315,-0.24836957454681396,0.10642392933368683,0.8722236156463623,-0.6440751552581787,3.0,3.0,3.0,3.0,3172.167724609375,1632.62451171875,-3456.5234375,-3736.068115234375,3559.51123046875,3441.564697265625,-57.9200439453125,53.56340026855469,8.57629108428955,1.2547332048416138
18.578828811645508,-0.03432295471429825,0.012167288921773434,20.210973739624023,0.2198057770729065,0.325102835893631,0.36543047428131104,21.612220764160156,39.752140045166016,91.92652893066406,100.0,-4819.5380859375,-2957.864501953125,4117.50634765625,-12000.0,0.325102835893631,-0.0012921513989567757,20.212169647216797,-0.2830469310283661,-0.009463041089475155,-0.010955071076750755,-0.005742157809436321,-0.029945896938443184,-0.062420547008514404,0.013645022176206112,0.1461777538061142,0.40697944164276123,0.23862047493457794,-1.7018256187438965,1.151113748550415,-0.16279232501983643,0.06935041397809982,0.070487380027771,-0.635888397693634,3.0,3.0,3.0,3.0,2759.16455078125,1352.6424560546875,-3662.775146484375,-3531.70849609375,3713.93115234375,3608.89404296875,-188.21493530273438,260.0602722167969,7.963369846343994,0.23770183324813843
18.78093910217285,-0.032124895602464676,0.015418317168951035,20.182397842407227,0.26727136969566345,0.39917710423469543,0.44704413414001465,28.275625228881836,38.280052185058594,96.47361755371094,100.0,-2921.534912109375,-4793.751953125,4694.70458984375,-12000.0,0.39917710423469543,-0.0021762950345873833,20.184165954589844,-0.281585156917572,-0.005393246654421091,-0.008568866178393364,-0.022760413587093353,-0.018434759229421616,-0.06404846906661987,0.01433852594345808,0.1562158167362213,0.42858195304870605,0.25339260697364807,-1.5277961492538452,1.1350631713867188,-0.14201997220516205,0.05592859536409378,-0.5504470467567444,-0.6304572224617004,3.0,3.0,3.0,3.0,1763.5460205078125,636.758544921875,-3761.62353515625,-3522.702392578125,4498.228515625,4088.59130859375,-157.42404174804688,43.14643859863281,3.7355403900146484,0.8502613306045532
18.982763290405273,-0.029452182352542877,0.019410088658332825,20.146465301513672,0.3182952404022217,0.469760924577713,0.5142467617988586,34.99421310424805,34.40989685058594,98.23008728027344,100.0,-1693.706298828125,-6635.40673828125,5252.755859375,-12000.0,0.469760924577713,-0.0036123432219028473,20.14898109436035,-0.2800230085849762,-0.001107427291572094,-0.006034940481185913,-0.03803837299346924,-0.007084127515554428,-0.0654686689376831,0.014897812157869339,0.1655876636505127,0.426805704832077,0.28080490231513977,-0.9118629097938538,0.9849284887313843,-0.1660076081752777,0.06837016344070435,-0.9865942597389221,-0.6247009038925171,3.0,3.0,3.0,3.0,641.5623168945312,241.30921936035156,-3704.152099609375,-3324.6923828125,4962.65380859375,3988.06396484375,143.4095458984375,51.07746887207031,0.22928810119628906,1.3896998167037964
19.184226989746094,-0.026269230991601944,0.02410769835114479,20.105575561523438,0.3705965578556061,0.5341758728027344,0.5636628270149231,40.91666793823242,29.57477378845215,97.70594787597656,97.2232894897461,-982.8136596679688,-8244.5546875,5449.18017578125,-12000.0,0.5341758728027344,-0.005677260458469391,20.108991622924805,-0.27836713194847107,0.0031606298871338367,-0.003226891625672579,-0.04715700075030327,0.0027651572600007057,-0.0671287477016449,0.01558151375502348,0.17308157682418823,0.3800874948501587,0.295736700296402,-0.1504194736480713,0.737464189529419,-0.12208595126867294,0.09782122820615768,-0.7067533135414124,-0.6131991744041443,3.0,3.0,3.0,3.0,-380.36700439453125,44.38212585449219,-3564.53466796875,-3087.592041015625,4801.208984375,4156.2568359375,233.15408325195312,231.13673400878906,-4.866926193237305,0.22209128737449646
19.385282516479492,-0.0225632656365633,0.029449457302689552,20.06377410888672,0.4246085286140442,0.5933727025985718,0.5947521328926086,42.36021041870117,25.58675193786621,95.70399475097656,91.9852523803711,-67.59149169921875,-9598.6103515625,4942.30126953125,-12000.0,0.5933727025985718,-0.008289672434329987,20.068265914916992,-0.2766363024711609,0.006961504928767681,-0.0002695247530937195,-0.04866119474172592,0.010139798745512962,-0.06834960728883743,0.016559725627303123,0.17884914577007294,0.33391278982162476,0.3032258152961731,0.2853534519672394,0.4722883701324463,0.11999823898077011,0.11047346144914627,-0.5454724431037903,-0.5900823473930359,3.0,3.0,3.0,3.0,-722.1653442382812,132.5125732421875,-3433.164306640625,-3082.35205078125,4810.8525390625,4071.404541015625,440.739990234375,445.6114807128906,-4.93275260925293,0.3394061326980591
19.585920333862305,-0.01831717975437641,0.035383183509111404,20.01930046081543,0.4798595607280731,0.6459823846817017,0.6267450451850891,43.980690002441406,21.470325469970703,93.03884887695312,86.74917602539062,762.939697265625,-10817.205078125,4158.57470703125,-12000.0,0.6459823846817017,-0.011417927220463753,20.02505111694336,-0.2748478055000305,0.010300632566213608,0.0027627332601696253,-0.04580765962600708,0.014862682670354843,-0.06714962422847748,0.017664460465312004,0.18053582310676575,0.2151767909526825,0.30191105604171753,0.2579174041748047,0.3012019991874695,0.4666942059993744,0.09890944510698318,-0.43858662247657776,-0.5513709783554077,3.0,3.0,3.0,3.0,-1110.7735595703125,366.79937744140625,-3542.47216796875,-3238.2587890625,4415.62939453125,4344.51025390625,695.3089599609375,590.721923828125,-10.839640617370605,0.3169313669204712
19.786113739013672,-0.01351858489215374,0.04184300824999809,19.971288681030273,0.5335999131202698,0.6951514482498169,0.6481278538703918,45.29423141479492,17.010997772216797,90.21019744873047,81.95698547363281,1135.107666015625,-11575.763671875,3171.64501953125,-12000.0,0.6951514482498169,-0.015131011605262756,19.978416442871094,-0.2730424404144287,0.012452400289475918,0.005781843792647123,-0.04322848469018936,0.01787470281124115,-0.06248268112540245,0.01865355484187603,0.17475350201129913,0.12833628058433533,0.289722740650177,0.022443532943725586,0.15981510281562805,0.790492594242096,0.04797205701470375,-0.38605350255966187,-0.4967840015888214,3.0,3.0,3.0,3.0,-1642.270263671875,232.69281005859375,-3434.065185546875,-3255.407958984375,4245.17529296875,4270.44482421875,665.9158935546875,678.5286865234375,-7.585468292236328,-0.35135143995285034
19.98582649230957,-0.0081825852394104,0.048794522881507874,19.92166519165039,0.587708592414856,0.7389585971832275,0.671848714351654,46.55054473876953,12.066673278808594,86.98008728027344,76.82968139648438,1352.91796875,-12000.0,2368.87744140625,-12000.0,0.7389585971832275,-0.01930209808051586,19.93033218383789,-0.27129489183425903,0.013735762797296047,0.008679071441292763,-0.043004050850868225,0.01947285421192646,-0.05457775667309761,0.019133275374770164,0.16203229129314423,0.049266569316387177,0.26940101385116577,-0.21454620361328125,0.043463483452796936,0.883472204208374,-0.013088703155517578,-0.38524383306503296,-0.43167605996131897,3.0,3.0,3.0,3.0,-2142.997802734375,96.42837524414062,-3212.26708984375,-3055.196044921875,3984.354248046875,4348.36962890625,546.7757568359375,1121.7645263671875,-6.484182357788086,-1.375690221786499
20.185043334960938,-0.002305499278008938,0.056184109300374985,19.870166778564453,0.6431812644004822,0.7764752507209778,0.6916976571083069,47.42061233520508,6.623405456542969,83.42236328125,71.21455383300781,1400.5211181640625,-12000.0,1749.698486328125,-12000.0,0.7764752507209778,-0.02382621541619301,19.880573272705078,-0.2696745693683624,0.014228428713977337,0.011373081244528294,-0.045149512588977814,0.01990748941898346,-0.04574303328990936,0.019002389162778854,0.14335933327674866,0.008680593222379684,0.23894883692264557,-0.28085845708847046,-0.09418483078479767,0.6933958530426025,-0.060095105320215225,-0.42215004563331604,-0.3721325397491455,3.0,3.0,3.0,2.2800707817077637,-2193.513671875,162.09368896484375,-3381.40478515625,-3139.712646484375,3612.802001953125,4529.95166015625,743.9844970703125,1440.2154541015625,-2.9034366607666016,-2.87752103805542
20.383745193481445,0.004126313142478466,0.0639488622546196,19.82209587097168,0.7018489837646484,0.8013020753860474,0.699999988079071,47.7713623046875,1.2917594909667969,79.60811614990234,65.30758666992188,1380.5762939453125,-12000.0,1415.88720703125,-12000.0,0.8013020753860474,-0.02855624072253704,19.834518432617188,-0.2682409882545471,0.014315234497189522,0.013762569054961205,-0.047958098351955414,0.018965641036629677,-0.03880907595157623,0.018401438370347023,0.11898186802864075,-0.007807806134223938,0.20674648880958557,-0.16603398323059082,-0.16112251579761505,0.28361353278160095,-0.07348665595054626,-0.46962159872055054,-0.3453311026096344,3.0,3.0,2.8730521202087402,1.4745405912399292,-2481.0908203125,606.9013061523438,-3459.716796875,-2502.287841796875,3714.690185546875,4319.86669921875,748.3457641601562,2123.809814453125,-0.6816120147705078,-3.738013744354248
20.581966400146484,0.011144802905619144,0.07196187973022461,19.778947830200195,0.7667168378829956,0.8014406561851501,0.699999988079071,47.49224090576172,0.0,76.27363586425781,60.78538513183594,1335.430419921875,-12000.0,1387.4486083984375,-12000.0,0.8014406561851501,-0.033216990530490875,19.79380226135254,-0.26705116033554077,0.014237156137824059,0.015830034390091896,-0.0496184378862381,0.017354415729641914,-0.03597294166684151,0.017666572704911232,0.09111666679382324,-0.05075455456972122,0.15884824097156525,0.029844924807548523,-0.13073164224624634,-0.18465521931648254,-0.05340658128261566,-0.5020740628242493,-0.36782145500183105,3.0,3.0,2.4169058799743652,1.02579665184021,-2608.3095703125,676.0708618164062,-3670.4140625,-1279.2392578125,3424.031982421875,4074.79248046875,1106.50341796875,3333.184814453125,-3.388810157775879,-5.554086208343506
20.779756546020508,0.018811970949172974,0.07997628301382065,19.745891571044922,0.8354620933532715,0.785975456237793,0.6996766924858093,46.52244567871094,0.0,73.83280944824219,58.02358627319336,1005.8970336914062,-12000.0,1514.3775634765625,-12000.0,0.785975456237793,-0.037690822035074234,19.76355743408203,-0.2661399841308594,0.013729610480368137,0.01741851679980755,-0.04931998997926712,0.016047099605202675,-0.03781949356198311,0.017132507637143135,0.060180116444826126,-0.06573467701673508,0.11822137236595154,0.2720414400100708,-0.04075593501329422,-0.5103253126144409,-0.03555360808968544,-0.5004394054412842,-0.4235156178474426,3.0,3.0,2.1010894775390625,0.9506322145462036,-2385.56494140625,674.0070190429688,-3578.098876953125,282.9493713378906,3318.665283203125,3859.94970703125,1381.476806640625,3963.5888671875,-1.4265995025634766,-4.9385457038879395
20.977214813232422,0.027166591957211494,0.08783603459596634,19.72100830078125,0.9065783023834229,0.7694862484931946,0.6946848034858704,44.9564208984375,0.0,71.87924194335938,56.427528381347656,739.6359252929688,-12000.0,1850.5345458984375,-12000.0,0.7694862484931946,-0.041898198425769806,19.741836547851562,-0.26553818583488464,0.013072263449430466,0.01860073022544384,-0.04659957438707352,0.015639539808034897,-0.042922746390104294,0.016776971518993378,0.03014094941318035,-0.06769434362649918,0.08706637471914291,0.39440226554870605,0.05102507025003433,-0.6130844354629517,-0.02487788163125515,-0.46291616559028625,-0.4824502170085907,3.0,3.0,1.8607887029647827,1.012563705444336,-2022.1578369140625,820.9296875,-3359.41943359375,1119.4124755859375,3584.5810546875,3815.126708984375,1737.1123046875,3730.629638671875,-0.42012977600097656,-3.6131937503814697
21.17442512512207,0.03623237460851669,0.09553089737892151,19.69657325744629,0.9785864949226379,0.7437208294868469,0.6888765096664429,43.49531936645508,0.0,70.29877471923828,55.46952438354492,587.7703247070312,-12000.0,2333.688720703125,-12000.0,0.7437208294868469,-0.04588862881064415,19.720867156982422,-0.2652367651462555,0.01239532046020031,0.019471393898129463,-0.04265554994344711,0.016149790957570076,-0.04905359074473381,0.016528192907571793,0.003630148246884346,-0.050286851823329926,0.06725063920021057,0.3211801052093506,0.09426011145114899,-0.5165410041809082,-0.02203700691461563,-0.40960684418678284,-0.5277014970779419,3.0,3.0,1.681560754776001,1.082329273223877,-2093.17578125,617.318603515625,-3502.736328125,1728.3046875,3463.62939453125,3605.1806640625,2276.880859375,3668.426513671875,0.9631404876708984,-1.8968616724014282
21.37139129638672,0.04601823911070824,0.10296810418367386,19.67237091064453,1.053688883781433,0.7177613377571106,0.6843833327293396,41.06830978393555,0.0,68.91165161132812,55.48200225830078,638.8832397460938,-12000.0,2918.433837890625,-12000.0,0.7177613377571106,-0.0494573712348938,19.700571060180664,-0.2652004659175873,0.011892451904714108,0.02014390006661415,-0.03944374993443489,0.017092391848564148,-0.05421900004148483,0.016307823359966278,-0.017820127308368683,-0.07726909965276718,0.06640999764204025,0.07269951701164246,0.0774032399058342,-0.32748177647590637,-0.018878206610679626,-0.3751998841762543,-0.556124746799469,3.0,3.0,1.5347974300384521,1.0961796045303345,-2072.18505859375,810.2151489257812,-3392.914306640625,1597.427490234375,3458.651123046875,3858.6142578125,2695.01318359375,3551.10498046875,-3.0003185272216797,0.391167551279068
21.568115234375,0.0565551295876503,0.11014571785926819,19.650108337402344,1.1311547756195068,0.6894996762275696,0.6713507175445557,38.93061065673828,0.0,67.8783187866211,55.70890426635742,594.1486206054688,-11795.1279296875,3257.8125,-12000.0,0.6894996762275696,-0.05264436453580856,19.68263816833496,-0.2653786540031433,0.011119760572910309,0.02080800011754036,-0.03871675580739975,0.01786642335355282,-0.05749381706118584,0.016119040548801422,-0.036371469497680664,-0.1496686339378357,0.06331589818000793,-0.15211360156536102,-0.049611158668994904,-0.08094422519207001,-0.01964562200009823,-0.3899303674697876,-0.5687555074691772,3.0,3.0,1.4363524913787842,1.0929009914398193,-1750.0513916015625,925.373291015625,-3195.144287109375,1448.6619873046875,3609.338623046875,3607.32666015625,2903.602294921875,3827.5712890625,-7.590984344482422,0.5136094689369202
21.764616012573242,0.06786667555570602,0.11704071611166,19.629316329956055,1.2129608392715454,0.6608741283416748,0.6506105065345764,37.34071350097656,0.0,67.09223175048828,56.0008430480957,217.49746704101562,-10780.3095703125,3223.1455078125,-12000.0,0.6608741283416748,-0.05532585829496384,19.666757583618164,-0.26574236154556274,0.009623073972761631,0.021441159769892693,-0.04023789241909981,0.01737031154334545,-0.05830325931310654,0.015922583639621735,-0.05170336738228798,-0.2179654836654663,0.051885899156332016,-0.13933442533016205,-0.4096430838108063,0.18688564002513885,-0.03694765269756317,-0.4855070412158966,-0.5686808228492737,3.0,3.0,1.3676533699035645,1.082922339439392,-1504.5262451171875,1063.202880859375,-3122.276611328125,1437.93408203125,3808.54833984375,3704.4052734375,3050.254638671875,4122.666015625,-8.402384757995605,-0.10893750190734863
21.960908889770508,0.07999628782272339,0.12364945560693741,19.6099796295166,1.2960796356201172,0.6349472403526306,0.6188649535179138,36.20734405517578,0.0,66.45832824707031,56.30484390258789,-414.3018798828125,-8922.2255859375,2920.364013671875,-12000.0,0.6349472403526306,-0.057652588933706284,19.65276336669922,-0.26625940203666687,0.007443419191986322,0.021960018202662468,-0.04163123667240143,0.013273880816996098,-0.056434404104948044,0.015553107485175133,-0.061774931848049164,-0.2499195635318756,0.04231909662485123,0.12305863201618195,-0.9657236337661743,0.39783594012260437,-0.06424447149038315,-0.7419319748878479,-0.5601034760475159,3.0,3.0,1.3164029121398926,1.0729169845581055,-1321.212890625,1189.392822265625,-2807.777099609375,1201.221923828125,3918.1240234375,3705.763427734375,3158.97607421875,4119.4697265625,-6.081805229187012,-0.013045191764831543
22.15700912475586,0.09295708686113358,0.12999892234802246,19.594202041625977,1.3805397748947144,0.6083263158798218,0.5756112933158875,35.74955368041992,0.0,65.93476867675781,56.54354476928711,-1128.7728271484375,-6522.7646484375,2463.278076171875,-12000.0,0.6083263158798218,-0.05965861678123474,19.64277458190918,-0.266877144575119,0.004944223910570145,0.022383209317922592,-0.04040065035223961,0.003616645000874996,-0.05245604366064072,0.014910662546753883,-0.06493042409420013,-0.22482341527938843,0.01882316544651985,0.454556941986084,-1.5035269260406494,0.48664432764053345,-0.07741222530603409,-0.6569053530693054,-0.5460591316223145,3.0,3.0,1.2751448154449463,1.0641916990280151,-704.5707397460938,1302.1561279296875,-2617.233642578125,1040.5050048828125,3965.754150390625,3461.52001953125,3283.57470703125,4356.13720703125,-0.9589996337890625,-1.4731223583221436
22.352951049804688,0.10676248371601105,0.13608218729496002,19.573575973510742,1.4679124355316162,0.5924935340881348,0.607722818851471,33.0488166809082,0.0,65.61988067626953,57.7874870300293,-1549.056396484375,-4805.20166015625,2311.808349609375,-12000.0,0.5924935340881348,-0.061227720230817795,19.628541946411133,-0.26752644777297974,0.0026959897950291634,0.022571440786123276,-0.03585508093237877,-0.011418623849749565,-0.04758960008621216,0.014136540703475475,-0.06213483214378357,-0.18750576674938202,-0.007790073752403259,0.5848798155784607,-1.5430442094802856,0.3439270853996277,-0.0636143758893013,-0.15565618872642517,-0.5343605875968933,3.0,3.0,1.2569632530212402,1.0415723323822021,-615.117919921875,923.60791015625,-2264.188720703125,290.87579345703125,4241.11181640625,3751.426513671875,3234.998046875,4476.8916015625,2.483912467956543,-2.50417423248291
22.548686981201172,0.12144161015748978,0.14200712740421295,19.543983459472656,1.5530837774276733,0.5857062935829163,0.6632997393608093,28.169172286987305,0.0,65.2723159790039,58.804691314697266,-1566.5906982421875,-4156.001953125,2708.65283203125,-12000.0,0.5857062935829163,-0.06270768493413925,19.605594635009766,-0.2681477963924408,0.0008209322113543749,0.02249353937804699,-0.030006282031536102,-0.026849064975976944,-0.04415033012628555,0.013500397093594074,-0.05354168266057968,-0.12614282965660095,-0.028227943927049637,0.3889222741127014,-0.8945903778076172,-0.046575963497161865,-0.03134826198220253,0.10666704922914505,-0.5407150387763977,3.0,3.0,1.2410829067230225,1.0623705387115479,-826.9979248046875,478.5361022949219,-2282.276611328125,-566.035888671875,4029.3701171875,4164.27197265625,3033.614013671875,4321.40625,7.912647247314453,-2.9502360820770264
22.74412727355957,0.13697244226932526,0.1478641927242279,19.512540817260742,1.637908697128296,0.5827552676200867,0.699999988079071,23.95123863220215,0.0,64.3006591796875,58.78685760498047,-1496.51318359375,-4385.08251953125,3469.61181640625,-12000.0,0.5827552676200867,-0.06411918252706528,19.58116340637207,-0.26868322491645813,-0.0004404960200190544,0.022211259230971336,-0.02611706033349037,-0.03579496964812279,-0.04461608827114105,0.013186914846301079,-0.04086840897798538,-0.05975040793418884,-0.04548906162381172,0.012148499488830566,0.17473077774047852,-0.5348162055015564,0.010959845036268234,0.139786496758461,-0.5712471008300781,3.0,3.0,1.174121379852295,1.0760047435760498,-947.517333984375,-27.744140625,-2049.216552734375,-416.341064453125,4130.66162109375,4178.62890625,3098.672119140625,4147.41552734375,10.40571403503418,-3.3434605598449707
22.939252853393555,0.1533515304327011,0.15369173884391785,19.481184005737305,1.7233089208602905,0.5776920318603516,0.699999988079071,21.078031539916992,0.0,63.314247131347656,58.4530029296875,-1502.8262939453125,-5206.95166015625,4301.3212890625,-12000.0,0.5776920318603516,-0.06546122580766678,19.55725860595703,-0.2690919041633606,-0.0010380001040175557,0.02175636775791645,-0.02599557489156723,-0.03404766321182251,-0.04996424913406372,0.013296512886881828,-0.026638444513082504,-0.01996488869190216,-0.05798439309000969,-0.28926700353622437,1.1552679538726807,-0.8811794519424438,0.04549141973257065,-0.05195169523358345,-0.6115213632583618,3.0,3.0,1.1182483434677124,1.080143690109253,-843.0075073242188,-158.02008056640625,-1875.262939453125,-455.26470947265625,3986.49560546875,4124.74365234375,3592.1806640625,3967.712890625,7.61268424987793,-2.8722457885742188
23.134065628051758,0.17058461904525757,0.1594686657190323,19.454030990600586,1.8096929788589478,0.5707537531852722,0.699999988079071,19.567182540893555,0.0,62.463741302490234,58.18004608154297,-1760.1278076171875,-6143.1484375,4861.70263671875,-12000.0,0.5707537531852722,-0.06671153753995895,19.538021087646484,-0.2693582773208618,-0.001237649004906416,0.021176524460315704,-0.028888244181871414,-0.022494982928037643,-0.058776043355464935,0.013751426711678505,-0.013723930343985558,-0.024517005309462547,-0.06963815540075302,-0.30446767807006836,1.5641595125198364,-0.8733600378036499,0.05337303876876831,-0.48665088415145874,-0.6438831090927124,3.0,3.0,1.082268238067627,1.0842195749282837,-719.6720581054688,11.96014404296875,-1352.102783203125,-416.98291015625,3924.07958984375,3983.41796875,3769.32666015625,4073.23095703125,0.9852418899536133,-1.9471070766448975
23.32860565185547,0.18868154287338257,0.16517619788646698,19.427715301513672,1.897795557975769,0.5648215413093567,0.699999988079071,18.78054428100586,0.0,61.70635223388672,57.873497009277344,-2389.819091796875,-6781.86669921875,5072.73681640625,-12000.0,0.5648215413093567,-0.06780019402503967,19.520187377929688,-0.26949551701545715,-0.0014828190905973315,0.020480142906308174,-0.03193292021751404,-0.006853388622403145,-0.06750964373350143,0.014285157434642315,-0.004149231128394604,-0.026447251439094543,-0.05567700415849686,0.01628011465072632,1.2199645042419434,-0.48976436257362366,0.024337828159332275,-0.865345299243927,-0.6621693968772888,3.0,3.0,1.0612608194351196,1.088564395904541,-563.5186157226562,-190.21563720703125,-1049.1947021484375,-388.46063232421875,3995.141357421875,3945.74755859375,4010.026123046875,4091.612548828125,-2.210873603820801,1.5393882989883423
23.52288246154785,0.2076594978570938,0.17082440853118896,19.40677833557129,1.986857295036316,0.5620144605636597,0.699999988079071,18.28225326538086,0.0,61.31204605102539,57.61772918701172,-3014.0869140625,-7071.32958984375,4970.85205078125,-12000.0,0.5620144605636597,-0.06880032271146774,19.50821876525879,-0.2695370018482208,-0.0017472915351390839,0.019923372194170952,-0.031770117580890656,0.00534625630825758,-0.07240729033946991,0.014528535306453705,0.0020806845277547836,-0.08574576675891876,-0.018596183508634567,0.41220295429229736,0.368135929107666,0.09525296092033386,-0.00932455062866211,-0.5592179298400879,-0.6643446683883667,3.0,3.0,1.05923593044281,1.0960849523544312,-299.72894287109375,-53.1697998046875,-639.664306640625,-122.3883056640625,4063.488037109375,4009.822021484375,3951.482177734375,4046.61962890625,-9.430315017700195,4.714461326599121
23.716949462890625,0.22752806544303894,0.17644456028938293,19.387144088745117,2.073530435562134,0.555620014667511,0.699999988079071,17.075241088867188,0.0,61.390869140625,57.69281768798828,-3523.46484375,-6796.525390625,4449.5625,-12000.0,0.555620014667511,-0.06989571452140808,19.49771499633789,-0.2695161998271942,-0.0026047490537166595,0.01973741129040718,-0.027648087590932846,0.009027615189552307,-0.07145476341247559,0.014435289427638054,0.004871536046266556,-0.21129821240901947,0.01540347933769226,0.6303277015686035,-0.5994173288345337,0.6789028644561768,-0.03359918296337128,-0.669832170009613,-0.6478224992752075,3.0,3.0,1.0689756870269775,1.102383017539978,-153.04714965820312,181.4576416015625,-923.3052978515625,27.69003677368164,3885.86279296875,3878.8037109375,3996.25537109375,3859.827392578125,-15.730789184570312,5.093746185302734
23.91082000732422,0.2482633739709854,0.1820007562637329,19.367605209350586,2.160282611846924,0.5437106490135193,0.699999988079071,16.736621856689453,0.0,61.23579788208008,57.59617614746094,-4530.59130859375,-5661.0859375,3341.61181640625,-12000.0,0.5437106490135193,-0.07091888040304184,19.487714767456055,-0.26946747303009033,-0.004717730917036533,0.019891446456313133,-0.021344810724258423,0.0030334419570863247,-0.06466573476791382,0.014099298045039177,0.0004547843709588051,-0.34865692257881165,0.06473173946142197,0.738396167755127,-1.3787548542022705,1.1249319314956665,-0.056715503334999084,-0.36772510409355164,-0.6087722778320312,3.0,3.0,1.0686893463134766,1.1034656763076782,-404.9967041015625,378.8245849609375,-1003.3674926757812,265.632080078125,4009.95263671875,3622.73095703125,4121.337890625,3875.80224609375,-16.221912384033203,6.309370994567871
24.104496002197266,0.2698661983013153,0.18743786215782166,19.346416473388672,2.2473394870758057,0.535010814666748,0.699999988079071,16.23320770263672,0.0,61.22794723510742,57.76877212524414,-5610.2734375,-3659.494384765625,1982.504150390625,-11996.0,0.535010814666748,-0.0717930793762207,19.476505279541016,-0.269462913274765,-0.008204299956560135,0.02053876407444477,-0.01396084949374199,-0.010754106566309929,-0.0534164160490036,0.013532143086194992,-0.008057301864027977,-0.46299073100090027,0.10911141335964203,0.716742992401123,-1.8298008441925049,1.3090953826904297,-0.0675252377986908,0.48066985607147217,-0.5399221181869507,3.0,3.0,1.072797179222107,1.1060900688171387,-311.4610595703125,447.4274597167969,-1148.06201171875,59.60255432128906,4193.0263671875,3674.49853515625,4091.939697265625,3780.4853515625,-12.50901985168457,5.272088527679443
24.29796028137207,0.29233959317207336,0.19278797507286072,19.321752548217773,2.3332154750823975,0.5285537242889404,0.699999988079071,16.295822143554688,0.0,61.51157760620117,57.94078826904297,-6610.185546875,-1149.6275634765625,800.1596069335938,-11388.7763671875,0.5285537242889404,-0.07261393964290619,19.462116241455078,-0.26954349875450134,-0.012834207154810429,0.021629877388477325,-0.0067934198305010796,-0.029052114114165306,-0.04032546281814575,0.012856890447437763,-0.01251369807869196,-0.5145898461341858,0.13573555648326874,0.5817968845367432,-1.907500982284546,1.1455719470977783,-0.19548383355140686,0.8938618898391724,-0.4717259109020233,3.0,3.0,1.087066888809204,1.1110416650772095,-170.32920837402344,271.96697998046875,-1472.017333984375,-142.9709014892578,4100.24560546875,3814.652099609375,4014.441650390625,3723.753662109375,-5.122617244720459,2.5508370399475098
24.491178512573242,0.31567174196243286,0.19807350635528564,19.29611587524414,2.4157588481903076,0.5207029581069946,0.699999988079071,16.48858642578125,0.0,61.341217041015625,57.72233581542969,-7645.30859375,1335.974853515625,-158.60939025878906,-10782.3583984375,0.5207029581069946,-0.07352745532989502,19.446746826171875,-0.2696686387062073,-0.01798010617494583,0.022987233474850655,-0.0009754509665071964,-0.04812712222337723,-0.028869744390249252,0.01090205181390047,-0.014202884398400784,-0.4847641885280609,0.1523050218820572,0.4327493906021118,-1.6203804016113281,0.7086597681045532,-0.3486528992652893,0.927412748336792,-0.47948190569877625,3.0,3.0,1.0875285863876343,1.1129711866378784,-411.6986083984375,178.77645874023438,-1563.353271484375,79.465087890625,3962.251220703125,3724.204345703125,3822.64111328125,3608.44921875,3.7398529052734375,0.5156717300415039
24.684139251708984,0.33982932567596436,0.20328053832054138,19.27553367614746,2.4998302459716797,0.5062544345855713,0.699999988079071,16.183223724365234,0.0,60.995689392089844,57.386627197265625,-8474.908203125,3305.527099609375,-829.9500122070312,-10424.9853515625,0.5062544345855713,-0.07431109249591827,19.436960220336914,-0.26981067657470703,-0.022827748209238052,0.024510283023118973,0.003352042753249407,-0.06433092802762985,-0.021783147007226944,0.007415522821247578,-0.015020898543298244,-0.3767871856689453,0.1434069126844406,0.28325754404067993,-1.0434961318969727,0.17459791898727417,-0.3750169277191162,0.858914852142334,-0.6328925490379333,3.0,3.0,1.0777522325515747,1.109464406967163,-344.3039855957031,431.175048828125,-1254.269775390625,469.71783447265625,3768.4375,3617.78271484375,4004.469970703125,3819.18798828125,11.977717399597168,-2.3521552085876465
24.876893997192383,0.36482763290405273,0.20834308862686157,19.256629943847656,2.5848073959350586,0.4886653423309326,0.699999988079071,15.333698272705078,0.0,60.780311584472656,57.184383392333984,-8941.982421875,4398.2646484375,-1075.22265625,-10291.5810546875,0.4886653423309326,-0.07491116225719452,19.42933464050293,-0.269960880279541,-0.026595620438456535,0.02594435214996338,0.00618461798876524,-0.0747658908367157,-0.020037168636918068,0.003665353637188673,-0.01457440759986639,-0.2315463125705719,0.09752862900495529,0.11126439273357391,-0.2912244200706482,-0.3049830198287964,-0.22426240146160126,0.8328172564506531,-0.8368115425109863,3.0,3.0,1.0685582160949707,1.1032814979553223,-432.25848388671875,567.8692626953125,-1247.546875,822.4956665039062,3976.090576171875,3415.65966796875,3940.84912109375,3972.80419921875,16.217220306396484,-5.697478294372559
25.069459915161133,0.39067569375038147,0.21322974562644958,19.236351013183594,2.6717824935913086,0.4717540740966797,0.699999988079071,14.08742904663086,0.0,60.639854431152344,57.013893127441406,-9050.5927734375,4485.8642578125,-842.4035034179688,-10279.037109375,0.4717540740966797,-0.07522030174732208,19.421009063720703,-0.27010661363601685,-0.028911083936691284,0.026919638738036156,0.007297261618077755,-0.0776781365275383,-0.023086998611688614,0.0014227295760065317,-0.01139438059180975,-0.04593941569328308,0.029075510799884796,-0.07033517956733704,0.48253512382507324,-0.6420296430587769,0.019953012466430664,0.8324918746948242,-0.8933062553405762,3.0,3.0,1.0589607954025269,1.0955052375793457,-453.87054443359375,599.937744140625,-1157.650390625,637.897705078125,4189.05517578125,3382.0283203125,4116.6513671875,4010.4423828125,20.082656860351562,-7.450486183166504
25.261823654174805,0.4173935055732727,0.21794728934764862,19.219093322753906,2.7599616050720215,0.45524975657463074,0.699999988079071,12.624465942382812,0.0,60.54335403442383,56.76459503173828,-8683.552734375,3452.5380859375,-122.1363525390625,-10519.63671875,0.45524975657463074,-0.07531723380088806,19.41625213623047,-0.270220547914505,-0.02937047742307186,0.02721039392054081,0.0065939100459218025,-0.07285278290510178,-0.029507294297218323,0.0016222597332671285,-0.0056569236330688,0.10246147215366364,-0.0426739901304245,-0.2830488681793213,1.1711671352386475,-0.832670271396637,0.27948516607284546,0.8695348501205444,-0.8115869760513306,3.0,3.0,1.0482369661331177,1.0885993242263794,-202.8065185546875,667.350341796875,-1014.8275146484375,836.0390625,4083.0693359375,3523.5625,4088.78759765625,4096.29833984375,16.49994659423828,-7.315074443817139
25.45401382446289,0.44499310851097107,0.2224997878074646,19.201139450073242,2.849644184112549,0.4395442008972168,0.699999988079071,11.427467346191406,0.0,60.424705505371094,56.483055114746094,-8139.97802734375,1684.15673828125,795.2472534179688,-10900.0419921875,0.4395442008972168,-0.07516507059335709,19.41144561767578,-0.27027711272239685,-0.028345862403512,0.0267836544662714,0.0037634214386343956,-0.061141110956668854,-0.03783399611711502,0.004417111165821552,0.0003080517053604126,0.24137689173221588,-0.09856647998094559,-0.4395871162414551,1.6089979410171509,-0.8538892269134521,0.44623321294784546,0.9811660647392273,-0.7014016509056091,3.0,3.0,1.0352097749710083,1.0828204154968262,-293.4228210449219,496.3701171875,-863.1270751953125,963.7828369140625,4230.8291015625,3537.887451171875,4340.607421875,3962.399658203125,14.50021743774414,-5.429835796356201
25.646024703979492,0.47348955273628235,0.22689522802829742,19.185483932495117,2.936577558517456,0.42785754799842834,0.699999988079071,10.676383972167969,0.0,60.32206726074219,56.12469482421875,-7402.7197265625,-584.1577758789062,1810.01806640625,-11404.580078125,0.42785754799842834,-0.07501155883073807,19.40892219543457,-0.2702740430831909,-0.02593209408223629,0.02579798921942711,-0.0006324495188891888,-0.04505113139748573,-0.04637289047241211,0.008879443630576134,0.0038597637321799994,0.2800647020339966,-0.11559489369392395,-0.5237382054328918,1.73778235912323,-0.7454057335853577,0.48777779936790466,0.7506449222564697,-0.611238956451416,3.0,3.0,1.0248565673828125,1.0854620933532715,-109.45407104492188,398.535400390625,-767.831298828125,1155.9337158203125,4348.06982421875,3342.203125,4103.70849609375,3718.49267578125,4.106722831726074,-1.5126163959503174
25.837879180908203,0.5028553009033203,0.2311737984418869,19.172510147094727,3.0230937004089355,0.4144290089607239,0.699999988079071,10.598922729492188,0.0,60.3878173828125,56.07946014404297,-7049.4345703125,-2561.336181640625,2408.45947265625,-11813.9990234375,0.4144290089607239,-0.0747828483581543,19.40938377380371,-0.27023544907569885,-0.023131446912884712,0.024642040953040123,-0.005869831424206495,-0.027673307806253433,-0.0538269467651844,0.013757221400737762,0.0007677513640373945,0.22993198037147522,-0.11094461381435394,-0.40360233187675476,1.4378917217254639,-0.45415183901786804,0.3773082494735718,0.3099464774131775,-0.5506094098091125,3.0,3.0,1.015485167503357,1.0763040781021118,32.47660827636719,358.2193298339844,-558.6671142578125,1368.73291015625,4051.442138671875,3386.185302734375,4311.65771484375,3576.83984375,-6.256497383117676,0.8911068439483643
26.029603958129883,0.5330862402915955,0.23531809449195862,19.155773162841797,3.1092898845672607,0.4006274938583374,0.699999988079071,11.208793640136719,0.0,60.54280090332031,56.28540802001953,-7251.51318359375,-3688.9765625,2479.595458984375,-11953.5126953125,0.4006274938583374,-0.07440538704395294,19.406475067138672,-0.2702277600765228,-0.020832126960158348,0.023532595485448837,-0.009905854240059853,-0.013294391334056854,-0.058368466794490814,0.017530303448438644,-0.010082162916660309,0.14808902144432068,-0.10234217345714569,-0.03664669394493103,0.7112979292869568,-0.008566796779632568,0.12109917402267456,-0.12243684381246567,-0.5202746391296387,3.0,3.0,1.0071009397506714,1.0551496744155884,-216.54501342773438,477.34527587890625,-721.235107421875,1056.544921875,3949.657958984375,3571.08984375,4271.8369140625,3622.10009765625,-11.596308708190918,1.6163967847824097
26.221160888671875,0.5641791224479675,0.23932437598705292,19.135902404785156,3.1952412128448486,0.38996621966362,0.699999988079071,12.252555847167969,0.0,60.648101806640625,56.360450744628906,-7821.0068359375,-3942.460205078125,2190.94287109375,-11851.1767578125,0.38996621966362,-0.07387450337409973,19.400833129882812,-0.2703285813331604,-0.019351236522197723,0.022509174421429634,-0.010272321291267872,-0.006181412376463413,-0.058454133570194244,0.018741294741630554,-0.027500642463564873,0.058337025344371796,-0.06557126343250275,0.4255867898464203,-0.19642460346221924,0.4348748028278351,-0.19334232807159424,0.038966767489910126,-0.522894024848938,3.0,3.0,0.999010443687439,1.039649486541748,-255.265380859375,331.0704345703125,-909.347900390625,939.5153198242188,3928.950439453125,3824.320556640625,4316.908203125,3430.163818359375,-13.379329681396484,4.25786018371582
26.412519454956055,0.5961315631866455,0.24322403967380524,19.116321563720703,3.2835886478424072,0.3804378807544708,0.699999988079071,13.400108337402344,0.0,60.404293060302734,56.198143005371094,-8193.287109375,-3298.165771484375,1734.5328369140625,-11604.1357421875,0.3804378807544708,-0.07311521470546722,19.396282196044922,-0.27060359716415405,-0.018767867237329483,0.021853461861610413,-0.0060164532624185085,-0.008145658299326897,-0.05410538613796234,0.01680787093937397,-0.04593862593173981,-0.0486588329076767,-0.03991042077541351,0.6536644697189331,-1.0089328289031982,0.712113082408905,-0.4264175295829773,0.8675944209098816,-0.5636104345321655,3.0,3.0,0.9800455570220947,1.0319766998291016,-369.20086669921875,360.1625061035156,-546.018798828125,883.2463989257812,4144.6923828125,3801.0029296875,4401.8447265625,3547.428466796875,-13.967395782470703,3.4218263626098633
26.603683471679688,0.6289674639701843,0.2470284253358841,19.0975399017334,3.3749189376831055,0.3676161468029022,0.699999988079071,14.687675476074219,0.0,59.77275466918945,55.64759826660156,-8343.689453125,-2005.020263671875,1320.11474609375,-11086.0576171875,0.3676161468029022,-0.07211428135633469,19.39345359802246,-0.271062970161438,-0.019254455342888832,0.021454358473420143,0.0005201911553740501,-0.018234986811876297,-0.04698425531387329,0.01254369504749775,-0.060238342732191086,-0.16515009105205536,-0.006690774112939835,0.5329738259315491,-1.4796974658966064,0.7100677490234375,-0.549292266368866,0.7330890893936157,-0.6635965704917908,3.0,3.0,0.952515184879303,1.0412945747375488,-514.343994140625,246.17758178710938,-274.7643127441406,1215.17919921875,4230.083984375,3764.6083984375,4624.416015625,3737.655029296875,-12.616652488708496,3.910604953765869
26.794658660888672,0.6627166271209717,0.2507045865058899,19.07918930053711,3.4623866081237793,0.35899609327316284,0.699999988079071,16.174510955810547,0.0,59.57602310180664,55.578147888183594,-9044.416015625,-153.831298828125,377.2675476074219,-10584.2353515625,0.35899609327316284,-0.07118378579616547,19.390811920166016,-0.2716653645038605,-0.020905956625938416,0.021387450397014618,0.00584992952644825,-0.03303196281194687,-0.0398835763335228,0.007050772663205862,-0.07603230327367783,-0.20138564705848694,0.0001648147590458393,0.34356003999710083,-1.5804885625839233,0.6078683137893677,-0.5172813534736633,0.6838763952255249,-0.8352460265159607,3.0,3.0,0.9368802309036255,1.031380534172058,-666.2709350585938,108.14581298828125,78.46302032470703,1123.873779296875,4012.77880859375,3791.483154296875,4334.90869140625,3544.607666015625,-3.6105527877807617,1.1864047050476074
26.985450744628906,0.6973404884338379,0.2542945444583893,19.0621280670166,3.551561117172241,0.3472933769226074,0.699999988079071,17.804988861083984,0.0,59.41025924682617,55.39666748046875,-9608.2119140625,1564.519775390625,-392.3934020996094,-10121.3603515625,0.3472933769226074,-0.07009154558181763,19.390161514282227,-0.27242568135261536,-0.02291981317102909,0.021389098837971687,0.00928553007543087,-0.048836849629879,-0.033804893493652344,0.0018779593519866467,-0.08971796929836273,-0.18674024939537048,0.008175939321517944,0.15900342166423798,-1.2712912559509277,0.4056488871574402,-0.35905373096466064,0.6956247091293335,-0.9483844637870789,3.0,3.0,0.9183538556098938,1.0261443853378296,-879.6760864257812,299.89111328125,350.9765319824219,1240.15087890625,4158.138671875,3631.591064453125,4397.947265625,3715.144775390625,2.4940528869628906,0.6755940914154053
27.176071166992188,0.7328560948371887,0.2577674686908722,19.046167373657227,3.642512083053589,0.33261844515800476,0.6881826519966125,19.35230827331543,0.0,59.27178955078125,55.26022720336914,-9863.4765625,2942.339599609375,-973.44140625,-9829.244140625,0.33261844515800476,-0.06880275905132294,19.391347885131836,-0.27332285046577454,-0.024787215515971184,0.02147085778415203,0.010875564068555832,-0.06154976040124893,-0.029748404398560524,-0.0017125778831541538,-0.09760183095932007,-0.07643591612577438,-0.012060239911079407,-0.014806807041168213,-0.7067317366600037,0.16712230443954468,-0.12345467507839203,0.7226169109344482,-0.8305047154426575,3.0,3.0,0.8963367342948914,1.0163471698760986,-779.6727294921875,527.4793090820312,156.51651000976562,1446.16357421875,4198.3623046875,3669.2666015625,4379.93798828125,3889.384033203125,12.094355583190918,-2.247310161590576
27.366533279418945,0.7692812085151672,0.2610936462879181,19.031373977661133,3.734888792037964,0.31451448798179626,0.669719934463501,20.663108825683594,0.0,59.11017608642578,55.06695556640625,-9600.0908203125,3403.366943359375,-1069.788818359375,-9889.302734375,0.31451448798179626,-0.06730736792087555,19.39439582824707,-0.27429887652397156,-0.025551574304699898,0.021350255236029625,0.01072749588638544,-0.0686170756816864,-0.028077181428670883,-0.0029471246525645256,-0.09856025129556656,0.053104422986507416,-0.03553430363535881,-0.22984007000923157,0.031034111976623535,-0.12917673587799072,0.1522665172815323,0.7673103213310242,-0.8829783797264099,3.0,3.0,0.8705493211746216,1.0092440843582153,-734.4652099609375,730.988525390625,40.36749267578125,1650.994140625,4252.3916015625,3617.891845703125,4399.74951171875,4030.90478515625,14.670185089111328,-2.8187201023101807
27.556846618652344,0.8066300749778748,0.26423880457878113,19.022199630737305,3.8280651569366455,0.293742299079895,0.6464532613754272,21.949600219726562,0.0,59.240848541259766,54.85112762451172,-9015.3310546875,2963.381591796875,-916.7492065429688,-10086.64453125,0.293742299079895,-0.06564931571483612,19.403560638427734,-0.27528446912765503,-0.025020530447363853,0.020994912832975388,0.008429095149040222,-0.06830673664808273,-0.029368948191404343,-0.00142445950768888,-0.09429845958948135,0.1745225489139557,-0.05913674086332321,-0.44728437066078186,0.7493639588356018,-0.39238280057907104,0.36375778913497925,0.8502246141433716,-0.9224333167076111,3.0,3.0,0.8394877910614014,1.0054856538772583,-393.599853515625,1131.0831298828125,-139.7442626953125,2165.15625,4030.369140625,3809.411376953125,4256.3017578125,4053.06103515625,13.846794128417969,-2.8997421264648438
27.747068405151367,0.844910740852356,0.26717624068260193,19.011734008789062,3.9213271141052246,0.2738981246948242,0.62567138671875,23.52149772644043,0.0,59.499385833740234,54.57984161376953,-8245.5810546875,1863.632568359375,-610.2588500976562,-10353.5244140625,0.2738981246948242,-0.06377044320106506,19.411924362182617,-0.2762274444103241,-0.023275304585695267,0.02040354534983635,0.003956251312047243,-0.06081309914588928,-0.033292777836322784,0.002213118365034461,-0.08747884631156921,0.29016798734664917,-0.09048910439014435,-0.5959717035293579,1.2377128601074219,-0.5348988771438599,0.43586573004722595,0.9802652597427368,-0.7437465190887451,3.0,3.0,0.8078577518463135,1.008918285369873,-159.95347595214844,998.1796875,-522.8863525390625,2279.75537109375,4103.96044921875,3861.22119140625,4144.54443359375,4088.024169921875,12.253205299377441,-3.4217090606689453
27.937185287475586,0.8841240406036377,0.26991522312164307,19.002573013305664,4.010147571563721,0.2515049874782562,0.6062687635421753,25.406105041503906,0.0,59.710689544677734,54.03361129760742,-7361.92724609375,212.07583618164062,-82.608642578125,-10733.4384765625,0.2515049874782562,-0.06193499267101288,19.421098709106445,-0.2771022319793701,-0.020373623818159103,0.019498653709888458,-0.0020034657791256905,-0.04843597114086151,-0.03864176571369171,0.0065717753022909164,-0.08155926316976547,0.33044907450675964,-0.10471390932798386,-0.6361753344535828,1.4306594133377075,-0.5635665059089661,0.3807903528213501,0.6953840851783752,-0.6394498944282532,3.0,3.0,0.7768726348876953,1.045798420906067,-353.8060302734375,1026.46240234375,-521.2874145507812,2497.271484375,3819.46826171875,3692.97265625,4128.77587890625,3710.953125,3.938009023666382,-1.6463650465011597
28.12721061706543,0.9242255091667175,0.27243027091026306,18.99683380126953,4.095139980316162,0.22433531284332275,0.573914647102356,27.92253875732422,0.0,60.12556457519531,53.928829193115234,-6825.77978515625,-1286.71337890625,252.24513244628906,-11029.3369140625,0.22433531284332275,-0.06010973080992699,19.43321418762207,-0.2779178321361542,-0.0170691329985857,0.018451515585184097,-0.008365219458937645,-0.03412937745451927,-0.04427742958068848,0.010379678569734097,-0.08007371425628662,0.37531113624572754,-0.11551105976104736,-0.47227758169174194,1.2236428260803223,-0.4191729426383972,0.2192179560661316,0.35390615463256836,-0.5954645872116089,3.0,3.0,0.749961256980896,1.0402181148529053,-257.0296936035156,1363.9666748046875,-944.77734375,2922.615966796875,3616.44580078125,3480.731689453125,3975.107666015625,3427.9716796875,2.1185543537139893,-0.9356274008750916
28.31717872619629,0.9651768803596497,0.27467361092567444,18.99330711364746,4.1778693199157715,0.2001885175704956,0.5420575737953186,30.691064834594727,0.0,60.42457580566406,54.01038360595703,-6350.46826171875,-2638.4921875,570.624755859375,-11209.4150390625,0.2001885175704956,-0.05815637484192848,19.447372436523438,-0.2787185609340668,-0.013316022232174873,0.017296405509114265,-0.01308799535036087,-0.02189294993877411,-0.04846915975213051,0.012571858242154121,-0.08288226276636124,0.36004236340522766,-0.10804243385791779,-0.2260158807039261,0.7766101360321045,-0.2024615854024887,0.02541719377040863,0.04165953770279884,-0.593228280544281,3.0,3.0,0.7260177135467529,1.0155283212661743,-218.56753540039062,1594.0791015625,-1090.5601806640625,3108.732666015625,3898.64013671875,3284.573974609375,3697.47509765625,3112.37060546875,-4.453817367553711,1.0367835760116577
28.507112503051758,1.006955623626709,0.2766754925251007,18.988597869873047,4.260452747344971,0.1735287457704544,0.5131509304046631,33.912750244140625,0.0,60.69894790649414,54.2520866394043,-6030.3583984375,-3484.025634765625,676.9926147460938,-11174.2939453125,0.1735287457704544,-0.0559617280960083,19.4606876373291,-0.27954739332199097,-0.00971559900790453,0.016215981915593147,-0.015348154120147228,-0.014126848429441452,-0.05049377679824829,0.012826030142605305,-0.08876316249370575,0.3223949074745178,-0.08506087958812714,-0.0017299950122833252,0.2259182333946228,0.03547742962837219,-0.15516379475593567,-0.10537207871675491,-0.6231279969215393,3.0,3.0,0.7018927931785583,0.9699698090553284,-7.658119201660156,1600.2642822265625,-1511.849365234375,3129.069580078125,3964.349853515625,3131.275146484375,3748.2001953125,3132.85302734375,-7.012231349945068,2.711273193359375
28.696998596191406,1.0495601892471313,0.27841079235076904,18.985708236694336,4.341416835784912,0.14551013708114624,0.4901733100414276,37.076148986816406,0.19999313354492188,60.89198303222656,54.54378890991211,-5699.548828125,-3773.894287109375,586.40869140625,-11017.9814453125,0.14551013708114624,-0.05360819399356842,19.47575569152832,-0.2804350256919861,-0.006491649895906448,0.015365373343229294,-0.015365454368293285,-0.011867666617035866,-0.05013900250196457,0.011274391785264015,-0.09553016722202301,0.2380780279636383,-0.056026093661785126,0.08068925887346268,-0.2680375576019287,0.23084504902362823,-0.26253241300582886,-0.030809737741947174,-0.6775287985801697,3.0,3.0,0.6747736930847168,0.9179491400718689,-16.501876831054688,1930.590087890625,-1680.943359375,3239.1708984375,3852.227294921875,3138.4658203125,3516.947021484375,3063.083251953125,-10.76660442352295,3.48384952545166
28.886856079101562,1.092974305152893,0.27986589074134827,18.980579376220703,4.420956611633301,0.11729738116264343,0.4735319912433624,40.2550163269043,2.4156494140625,61.01919937133789,54.88758087158203,-5444.3203125,-3395.5556640625,257.8348388671875,-10700.458984375,0.11729738116264343,-0.05102597177028656,19.488643646240234,-0.28139033913612366,-0.004110869951546192,0.014805112034082413,-0.014558562077581882,-0.014548041857779026,-0.047830551862716675,0.00864906795322895,-0.10065022855997086,0.14995455741882324,-0.03183247148990631,0.03758946433663368,-0.6405794620513916,0.36528298258781433,-0.30211374163627625,0.15093350410461426,-0.751983642578125,3.0,3.0,0.6445346474647522,0.8576725721359253,-99.66046142578125,1941.2821044921875,-1764.4058837890625,2963.94384765625,3716.113525390625,3161.61767578125,3552.859375,2962.037353515625,-10.348057746887207,3.1224522590637207
29.076662063598633,1.1371839046478271,0.2810388505458832,18.975488662719727,4.496229648590088,0.08754868805408478,0.45609450340270996,43.328277587890625,5.207359313964844,61.13340377807617,55.22477722167969,-5260.65380859375,-2557.3046875,-209.33944702148438,-10264.193359375,0.08754868805408478,-0.04838036000728607,19.500904083251953,-0.2823968529701233,-0.0026113244239240885,0.014486786909401417,-0.01418266724795103,-0.020953835919499397,-0.04417772218585014,0.0056279306299984455,-0.10211595147848129,0.03754205256700516,-0.018731562420725822,-0.05720118060708046,-0.8355278372764587,0.41778451204299927,-0.2965144217014313,0.3014110326766968,-0.846830427646637,3.0,3.0,0.6149066090583801,0.7974840998649597,-273.91973876953125,2211.281494140625,-2042.560546875,2959.888916015625,3560.916015625,3049.186767578125,3121.861572265625,2889.335693359375,-11.763875961303711,1.9245034456253052
29.266416549682617,1.1821461915969849,0.2819143235683441,18.970638275146484,4.56803560256958,0.061131551861763,0.43481335043907166,46.383697509765625,8.364875793457031,61.17254638671875,55.67211151123047,-5392.7197265625,-1252.3648681640625,-872.7116088867188,-9616.2177734375,0.061131551861763,-0.0456177294254303,19.512868881225586,-0.2834179997444153,-0.0022359038703143597,0.01429947093129158,-0.014754679054021835,-0.029309114441275597,-0.03999987617135048,0.002662786515429616,-0.09844940900802612,-0.01027195155620575,-0.018825219944119453,-0.0466979444026947,-0.9069179892539978,0.42708584666252136,-0.31534627079963684,0.41014760732650757,-0.983949601650238,3.0,3.0,0.5817190408706665,0.7239693999290466,-340.7488708496094,2220.348388671875,-1927.411376953125,2796.272705078125,3428.978515625,3034.4501953125,2895.225341796875,2641.1201171875,-5.672425270080566,0.3051917552947998
29.45612335205078,1.2278265953063965,0.2825256288051605,18.96485710144043,4.637786865234375,0.031651243567466736,0.4038146436214447,49.13813400268555,11.38827896118164,61.24249267578125,56.076534271240234,-5563.98681640625,-63.44264602661133,-1486.546630859375,-8969.51953125,0.031651243567466736,-0.0426863431930542,19.523700714111328,-0.2844024896621704,-0.002338623395189643,0.014111218973994255,-0.015221658162772655,-0.03837829455733299,-0.03572901710867882,-0.0004906761460006237,-0.08920165151357651,-0.06420532613992691,-0.014293575659394264,0.04316210001707077,-0.7893597483634949,0.36806708574295044,-0.33521103858947754,0.4966607987880707,-0.832944929599762,3.0,3.0,0.5515235066413879,0.6537625789642334,-360.3697509765625,2356.5849609375,-2239.787109375,2739.052978515625,3446.42138671875,2777.564453125,2857.869384765625,2541.14111328125,-5.8600358963012695,0.16299843788146973
29.645771026611328,1.2742044925689697,0.28284212946891785,18.959880828857422,4.706519603729248,0.005498845130205154,0.36665821075439453,52.22160720825195,13.641422271728516,61.21405029296875,56.39731979370117,-5857.59814453125,1222.30322265625,-2167.59716796875,-8320.5537109375,0.005498845130205154,-0.039524663239717484,19.53531265258789,-0.2852945029735565,-0.0029806767124682665,0.01396828331053257,-0.014790037646889687,-0.04627189040184021,-0.03204834461212158,-0.00384278642013669,-0.07336089015007019,-0.04427511245012283,-0.021542120724916458,0.1807888150215149,-0.613900899887085,0.3040323555469513,-0.3456173539161682,0.5822091698646545,-0.6445093750953674,3.0,3.0,0.5128103494644165,0.5936247110366821,-638.8353881835938,2584.517822265625,-2126.043212890625,2781.3994140625,3643.48974609375,2803.35986328125,2557.760986328125,2364.822509765625,1.031148076057434,-1.1087735891342163
29.835369110107422,1.3212696313858032,0.28289711475372314,18.955059051513672,4.771941661834717,-0.01822526939213276,0.3108851909637451,54.61761474609375,15.580825805664062,61.450782775878906,56.45526885986328,-6002.3466796875,1983.8870849609375,-2729.40234375,-7877.71923828125,-0.01822526939213276,-0.03627179563045502,19.54650115966797,-0.286028116941452,-0.0034234276972711086,0.013752861879765987,-0.012982149608433247,-0.052410900592803955,-0.02900802157819271,-0.007298959884792566,-0.05299227684736252,0.015635468065738678,-0.03039839118719101,0.23321093618869781,-0.326633095741272,0.22030633687973022,-0.282471626996994,0.6600866913795471,-0.4878067970275879,3.0,3.0,0.5074804425239563,0.567584216594696,-531.9471435546875,2681.931640625,-2440.046875,2753.28076171875,3667.599853515625,2727.072998046875,2068.623291015625,2306.188232421875,5.395427227020264,-1.2698864936828613
30.024919509887695,1.3689889907836914,0.2827148735523224,18.952539443969727,4.832200527191162,-0.045620981603860855,0.24095819890499115,56.400352478027344,17.66656494140625,62.062950134277344,56.4666748046875,-5898.59765625,2024.1656494140625,-3211.828369140625,-7679.421875,-0.045620981603860855,-0.03307042643427849,19.55885887145996,-0.28655803203582764,-0.0032670730724930763,0.013448878191411495,-0.010650040581822395,-0.05567723140120506,-0.026804957538843155,-0.01012367568910122,-0.03138141706585884,0.08644446730613708,-0.05828285217285156,0.11933307349681854,0.09060344099998474,0.13356360793113708,-0.12330096960067749,0.6986986994743347,-0.40038353204727173,2.7638156414031982,3.0,0.5615524053573608,0.551670253276825,-518.622802734375,3028.010498046875,-2903.7255859375,2987.434814453125,3568.0087890625,2384.449951171875,1782.541748046875,1992.197998046875,7.241486072540283,-2.804917335510254
30.214445114135742,1.4173109531402588,0.28225865960121155,18.956430435180664,4.883822441101074,-0.07325293123722076,0.16407839953899384,57.34431838989258,20.108396530151367,62.774757385253906,56.65846252441406,-5641.28515625,1386.961181640625,-3506.672607421875,-7537.34716796875,-0.07325293123722076,-0.030108004808425903,19.575441360473633,-0.28687185049057007,-0.002402628306299448,0.012866050004959106,-0.009456709958612919,-0.054771196097135544,-0.025469321757555008,-0.011356685310602188,-0.010296545922756195,0.18926285207271576,-0.08428280055522919,-0.09606374800205231,0.5726014971733093,0.03209182620048523,0.045744702219963074,0.664417564868927,-0.3922228217124939,1.9658035039901733,3.0,0.6465734243392944,0.516953706741333,-77.75875854492188,3526.799072265625,-3357.21044921875,3178.105712890625,3455.469970703125,1792.6680908203125,1227.895263671875,1480.40380859375,10.678203582763672,-2.5815446376800537
30.404008865356445,1.4661492109298706,0.281526118516922,18.964176177978516,4.930734634399414,-0.09547411650419235,0.08499176055192947,57.561161041259766,22.385427474975586,63.59529113769531,57.21198272705078,-5043.6943359375,98.24949645996094,-3589.677490234375,-7540.84521484375,-0.09547411650419235,-0.027155637741088867,19.594696044921875,-0.28697481751441956,-0.0005099998088553548,0.01202322170138359,-0.010417347773909569,-0.04904518276453018,-0.025148402899503708,-0.010899238288402557,0.008656367659568787,0.2610621750354767,-0.11441478878259659,-0.3721884489059448,1.0230904817581177,-0.08942575007677078,0.18289552628993988,0.5159921050071716,-0.46090900897979736,1.1787641048431396,3.0,0.7587874531745911,0.43256235122680664,782.15771484375,3786.392578125,-3698.125,2849.891845703125,3670.1728515625,1264.2926025390625,885.9555053710938,1176.8477783203125,8.196113586425781,-2.873012065887451
30.593650817871094,1.5154565572738647,0.2805713713169098,18.975744247436523,4.9573235511779785,-0.12877444922924042,0.0001367310032946989,57.48739242553711,24.543964385986328,64.88387298583984,58.42082977294922,-4379.43212890625,-1528.89208984375,-3577.526123046875,-7481.5458984375,-0.12877444922924042,-0.025037230923771858,19.61259651184082,-0.2868882417678833,0.0021006218157708645,0.010879074223339558,-0.014139232225716114,-0.038814276456832886,-0.02604266069829464,-0.00907028280198574,0.023749034851789474,0.25901153683662415,-0.1424671858549118,-0.5559092164039612,1.2899985313415527,-0.18736347556114197,0.2041870802640915,0.2282661646604538,-0.5690439343452454,0.42944222688674927,3.0,0.9604843854904175,0.25944387912750244,2197.264892578125,3732.70458984375,-4236.3095703125,1678.3580322265625,1661.301513671875,214.02249145507812,609.3843994140625,920.8450927734375,0.3800852298736572,-2.67981219291687
30.783409118652344,1.5650297403335571,0.2792836129665375,18.984506607055664,4.944492816925049,-0.19616195559501648,-0.08532676845788956,57.1517448425293,26.815149307250977,66.49565887451172,60.47544860839844,-4114.029296875,-2896.752685546875,-3789.974853515625,-7120.1533203125,-0.19616195559501648,-0.024495184421539307,19.617835998535156,-0.28665074706077576,0.004690737463533878,0.009454402141273022,-0.01969832368195057,-0.02591429278254509,-0.02791629545390606,-0.007028412073850632,0.033133894205093384,0.2589060664176941,-0.15450848639011383,-0.45035338401794434,1.1855419874191284,-0.15200507640838623,0.03381305932998657,-0.15095868706703186,-0.6218478083610535,0.5363285541534424,3.0,1.2435967922210693,0.13483597338199615,2087.63232421875,3941.95654296875,-4222.36669921875,-807.880126953125,-3294.3134765625,-662.1561279296875,344.3235168457031,604.767822265625,-2.644336223602295,-1.2049528360366821
30.97325325012207,1.6144746541976929,0.277321994304657,18.984233856201172,4.909930229187012,-0.26742231845855713,-0.1612783968448639,55.45301818847656,28.591053009033203,67.0971450805664,62.405784606933594,-4105.9443359375,-3750.15380859375,-4348.9951171875,-6610.8369140625,-0.26742231845855713,-0.02423572540283203,19.608888626098633,-0.28631940484046936,0.00727979838848114,0.007909317500889301,-0.024201856926083565,-0.014058873057365417,-0.029436346143484116,-0.006690281443297863,0.03601013869047165,0.19686533510684967,-0.15259294211864471,-0.11969837546348572,0.7090796232223511,0.05706512928009033,-0.23881804943084717,-0.4834113121032715,-0.5475344061851501,1.2417324781417847,3.0,1.3764220476150513,0.38418519496917725,1717.6005859375,3820.876220703125,-4286.08984375,-2904.77880859375,-4684.443359375,-1713.97119140625,-1.6038055419921875,109.22463989257812,-10.519048690795898,0.36124706268310547
31.163095474243164,1.663573980331421,0.2746477723121643,18.976890563964844,4.861414432525635,-0.3395680785179138,-0.23330040276050568,53.72162628173828,29.863811492919922,67.23526000976562,64.00853729248047,-4512.33984375,-3771.12646484375,-5408.94970703125,-5902.60009765625,-0.3395680785179138,-0.02386537380516529,19.589685440063477,-0.28595930337905884,0.009248452261090279,0.006383388303220272,-0.025398841127753258,-0.006968076806515455,-0.028865694999694824,-0.009078461676836014,0.032441478222608566,0.11289068311452866,-0.14438217878341675,0.3240073025226593,-0.04016458988189697,0.4382389485836029,-0.5182809829711914,-0.5191951990127563,-0.32724109292030334,1.919384241104126,3.0,1.4421879053115845,0.620833694934845,926.8406982421875,3344.232177734375,-4039.449951171875,-3775.1796875,-5065.78857421875,-2630.66650390625,-391.4713134765625,-187.59967041015625,-14.109596252441406,1.4581489562988281
31.35286521911621,1.7121881246566772,0.2712520956993103,18.964881896972656,4.802384376525879,-0.41764718294143677,-0.30499470233917236,51.34468460083008,31.674072265625,67.53535461425781,65.54741668701172,-5196.12548828125,-3070.376953125,-6749.7490234375,-4995.27587890625,-0.41764718294143677,-0.0232403427362442,19.563478469848633,-0.2856348752975464,0.01037735864520073,0.004939566366374493,-0.02215876802802086,-0.007369722705334425,-0.02448330447077751,-0.014261271804571152,0.024771839380264282,0.07415206730365753,-0.1493728756904602,0.6918307542800903,-0.7977825999259949,0.8451743721961975,-0.7169352769851685,-0.11928001046180725,0.039536237716674805,2.634000062942505,3.0,1.5446168184280396,0.8528393507003784,434.43878173828125,2941.779296875,-4045.574951171875,-4136.2490234375,-5319.09716796875,-3605.28955078125,-710.2991333007812,-185.50482177734375,-10.270500183105469,0.6653621196746826
31.54251480102539,1.7602119445800781,0.26707562804222107,18.95013999938965,4.737624645233154,-0.4942789077758789,-0.36017319560050964,47.620853424072266,34.56327819824219,68.27457427978516,66.95181274414062,-5791.3017578125,-2534.892822265625,-7701.58349609375,-4152.90380859375,-0.4942789077758789,-0.022092506289482117,19.53337860107422,-0.28538715839385986,0.011118879541754723,0.0034458376467227936,-0.015240460634231567,-0.015347547829151154,-0.01603155955672264,-0.021430624648928642,0.01477017067372799,-0.03276868164539337,-0.14912861585617065,0.77667635679245,-1.1000916957855225,0.9704175591468811,-0.73475581407547,0.4296058714389801,0.5095393657684326,3.0,3.0,1.7252548933029175,1.067842721939087,511.106201171875,2017.52001953125,-3907.90283203125,-4113.4990234375,-5408.69287109375,-4163.64111328125,-801.2333374023438,-268.50518798828125,-13.89901351928711,0.8005279898643494
31.73201560974121,1.8075882196426392,0.262132853269577,18.938251495361328,4.674647331237793,-0.5633849501609802,-0.36733776330947876,44.58930969238281,36.37095260620117,69.286865234375,68.28218078613281,-6838.85107421875,-2075.874267578125,-8367.0458984375,-3359.84130859375,-0.5633849501609802,-0.02013401687145233,19.50665855407715,-0.28523945808410645,0.010791192762553692,0.0019545515533536673,-0.007473697420209646,-0.02634846419095993,-0.006327384151518345,-0.028778182342648506,0.001296202652156353,-0.1707855463027954,-0.13868197798728943,0.7263553142547607,-0.8898570537567139,0.7585558295249939,-0.60145503282547,0.8843866586685181,0.9623774886131287,3.0,3.0,1.9493118524551392,1.273432970046997,1181.260009765625,1803.8914794921875,-3666.981201171875,-4201.9091796875,-5205.810546875,-4157.57470703125,-839.6533203125,-258.12835693359375,-13.783077239990234,0.8352543711662292
31.921398162841797,1.8543347120285034,0.2564989924430847,18.924726486206055,4.6131486892700195,-0.6285743117332458,-0.36713936924934387,42.548309326171875,37.06151580810547,69.56108093261719,68.45513153076172,-8422.912109375,-1220.3824462890625,-8738.0341796875,-2545.430419921875,-0.6285743117332458,-0.017398983240127563,19.478870391845703,-0.2852264940738678,0.009083337150514126,0.0005677317967638373,-0.0002101445570588112,-0.03524703532457352,0.0012581739574670792,-0.03479273244738579,-0.012634079903364182,-0.25486281514167786,-0.11972744762897491,0.7364799380302429,-0.508208155632019,0.3224298655986786,-0.42198073863983154,0.7605044841766357,0.8233943581581116,3.0,3.0,2.0523571968078613,1.300575613975525,1390.239990234375,1715.540283203125,-3782.739013671875,-4365.32470703125,-4866.341796875,-4201.58251953125,-837.0346069335938,-269.06036376953125,-7.559258937835693,0.8589224815368652
32.11064529418945,1.9004662036895752,0.25021323561668396,18.912616729736328,4.551435470581055,-0.6850057244300842,-0.37596121430397034,40.110599517822266,39.734718322753906,67.65208435058594,68.57381439208984,-10606.3857421875,330.8468933105469,-9257.5361328125,-1452.540771484375,-0.6850057244300842,-0.014048025012016296,19.452573776245117,-0.28535282611846924,0.006534709129482508,-0.0006295426283031702,0.007154654711484909,-0.04032911732792854,0.004482472315430641,-0.03901254013180733,-0.024971116334199905,-0.19833780825138092,-0.11109064519405365,0.9197503328323364,-0.36342519521713257,-0.05704304575920105,-0.34100982546806335,0.5078487992286682,0.8222610354423523,3.0,3.0,1.789747714996338,1.3254728317260742,1742.223388671875,1558.145751953125,-3674.7568359375,-4379.2314453125,-4559.40087890625,-4203.72021484375,-1006.7056884765625,-544.3471069335938,4.4126410484313965,-0.16605055332183838
32.29977035522461,1.9459805488586426,0.2433631718158722,18.904104232788086,4.487694263458252,-0.72944575548172,-0.3967093825340271,36.23652267456055,40.10210418701172,65.0129165649414,67.82077026367188,-11974.3251953125,1585.4249267578125,-9629.1962890625,-1136.465576171875,-0.72944575548172,-0.010285049676895142,19.42947769165039,-0.28560253977775574,0.0045513310469686985,-0.001740449108183384,0.016352158039808273,-0.043963368982076645,0.003912041895091534,-0.04242263734340668,-0.037372373044490814,-0.15030865371227264,-0.1169799342751503,0.9012213349342346,-0.3638426661491394,-0.2744321823120117,-0.1784692406654358,0.33781784772872925,0.9187197089195251,3.0,3.0,1.408266544342041,1.2234541177749634,1897.892578125,1405.6942138671875,-3396.514892578125,-4064.6669921875,-4235.0634765625,-4121.0390625,-1532.8988037109375,-973.0953979492188,4.0209760665893555,-0.6070769429206848
32.48881149291992,1.990857481956482,0.2360687106847763,18.89669418334961,4.418352127075195,-0.7620211243629456,-0.41942548751831055,32.330299377441406,39.722320556640625,62.642127990722656,66.89908599853516,-12000.0,2451.126220703125,-9755.25390625,-1152.9659423828125,-0.7620211243629456,-0.006378948222845793,19.406362533569336,-0.28597626090049744,0.003048244398087263,-0.0029102484695613384,0.02536437101662159,-0.04760179668664932,0.0011677201837301254,-0.04420733079314232,-0.045380719006061554,-0.13816024363040924,-0.1422189176082611,0.4061959385871887,-0.3754329979419708,-0.3127456307411194,0.03751860558986664,0.2791723310947418,0.9477706551551819,3.0,3.0,1.0861287117004395,1.1080453395843506,1931.8397216796875,942.8363647460938,-2947.307373046875,-4059.86474609375,-4212.5390625,-4177.19580078125,-2255.77099609375,-1235.343994140625,2.008051872253418,-1.1360902786254883
32.67778015136719,2.035041093826294,0.22844849526882172,18.893991470336914,4.345603942871094,-0.7805113792419434,-0.4413498044013977,28.340431213378906,39.48970413208008,60.523948669433594,65.95863342285156,-12000.0,2985.351318359375,-9675.0830078125,-928.0021362304688,-0.7805113792419434,-0.0023808181285858154,19.38729476928711,-0.2864300608634949,0.001666642026975751,-0.0043324376456439495,0.0294263307005167,-0.05135612562298775,-0.001959735993295908,-0.043832145631313324,-0.050703518092632294,-0.05158483237028122,-0.14934125542640686,-0.18313634395599365,-0.30413830280303955,-0.23119935393333435,0.1210118755698204,0.31318846344947815,0.8415330052375793,3.0,3.0,0.8337153196334839,1.0012867450714111,2114.89111328125,743.85595703125,-2279.80078125,-3980.84423828125,-4215.2158203125,-3967.9345703125,-2882.826171875,-1579.317138671875,9.099529266357422,0.6240462064743042
32.86671829223633,2.0784971714019775,0.22064338624477386,18.896108627319336,4.267549991607666,-0.7836273908615112,-0.4656570851802826,24.03802490234375,39.8301887512207,58.99881362915039,65.5316162109375,-12000.0,3006.426513671875,-9324.669921875,-903.962890625,-0.7836273908615112,0.0014730840921401978,19.372013092041016,-0.28693708777427673,0.0011507936287671328,-0.005825850181281567,0.02759496681392193,-0.05439750850200653,-0.0042717293836176395,-0.042622026056051254,-0.0566568486392498,0.07820097357034683,-0.14352193474769592,-0.561192512512207,-0.06177918612957001,-0.1630265861749649,0.12661604583263397,0.4022503197193146,0.7670215368270874,3.0,3.0,0.7030953168869019,0.9710662364959717,2143.940673828125,590.2634887695312,-1484.92724609375,-3985.869384765625,-4042.20703125,-4016.02294921875,-3541.362548828125,-2090.518798828125,13.205490112304688,1.109116554260254
33.05567932128906,2.1211726665496826,0.21280711889266968,18.90326690673828,4.189265251159668,-0.7763766050338745,-0.47493231296539307,20.26226234436035,40.05904769897461,57.877830505371094,65.46080780029297,-11415.8193359375,2443.879638671875,-8631.5107421875,-1281.706787109375,-0.7763766050338745,0.005283995997160673,19.361907958984375,-0.2875036597251892,0.0019328033085912466,-0.007261069491505623,0.021983042359352112,-0.05501529946923256,-0.005901995114982128,-0.04135586693882942,-0.06108993664383888,0.14867275953292847,-0.1135857105255127,-0.7393622994422913,0.3405272364616394,-0.2242538034915924,0.17423149943351746,0.5228440165519714,0.6815697550773621,3.0,3.0,0.6560430526733398,0.987086832523346,2381.603515625,341.2279052734375,-467.90728759765625,-4050.9443359375,-3879.36669921875,-4087.5458984375,-3919.115478515625,-2006.019287109375,8.416540145874023,2.541508197784424
33.244712829589844,2.1630654335021973,0.20504334568977356,18.91222381591797,4.112418174743652,-0.7627350687980652,-0.47147777676582336,17.304916381835938,40.129451751708984,57.111427307128906,65.61035919189453,-10202.59765625,1810.4000244140625,-7990.583984375,-1827.1177978515625,-0.7627350687980652,0.009071111679077148,19.35417938232422,-0.2881145477294922,0.0034195310436189175,-0.008396926335990429,0.014589419588446617,-0.05161002650856972,-0.008144533261656761,-0.03961355239152908,-0.05937705188989639,0.18706318736076355,-0.09884956479072571,-0.8218545913696289,0.6445892453193665,-0.3268878161907196,0.27126145362854004,0.6947340369224548,0.56009840965271,3.0,3.0,0.6598849296569824,1.0302644968032837,2687.609375,108.37225341796875,88.693115234375,-4223.056640625,-3800.5283203125,-4031.114013671875,-3886.8740234375,-1971.6248779296875,5.533782958984375,1.1257506608963013
33.433834075927734,2.2041895389556885,0.19741599261760712,18.926692962646484,4.038144111633301,-0.7470622062683105,-0.46344617009162903,14.512763977050781,40.031517028808594,56.59906005859375,65.42013549804688,-8816.0146484375,946.8603515625,-7488.37646484375,-2324.668212890625,-0.7470622062683105,0.012789323925971985,19.352684020996094,-0.28870832920074463,0.0052901627495884895,-0.009385421872138977,0.006370874121785164,-0.04516413435339928,-0.011413411237299442,-0.03690093755722046,-0.05244008079171181,0.16153573989868164,-0.09908309578895569,-0.8129936456680298,0.7677958011627197,-0.37977680563926697,0.34102296829223633,0.9862183928489685,0.4131576418876648,3.0,3.0,0.6845616698265076,1.02726411819458,2673.841064453125,295.97723388671875,707.510986328125,-3857.021728515625,-3637.68896484375,-3959.48583984375,-3730.22607421875,-2111.7548828125,-0.9012084007263184,-0.07409524917602539
33.62310028076172,2.2445709705352783,0.18994536995887756,18.94291114807129,3.9642908573150635,-0.7302427291870117,-0.45016399025917053,12.294548034667969,40.36894989013672,56.62712860107422,64.8927001953125,-7804.26416015625,-99.04861450195312,-7284.24169921875,-2551.911865234375,-0.7302427291870117,0.01635301113128662,19.353282928466797,-0.2892327308654785,0.006905520334839821,-0.01037625316530466,-0.001759062521159649,-0.03748617693781853,-0.015211178921163082,-0.033490706235170364,-0.044606391340494156,0.11684617400169373,-0.08342742919921875,-0.6169335246086121,0.7202306389808655,-0.2882051467895508,0.27389830350875854,0.6680021286010742,0.28813737630844116,3.0,3.0,0.707306444644928,0.982931911945343,2718.33984375,443.59124755859375,544.6521606445312,-3462.27392578125,-3340.418701171875,-3994.159912109375,-3591.282958984375,-2486.25537109375,-4.024706840515137,1.3097825050354004
33.812530517578125,2.2842137813568115,0.18264293670654297,18.96060562133789,3.8901078701019287,-0.7105250358581543,-0.45320942997932434,10.834808349609375,41.04579162597656,55.955467224121094,64.7067642211914,-7268.71630859375,-679.1921997070312,-7933.7119140625,-2552.751708984375,-0.7105250358581543,0.01971679925918579,19.355552673339844,-0.28967878222465515,0.00807398185133934,-0.011210527271032333,-0.007928397506475449,-0.030283870175480843,-0.018093230202794075,-0.030751723796129227,-0.03957819193601608,0.0285286083817482,-0.07204556465148926,-0.2616805136203766,0.4332899749279022,0.08133968710899353,0.07886587083339691,0.46426817774772644,0.266081839799881,3.0,3.0,0.743445098400116,0.9793738722801208,2523.350830078125,327.33154296875,1165.3472900390625,-3436.51953125,-3241.19140625,-4103.0791015625,-3411.6025390625,-2731.014404296875,-9.84415054321289,1.2696623802185059
34.00213623046875,2.3231148719787598,0.17553769052028656,18.982555389404297,3.817884683609009,-0.6856545209884644,-0.45361924171447754,9.85354232788086,41.175453186035156,55.59675598144531,64.29501342773438,-7352.84912109375,-812.3229370117188,-8942.8828125,-2264.75830078125,-0.6856545209884644,0.022940292954444885,19.362688064575195,-0.29007455706596375,0.008359268307685852,-0.011930982582271099,-0.010545202530920506,-0.025950970128178596,-0.017279833555221558,-0.029963064938783646,-0.037999823689460754,-0.08386165648698807,-0.06167909502983093,0.19827455282211304,-0.01364433765411377,0.5897836685180664,-0.20451639592647552,0.4840346872806549,0.42027178406715393,3.0,3.0,0.7757198810577393,0.9479256272315979,2685.52392578125,454.9165344238281,1713.17724609375,-3369.2353515625,-3146.953125,-3902.7998046875,-3435.40966796875,-2762.366455078125,-13.270835876464844,1.3703405857086182
34.19196319580078,2.3612937927246094,0.16868114471435547,19.004226684570312,3.7419159412384033,-0.6636338829994202,-0.45340290665626526,9.55954360961914,40.72311019897461,56.04556655883789,63.85077667236328,-7959.38134765625,-594.8383178710938,-9959.6826171875,-1852.1109619140625,-0.6636338829994202,0.025731056928634644,19.369115829467773,-0.29045456647872925,0.007520651910454035,-0.01254777330905199,-0.00856245681643486,-0.026087412610650063,-0.011381996795535088,-0.032008230686187744,-0.03987870365381241,-0.14647358655929565,-0.04483594745397568,0.6338412761688232,-0.4461274743080139,0.9732446670532227,-0.45876073837280273,0.7708534002304077,0.7934482097625732,3.0,3.0,0.7684193849563599,0.913881242275238,2584.6962890625,438.3243408203125,1446.589599609375,-3051.0478515625,-3227.305419921875,-4129.28759765625,-3536.936279296875,-2976.052978515625,-8.748526573181152,1.8410965204238892
34.38200378417969,2.3987128734588623,0.16204480826854706,19.023399353027344,3.665116786956787,-0.6466200351715088,-0.4485574960708618,9.575878143310547,39.84656524658203,57.23432159423828,63.60344314575195,-8511.7353515625,-374.4764404296875,-10688.8271484375,-1852.7618408203125,-0.6466200351715088,0.028286680579185486,19.373249053955078,-0.290853351354599,0.00605591619387269,-0.012996132485568523,-0.002224044408649206,-0.030548688024282455,-0.001649550162255764,-0.03659583628177643,-0.046234630048274994,-0.20500807464122772,-0.04481110721826553,0.7875890731811523,-0.6311131715774536,0.9946032166481018,-0.45959341526031494,0.8109646439552307,0.7465812563896179,3.0,3.0,0.7602757811546326,0.902660608291626,2820.80810546875,584.836181640625,288.0015563964844,-2633.1767578125,-3217.3388671875,-4075.807861328125,-3446.227294921875,-3203.81494140625,-6.136325836181641,0.229506254196167
34.57223892211914,2.435364007949829,0.15557861328125,19.036291122436523,3.5876033306121826,-0.6313063502311707,-0.46576711535453796,8.479736328125,40.266700744628906,57.998504638671875,63.9936408996582,-9256.7978515625,153.7215118408203,-11467.6708984375,-1718.7855224609375,-0.6313063502311707,0.030697792768478394,19.37140464782715,-0.2913157045841217,0.0040058353915810585,-0.013444243930280209,0.005651846062391996,-0.036859817802906036,0.008296481333673,-0.04119177162647247,-0.05683112516999245,-0.26188141107559204,-0.04828794673085213,0.6938459873199463,-0.5948105454444885,0.7102864980697632,-0.2901436686515808,0.5838865041732788,0.5219064354896545,3.0,3.0,0.7853198647499084,0.9565532803535461,2882.28759765625,245.7958984375,-176.979736328125,-2925.064697265625,-3104.627197265625,-4328.4013671875,-3508.720703125,-2933.53759765625,-3.806382179260254,-0.2580338716506958
34.76259994506836,2.4712400436401367,0.14926555752754211,19.039918899536133,3.509521007537842,-0.6273631453514099,-0.5048642158508301,7.007148742675781,40.666561126708984,58.51663589477539,65.07583618164062,-10133.6669921875,1196.067626953125,-12000.0,-1305.5814208984375,-0.6273631453514099,0.03301284834742546,19.36066246032715,-0.29188400506973267,0.0013870212715119123,-0.013927123509347439,0.012590305879712105,-0.0428079217672348,0.015399346128106117,-0.04409320652484894,-0.06729710847139359,-0.21276456117630005,-0.07328438758850098,0.4904342293739319,-0.5340693593025208,0.2569270133972168,-0.1303931325674057,0.4842090308666229,0.44464728236198425,3.0,3.0,0.8267088532447815,1.0960758924484253,2684.31591796875,-179.22201538085938,-848.196533203125,-3172.38427734375,-3496.955322265625,-4526.423828125,-3178.847412109375,-2533.27197265625,6.372293472290039,-2.3420073986053467
34.952999114990234,2.5063352584838867,0.14299193024635315,19.03505516052246,3.4290409088134766,-0.6271624565124512,-0.5421686768531799,5.110237121582031,40.58430480957031,58.959861755371094,65.9050064086914,-10522.7353515625,1879.5703125,-12000.0,-1148.1666259765625,-0.6271624565124512,0.03523997589945793,19.341447830200195,-0.2925569713115692,-0.0007406242657452822,-0.01465996727347374,0.017494648694992065,-0.04814861714839935,0.017968615517020226,-0.045397136360406876,-0.07772642374038696,-0.12348702549934387,-0.09385792911052704,0.16923803091049194,-0.3553374409675598,-0.26839977502822876,0.014525920152664185,0.4606328010559082,0.47894760966300964,3.0,3.0,0.8761097192764282,1.2189663648605347,2277.142822265625,-634.410888671875,-1346.350341796875,-3277.367431640625,-3760.834716796875,-4506.9169921875,-3172.523681640625,-2490.023681640625,10.79371452331543,-2.106217861175537
35.143348693847656,2.54062557220459,0.13672029972076416,19.0219669342041,3.3493194580078125,-0.6279066205024719,-0.5803227424621582,2.899688720703125,39.68336868286133,59.46229553222656,66.49024963378906,-10300.146484375,2255.033447265625,-12000.0,-1222.849609375,-0.6279066205024719,0.03756958246231079,19.314586639404297,-0.2933342456817627,-0.001975494436919689,-0.015598546713590622,0.01918702945113182,-0.05170199275016785,0.015284618362784386,-0.04525187611579895,-0.08892276883125305,0.042135417461395264,-0.12343213707208633,-0.24020126461982727,-0.09036064147949219,-0.6072596311569214,0.1393028199672699,0.5015991926193237,0.6093664765357971,3.0,3.0,0.9397622346878052,1.3193614482879639,1917.8538818359375,-1094.8564453125,-1673.868896484375,-3462.79541015625,-3811.896728515625,-4342.7412109375,-2963.942138671875,-2481.462646484375,17.811283111572266,-2.6655702590942383
35.33356857299805,2.5741188526153564,0.13044123351573944,19.01161003112793,3.2691526412963867,-0.6271880865097046,-0.5497208833694458,1.1121940612792969,38.68262481689453,58.75448989868164,66.16305541992188,-9174.1806640625,1419.8897705078125,-12000.0,-1654.3214111328125,-0.6271880865097046,0.03984896466135979,19.290637969970703,-0.29422348737716675,-0.0015541402390226722,-0.01683286763727665,0.016785016283392906,-0.05260559916496277,0.00921202264726162,-0.0438588485121727,-0.10403155535459518,0.14550836384296417,-0.14885833859443665,-0.7457451820373535,0.43416744470596313,-0.6554946303367615,0.2814673185348511,0.6302711963653564,0.8134026527404785,3.0,3.0,0.9182071089744568,1.302249789237976,1958.57275390625,-803.1966552734375,-1472.715087890625,-3451.849853515625,-3555.795166015625,-4579.57177734375,-3074.423583984375,-2558.744384765625,12.54704475402832,-2.045194149017334
35.523685455322266,2.6068103313446045,0.12416934967041016,19.01400375366211,3.1906280517578125,-0.6177681088447571,-0.4936368763446808,0.0,35.70074462890625,57.79877853393555,65.05706024169922,-7420.0810546875,-131.91139221191406,-12000.0,-2091.436767578125,-0.6177681088447571,0.04208582639694214,19.27984619140625,-0.29526379704475403,-9.905663318932056e-05,-0.018321450799703598,0.009327564388513565,-0.048263926059007645,0.002657076343894005,-0.04104417562484741,-0.1193792000412941,0.2234131395816803,-0.16124221682548523,-1.2022607326507568,1.0452508926391602,-0.4312189221382141,0.35630130767822266,0.9847498536109924,0.9703681468963623,3.0,3.0,0.8913752436637878,1.1867318153381348,2387.333251953125,327.122314453125,-736.9656372070312,-3386.29541015625,-3177.057861328125,-4414.78955078125,-3245.0087890625,-2956.23095703125,9.926497459411621,-0.714875340461731
35.71382522583008,2.638716697692871,0.11799167096614838,19.027307510375977,3.1120522022247314,-0.6021738648414612,-0.45246949791908264,0.0,30.758384704589844,57.310604095458984,63.624061584472656,-5202.93408203125,-2209.404052734375,-11626.9775390625,-2488.403564453125,-0.6021738648414612,0.044130027294158936,19.280126571655273,-0.29645758867263794,0.002135074697434902,-0.019933873787522316,-0.0026950426399707794,-0.03781141713261604,-0.0016551129519939423,-0.0374811626970768,-0.12931182980537415,0.2737107574939728,-0.17500397562980652,-1.4944679737091064,1.5187468528747559,-0.16793182492256165,0.33052873611450195,0.3104143738746643,0.8462632894515991,3.0,3.0,0.8885711431503296,1.046018123626709,2511.18408203125,1304.232177734375,-248.01429748535156,-2964.7841796875,-2848.43359375,-4261.041015625,-3736.716796875,-3194.244140625,6.632454872131348,-0.9206724762916565
35.90409851074219,2.669837236404419,0.11196993291378021,19.03951644897461,3.034169912338257,-0.5816365480422974,-0.4586963355541229,0.0,27.312801361083984,57.53546142578125,63.6178092956543,-2819.629638671875,-3941.58203125,-11741.56640625,-2019.5689697265625,-0.5816365480422974,0.0460629016160965,19.279766082763672,-0.29775071144104004,0.004872182384133339,-0.021683912724256516,-0.017639722675085068,-0.022623948752880096,-0.0033344312105327845,-0.03417587652802467,-0.1281665861606598,0.3338501751422882,-0.19004885852336884,-1.535294771194458,1.5423245429992676,0.11123707890510559,0.03741198778152466,-0.4500744342803955,0.862611711025238,3.0,3.0,0.8946636915206909,1.05475914478302,2582.4052734375,1294.4603271484375,-277.78814697265625,-3094.266845703125,-2675.12255859375,-4097.7822265625,-3897.87060546875,-3207.311767578125,5.325033187866211,-1.085136890411377
36.0944938659668,2.700178861618042,0.10615357011556625,19.047718048095703,2.956977605819702,-0.5653996467590332,-0.47444963455200195,0.0,24.509822845458984,58.9144401550293,63.41510772705078,-502.3965148925781,-5744.97119140625,-12000.0,-1041.0509033203125,-0.5653996467590332,0.047857604920864105,19.2758731842041,-0.29903239011764526,0.008210684172809124,-0.023584401234984398,-0.03299266844987869,-0.007200703956186771,-0.0022220604587346315,-0.03380175679922104,-0.11864335834980011,0.3345070481300354,-0.2047685980796814,-1.3405367136001587,1.2279917001724243,0.2960294783115387,-0.4390510022640228,-0.9108116030693054,0.9999008774757385,3.0,3.0,0.9527855515480042,1.0461355447769165,2451.809326171875,1524.21142578125,-1053.57080078125,-3027.63818359375,-2758.1669921875,-3855.4892578125,-3666.9873046875,-3399.8544921875,-1.9709997177124023,-1.3314573764801025
36.284969329833984,2.7297487258911133,0.10049957036972046,19.054519653320312,2.877788782119751,-0.5579816699028015,-0.502575159072876,0.0,21.802631378173828,59.865821838378906,62.4874267578125,1093.4154052734375,-7187.56103515625,-12000.0,130.88107299804688,-0.5579816699028015,0.049396783113479614,19.270610809326172,-0.3002188205718994,0.011555754579603672,-0.025632087141275406,-0.04639803618192673,0.005079212598502636,0.0007382342591881752,-0.0381922647356987,-0.10409516841173172,0.3088333308696747,-0.21480578184127808,-0.8648488521575928,0.7142154574394226,0.2703188955783844,-0.8871005773544312,-0.6703792810440063,0.8838244676589966,3.0,3.0,1.0285446643829346,0.9786470532417297,2287.3876953125,1596.706787109375,-1812.1336669921875,-2372.068603515625,-3044.27734375,-3829.79345703125,-3321.71337890625,-3815.82275390625,-5.494482517242432,-1.377220869064331
36.47551345825195,2.758526563644409,0.09491975605487823,19.062694549560547,2.792070150375366,-0.5521448254585266,-0.5619673132896423,0.0,18.542654037475586,58.40968704223633,61.87248229980469,1906.1483154296875,-7836.1123046875,-12000.0,1129.099853515625,-0.5521448254585266,0.05051390826702118,19.266082763671875,-0.3012597858905792,0.014644088223576546,-0.027780145406723022,-0.05504652485251427,0.012221367098391056,0.003441423177719116,-0.04706326872110367,-0.08719266206026077,0.24605277180671692,-0.21172356605529785,-0.2183229923248291,0.11252611875534058,0.09341086447238922,-1.0566484928131104,-0.6253634095191956,0.859902024269104,3.0,3.0,0.9428653717041016,0.9441434144973755,1659.070068359375,1125.749267578125,-1124.261474609375,-1762.8819580078125,-3439.662109375,-4095.72216796875,-3680.66064453125,-3952.099365234375,-8.807659149169922,-0.22510969638824463
36.666141510009766,2.786447286605835,0.08939830958843231,19.067291259765625,2.702716588973999,-0.5476250648498535,-0.6706172227859497,0.6342277526855469,16.55742645263672,57.5091438293457,61.89237976074219,1940.6937255859375,-7772.83154296875,-12000.0,2077.706298828125,-0.5476250648498535,0.05140987038612366,19.257888793945312,-0.302131712436676,0.01710461638867855,-0.029897380620241165,-0.05722975358366966,0.013346628285944462,0.004375531803816557,-0.05762975290417671,-0.06745756417512894,0.11865176260471344,-0.21554212272167206,0.41870802640914917,-0.432081937789917,-0.10427781939506531,-0.9061869382858276,-0.6851485967636108,0.8943408131599426,3.0,3.0,0.9213714599609375,0.953130304813385,979.905029296875,467.62628173828125,-375.1013488769531,-1794.5570068359375,-3707.751953125,-4409.39111328125,-3725.559326171875,-3893.63525390625,-13.891336441040039,-0.5173447132110596
36.856815338134766,2.813474416732788,0.08392205834388733,19.072689056396484,2.613826274871826,-0.5355004668235779,-0.699999988079071,2.4283447265625,14.2244873046875,56.76033401489258,61.57366943359375,1085.3411865234375,-7259.5966796875,-12000.0,3326.40625,-0.5355004668235779,0.05227501690387726,19.25096321105957,-0.3028062880039215,0.018291134387254715,-0.03205280005931854,-0.05304267257452011,0.009025808423757553,0.0033327536657452583,-0.06669162213802338,-0.04307515546679497,-0.008937746286392212,-0.21238945424556732,0.9573476314544678,-0.7700152397155762,-0.20473727583885193,-0.6533498764038086,-0.8676245808601379,0.9510220289230347,3.0,3.0,0.9168162941932678,0.9372485876083374,820.6651000976562,296.3813781738281,59.8287353515625,-1672.2503662109375,-3600.951416015625,-4088.462646484375,-3953.3232421875,-4013.13330078125,-12.951772689819336,0.22927522659301758
37.047542572021484,2.8396127223968506,0.07856705039739609,19.076744079589844,2.5237131118774414,-0.5255277752876282,-0.699999988079071,3.9479446411132812,11.429279327392578,57.416324615478516,60.877769470214844,-265.2114562988281,-6683.0107421875,-12000.0,4492.5498046875,-0.5255277752876282,0.05296185240149498,19.24295425415039,-0.30323705077171326,0.018201757222414017,-0.034176696091890335,-0.04346919804811478,0.0013256561942398548,0.0012853809166699648,-0.07322511821985245,-0.014607148244976997,-0.11554935574531555,-0.1916501671075821,1.2579021453857422,-0.7866464257240295,-0.1658715009689331,-0.42082253098487854,-0.7630512714385986,0.9989180564880371,3.0,3.0,0.9184460639953613,0.9054164886474609,638.2845458984375,315.6513977050781,-257.47589111328125,-1363.3289794921875,-3675.929931640625,-4021.448974609375,-4132.7890625,-4025.515380859375,-10.099018096923828,1.847994327545166
37.238311767578125,2.864849805831909,0.07331177592277527,19.079587936401367,2.432032585144043,-0.5168160200119019,-0.699999988079071,3.732757568359375,8.870651245117188,57.49935531616211,60.74897384643555,-1670.493408203125,-6210.8662109375,-12000.0,5381.85888671875,-0.5168160200119019,0.053472284227609634,19.233966827392578,-0.30338311195373535,0.017046263441443443,-0.036093197762966156,-0.030890177935361862,-0.00654080742970109,-0.00037333404179662466,-0.07743334025144577,0.017228825017809868,-0.12528477609157562,-0.14363670349121094,1.2150825262069702,-0.5215938091278076,-0.02119123935699463,-0.24526719748973846,-0.35136091709136963,0.9866607189178467,3.0,3.0,0.9183382391929626,0.9014915227890015,621.340087890625,573.5413818359375,-529.9658203125,-1483.013916015625,-3703.6328125,-4087.53369140625,-4174.255859375,-4150.19775390625,-0.19572071731090546,4.445319175720215
37.429107666015625,2.8891701698303223,0.06814361363649368,19.082103729248047,2.3420755863189697,-0.5066091418266296,-0.699999988079071,2.182769775390625,7.459564208984375,56.98019027709961,61.36701202392578,-2449.358642578125,-6221.98974609375,-12000.0,5643.94140625,-0.5066091418266296,0.053982339799404144,19.225296020507812,-0.3032108247280121,0.015793416649103165,-0.03752956539392471,-0.018739353865385056,-0.011756746098399162,-0.0005852464237250388,-0.07988601177930832,0.049605078995227814,-0.14967955648899078,-0.0943257138133049,0.7295939922332764,-0.0446702241897583,0.13481169939041138,-0.024487480521202087,-0.04635906219482422,0.9894195199012756,3.0,3.0,0.9111086130142212,0.9318476915359497,530.1973876953125,604.4803466796875,-97.03820037841797,-1804.1800537109375,-3605.3251953125,-4113.11279296875,-4059.16455078125,-4029.87548828125,0.24036026000976562,5.011590957641602
37.619930267333984,2.912590980529785,0.06307752430438995,19.084556579589844,2.253570556640625,-0.49367913603782654,-0.699999988079071,1.5245170593261719,5.651275634765625,56.7369384765625,61.76338195800781,-2803.668212890625,-6375.65869140625,-12000.0,5618.111328125,-0.49367913603782654,0.05446164309978485,19.21714973449707,-0.3027147650718689,0.014296621084213257,-0.038472823798656464,-0.01144341379404068,-0.012203448452055454,0.0007628705934621394,-0.08013089001178741,0.08124911785125732,-0.15113699436187744,-0.0324370376765728,0.05227774381637573,0.3726462721824646,0.23336631059646606,0.190579354763031,-0.08029013127088547,0.9381116628646851,3.0,3.0,0.9067906737327576,0.956572413444519,469.18524169921875,592.0069580078125,141.8120880126953,-1879.5552978515625,-3373.98388671875,-4117.8876953125,-4004.777587890625,-4050.455322265625,3.064274311065674,6.467347145080566
37.81077575683594,2.935126781463623,0.05814073234796524,19.082170486450195,2.1637473106384277,-0.4847738444805145,-0.699999988079071,1.8286857604980469,3.682689666748047,57.06563949584961,61.94552230834961,-2844.1767578125,-6454.056640625,-12000.0,5183.4599609375,-0.4847738444805145,0.05476805567741394,19.20445442199707,-0.30190226435661316,0.012785251252353191,-0.03879719600081444,-0.010920636355876923,-0.0084769856184721,0.0030965334735810757,-0.07822509855031967,0.1093752384185791,-0.09496845304965973,0.014654174447059631,-0.5074729323387146,0.49987614154815674,0.2417312115430832,0.4021700620651245,-0.5139540433883667,0.8774433732032776,3.0,3.0,0.902534544467926,0.9713849425315857,588.1360473632812,457.874755859375,-366.80810546875,-2153.98876953125,-3513.614013671875,-4332.90087890625,-3910.259521484375,-3972.3076171875,7.650583267211914,5.311447620391846
38.0015983581543,2.9567642211914062,0.05329299345612526,19.072261810302734,2.074160575866699,-0.4848536252975464,-0.699999988079071,3.3874588012695312,2.2212905883789062,58.12753677368164,61.71516418457031,-2614.907958984375,-6554.3740234375,-12000.0,4377.6826171875,-0.4848536252975464,0.05503401532769203,19.184715270996094,-0.30080851912498474,0.011835566721856594,-0.03865065425634384,-0.015995364636182785,-0.003478224389255047,0.005513845477253199,-0.07420340180397034,0.13078363239765167,-0.0014548823237419128,0.06807185709476471,-0.7563759088516235,0.35992956161499023,0.15399786829948425,0.6019793152809143,-0.9306139349937439,0.8253259062767029,3.0,3.0,0.9297974109649658,0.9619911313056946,406.6826171875,304.34442138671875,-1322.80615234375,-2116.946533203125,-3798.29345703125,-4285.3837890625,-3813.704345703125,-3728.2060546875,9.75046157836914,5.680945873260498
38.19232177734375,2.977505922317505,0.04844445735216141,19.06110954284668,1.9849724769592285,-0.4920755624771118,-0.699999988079071,4.9073486328125,2.009357452392578,59.362098693847656,61.279701232910156,-1978.3909912109375,-6766.29150390625,-12000.0,3358.162109375,-0.4920755624771118,0.05531882867217064,19.164186477661133,-0.2995006740093231,0.011821017600595951,-0.037969935685396194,-0.023559123277664185,0.00012107123620808125,0.00705382414162159,-0.06818360835313797,0.1453394591808319,0.027169102802872658,0.10269482433795929,-0.7500918507575989,0.11945497989654541,0.023827895522117615,0.7583308815956116,-0.9326542019844055,0.7925520539283752,3.0,3.0,1.013100028038025,0.9440257549285889,302.5162353515625,408.9593505859375,-1903.9364013671875,-1654.659912109375,-3931.93115234375,-4219.37646484375,-3735.08740234375,-3678.46533203125,2.8794074058532715,3.637615442276001
38.3829345703125,2.9973556995391846,0.04352370277047157,19.049057006835938,1.8951528072357178,-0.5048368573188782,-0.699999988079071,4.4322662353515625,1.35540771484375,59.35633087158203,61.04865264892578,-1419.5513916015625,-6994.7431640625,-12000.0,2759.39111328125,-0.5048368573188782,0.05563800781965256,19.143096923828125,-0.29804727435112,0.012092708609998226,-0.0369429886341095,-0.03106004185974598,0.0013156209606677294,0.00729210302233696,-0.06060029938817024,0.1556353121995926,0.050585221499204636,0.13669177889823914,-0.5047744512557983,-0.07785819470882416,-0.07005833834409714,0.6876227855682373,-0.958868145942688,0.7824565768241882,3.0,3.0,1.0323312282562256,0.9440876245498657,116.78726196289062,337.10894775390625,-2113.156005859375,-1265.047607421875,-4080.199951171875,-4282.166015625,-3667.890869140625,-3660.3662109375,1.1859225034713745,2.8025906085968018
38.57342529296875,3.0163071155548096,0.03847533464431763,19.039535522460938,1.8052040338516235,-0.5164529085159302,-0.699999988079071,4.503345489501953,1.5947761535644531,59.14088821411133,60.72712707519531,-931.1192626953125,-7113.4814453125,-12000.0,2337.46533203125,-0.5164529085159302,0.05605553463101387,19.124921798706055,-0.2964909076690674,0.012598561123013496,-0.035576071590185165,-0.03610778599977493,0.0005370390135794878,0.006591519806534052,-0.05372407287359238,0.16377043724060059,0.06686607748270035,0.14713411033153534,-0.18665874004364014,-0.1665315330028534,-0.08620420098304749,0.4257621169090271,-0.962744414806366,0.7894678711891174,3.0,3.0,1.035364031791687,0.940879225730896,283.77276611328125,228.59072875976562,-1872.8486328125,-1037.7833251953125,-4284.95556640625,-4111.486328125,-3706.907470703125,-3646.6064453125,-0.08593595027923584,0.13084006309509277
38.76382064819336,3.0343592166900635,0.03331080451607704,19.03032684326172,1.7144405841827393,-0.5260507464408875,-0.699999988079071,4.868255615234375,2.0458946228027344,58.727962493896484,60.31153869628906,-585.0557861328125,-7262.01513671875,-12000.0,2127.2431640625,-0.5260507464408875,0.056536562740802765,19.107397079467773,-0.29485321044921875,0.013267221860587597,-0.03410473093390465,-0.03797437250614166,-0.0011282762279734015,0.0057294778525829315,-0.04946645349264145,0.1704789698123932,0.07552938163280487,0.1330879181623459,0.06640425324440002,-0.10667256265878677,-0.03876553848385811,0.0771813690662384,-0.9021273255348206,0.7997753620147705,3.0,3.0,1.0248441696166992,0.9361351728439331,104.75827026367188,16.046844482421875,-1704.17236328125,-694.490478515625,-4213.46240234375,-4096.37744140625,-3953.20361328125,-3643.413330078125,-0.7502503395080566,-2.3429064750671387
38.954124450683594,3.0515036582946777,0.028050296008586884,19.025463104248047,1.62381911277771,-0.5320436358451843,-0.6912794709205627,5.445552825927734,2.4189109802246094,57.987518310546875,59.85490798950195,-416.6455993652344,-7569.2509765625,-12000.0,2142.25341796875,-0.5320436358451843,0.05709313973784447,19.094633102416992,-0.2931484282016754,0.014022516086697578,-0.03277385234832764,-0.03731032833456993,-0.0021950018126517534,0.0053418222814798355,-0.04869464039802551,0.17550666630268097,0.02986397221684456,0.13389357924461365,0.1918521225452423,0.08725113421678543,0.02768189087510109,-0.23461875319480896,-0.9176405668258667,0.8018189072608948,3.0,3.0,0.9983060956001282,0.9328188300132751,308.0763244628906,56.76068115234375,-1497.7520751953125,-295.6612243652344,-4302.5556640625,-3777.429931640625,-4297.302734375,-3543.5927734375,-5.068912029266357,-1.0400044918060303
39.144378662109375,3.067741870880127,0.02272985875606537,19.025827407836914,1.5343681573867798,-0.5323827862739563,-0.6574084162712097,6.726375579833984,2.7518272399902344,57.36885452270508,59.425628662109375,-495.13543701171875,-7708.052734375,-12000.0,2222.3603515625,-0.5323827862739563,0.05774257332086563,19.087596893310547,-0.29139336943626404,0.014321155846118927,-0.03143491595983505,-0.035391807556152344,-0.001322490512393415,0.005618641152977943,-0.051040828227996826,0.1793196201324463,-0.006776440888643265,0.13858729600906372,0.2198072075843811,0.21644526720046997,0.09665419161319733,-0.38567495346069336,-0.9823259115219116,0.7895198464393616,3.0,3.0,0.9839170575141907,0.932162880897522,542.5337524414062,566.5643310546875,-1235.1904296875,-284.126220703125,-3957.951171875,-3669.729248046875,-4400.3642578125,-3719.990234375,-3.7130138874053955,-0.25966763496398926
39.33463668823242,3.083085536956787,0.017406031489372253,19.028841018676758,1.4425039291381836,-0.528926432132721,-0.6472041606903076,6.9490509033203125,3.224700927734375,57.0685920715332,59.13478088378906,-591.7828979492188,-7614.3193359375,-12000.0,2191.68701171875,-0.528926432132721,0.05825544521212578,19.083438873291016,-0.2896001636981964,0.01425339188426733,-0.030049042776226997,-0.033193737268447876,0.0008419620571658015,0.006585183087736368,-0.054897576570510864,0.182594895362854,0.004169021733105183,0.1402352750301361,0.1564357578754425,0.16634154319763184,0.13426104187965393,-0.3029078245162964,-0.8774831891059875,0.7655355334281921,3.0,3.0,0.9797303080558777,0.9326726198196411,538.611083984375,474.6552429199219,-732.9007568359375,-143.03111267089844,-3897.192138671875,-3830.71142578125,-4671.625,-3780.741943359375,1.0799660682678223,0.2057868242263794
39.524925231933594,3.097510576248169,0.012116767466068268,19.031017303466797,1.3523751497268677,-0.5229144096374512,-0.6403749585151672,6.321704864501953,3.1434707641601562,56.714012145996094,58.99506759643555,-488.76751708984375,-7639.53515625,-12000.0,2001.835205078125,-0.5229144096374512,0.05882560834288597,19.07900619506836,-0.2877742052078247,0.014295082539319992,-0.028646690770983696,-0.03162937983870506,0.0025053774006664753,0.007927793078124523,-0.05792665481567383,0.1842401772737503,-0.03193837031722069,0.1427532136440277,-0.0067729651927948,0.046433478593826294,0.11485794186592102,-0.02248162031173706,-0.8347342610359192,0.7371819019317627,3.0,3.0,0.9762011170387268,0.9338544607162476,457.2716064453125,570.6435546875,-666.1389770507812,-284.6507568359375,-3598.44970703125,-3822.10009765625,-4478.79248046875,-3970.53271484375,-2.4078478813171387,0.8396816253662109
39.71523666381836,3.111034393310547,0.0068876235745847225,19.035722732543945,1.2610474824905396,-0.5194386839866638,-0.6383438110351562,6.0454864501953125,2.460052490234375,56.471290588378906,58.77752685546875,-410.7078857421875,-7525.9501953125,-12000.0,1866.7984619140625,-0.5194386839866638,0.05926208943128586,19.07744598388672,-0.285931795835495,0.013975698500871658,-0.02721915952861309,-0.0316971093416214,0.0029697122517973185,0.009076372720301151,-0.058151472359895706,0.1851326823234558,-0.09477943181991577,0.15873105823993683,-0.1420612931251526,-0.11336646974086761,0.07029159367084503,0.2592095732688904,-0.8784782290458679,0.7081471085548401,3.0,3.0,0.9768931865692139,0.9361234307289124,522.7105712890625,678.88623046875,-600.0203857421875,17.286422729492188,-3705.500732421875,-3905.045654296875,-4296.06787109375,-4179.84912109375,-4.839860916137695,2.125164031982422
39.90559387207031,3.1236448287963867,0.0016932366415858269,19.04131507873535,1.1712785959243774,-0.5137478113174438,-0.6421724557876587,6.058963775634766,2.0325584411621094,56.26911544799805,58.54874038696289,-418.0127868652344,-7107.24755859375,-12000.0,1753.2999267578125,-0.5137478113174438,0.05974183976650238,19.077306747436523,-0.28408047556877136,0.01302790455520153,-0.025631848722696304,-0.03311772271990776,0.0018360476242378354,0.009779288433492184,-0.05555937811732292,0.1865316927433014,-0.1739504039287567,0.18908575177192688,-0.16016785800457,-0.31132829189300537,0.0419309176504612,0.3971969783306122,-0.9713415503501892,0.6778969764709473,3.0,3.0,0.9778379797935486,0.9385776519775391,504.81427001953125,676.7340087890625,-338.6227111816406,22.527496337890625,-3452.015869140625,-3944.939453125,-4250.35302734375,-4160.61669921875,-6.8235039710998535,3.1469600200653076
40.09600830078125,3.135357618331909,-0.0034442413598299026,19.04549789428711,1.0830271244049072,-0.5095808506011963,-0.6565881967544556,5.9967193603515625,1.6040725708007812,56.30447769165039,58.34031677246094,-530.4620971679688,-6264.99951171875,-12000.0,1595.1483154296875,-0.5095808506011963,0.060248322784900665,19.076265335083008,-0.2822151482105255,0.011288400739431381,-0.023740991950035095,-0.034719400107860565,-0.0012772352201864123,0.01019859779626131,-0.051587410271167755,0.1896839439868927,-0.256418913602829,0.20206502079963684,-0.051843635737895966,-0.5537322759628296,0.05572906881570816,0.3607577383518219,-0.7320950031280518,0.643130362033844,3.0,3.0,0.9794427156448364,0.9433021545410156,349.90997314453125,360.90301513671875,-386.76043701171875,371.4800109863281,-3503.572998046875,-3789.47900390625,-4009.564453125,-4235.5361328125,-7.973017692565918,1.2663332223892212
40.28646469116211,3.1461877822875977,-0.008540049195289612,19.053693771362305,0.995453953742981,-0.5022658109664917,-0.6410937905311584,4.702449798583984,1.5452880859375,55.606346130371094,58.527130126953125,-952.6204833984375,-5508.8515625,-12000.0,1501.2802734375,-0.5022658109664917,0.06073726713657379,19.079681396484375,-0.28031831979751587,0.0087242117151618,-0.021720342338085175,-0.035237837582826614,-0.006814558058977127,0.010755888186395168,-0.04797983169555664,0.19186432659626007,-0.3263726532459259,0.22360347211360931,0.18714231252670288,-0.6743308901786804,0.09541532397270203,0.17498083412647247,-0.48050767183303833,0.6053764820098877,3.0,3.0,0.9901725649833679,0.9402236342430115,687.6909790039062,647.2550048828125,54.705810546875,110.92520141601562,-3547.447265625,-3687.56884765625,-3989.652587890625,-4181.197265625,-7.197514057159424,1.4126873016357422
40.47700119018555,3.156142234802246,-0.013562707230448723,19.065282821655273,0.9095523357391357,-0.4837934076786041,-0.6017705798149109,3.96820068359375,3.385883331298828,55.049598693847656,59.0799560546875,-1566.058837890625,-4747.376953125,-12000.0,1279.3836669921875,-0.4837934076786041,0.061233822256326675,19.08696746826172,-0.27839967608451843,0.005460485350340605,-0.01948430761694908,-0.03336641564965248,-0.013557866215705872,0.01171004120260477,-0.046230021864175797,0.1921713799238205,-0.4094845950603485,0.2263399362564087,0.4420945942401886,-0.640343427658081,0.14105898141860962,-0.008890464901924133,-0.24147875607013702,0.5676609873771667,3.0,3.0,1.0028305053710938,0.9306756258010864,1206.4105224609375,722.37744140625,733.9995727539062,-474.6495361328125,-3268.124267578125,-3571.584716796875,-4035.7666015625,-4201.84033203125,-7.834982872009277,-0.605333685874939
40.66765213012695,3.1652376651763916,-0.018400641158223152,19.079904556274414,0.8252500295639038,-0.46549585461616516,-0.5597507953643799,3.3819427490234375,5.2403564453125,54.96637725830078,59.7576904296875,-2451.360107421875,-3829.996337890625,-12000.0,1121.76953125,-0.46549585461616516,0.06162601336836815,19.09774398803711,-0.27647796273231506,0.0013656392693519592,-0.017220908775925636,-0.028945470228791237,-0.019961301237344742,0.013120630756020546,-0.04631892591714859,0.1919327974319458,-0.4124639630317688,0.21721427142620087,0.6554723978042603,-0.5400794744491577,0.16653792560100555,-0.12916064262390137,-0.00036493033985607326,0.5338860154151917,3.0,3.0,0.999866247177124,0.9326431155204773,1390.3759765625,1236.5731201171875,1107.4244384765625,-927.3151245117188,-3270.845703125,-3564.189208984375,-3798.774169921875,-4138.41162109375,-0.20084095001220703,-1.7085782289505005
40.85845184326172,3.173490047454834,-0.023055600002408028,19.09518051147461,0.7448029518127441,-0.438959538936615,-0.5096044540405273,3.2223434448242188,7.7797698974609375,54.987083435058594,60.462520599365234,-3308.304443359375,-3167.462158203125,-12000.0,803.817626953125,-0.438959538936615,0.06204059720039368,19.109699249267578,-0.2745586335659027,-0.002759000286459923,-0.015048766508698463,-0.02239074558019638,-0.02536209672689438,0.014786009676754475,-0.047610532492399216,0.1894739866256714,-0.3759937584400177,0.18875806033611298,0.699322521686554,-0.35068732500076294,0.1385744959115982,-0.08965522050857544,0.24029438197612762,0.5062939524650574,3.0,3.0,0.9874634146690369,0.9452435970306396,1741.9716796875,1492.7799072265625,1279.1334228515625,-1535.658935546875,-2943.49462890625,-3261.052978515625,-3849.751220703125,-4004.03515625,4.628884792327881,-3.18373966217041
41.04940414428711,3.1809380054473877,-0.027445195242762566,19.111095428466797,0.6669296026229858,-0.4119764268398285,-0.45376262068748474,3.8813858032226562,9.740554809570312,55.40037536621094,61.120887756347656,-3972.6669921875,-3009.449951171875,-12000.0,360.9185791015625,-0.4119764268398285,0.06232854723930359,19.122730255126953,-0.2726638913154602,-0.006518937647342682,-0.013161186128854752,-0.015397520735859871,-0.028868969529867172,0.016171755269169807,-0.04850708320736885,0.18256163597106934,-0.31085678935050964,0.146373450756073,0.5366870164871216,-0.04536578059196472,0.059232428669929504,0.0895887017250061,0.43953055143356323,0.4843848645687103,3.0,3.0,0.9546307325363159,0.9684829711914062,2273.093505859375,1897.3856201171875,876.1085205078125,-1897.942626953125,-2919.066162109375,-3045.2734375,-3975.8193359375,-3644.7080078125,8.450944900512695,-4.128836631774902
41.240516662597656,3.1876072883605957,-0.03156495839357376,19.125852584838867,0.5911062955856323,-0.3863689601421356,-0.3881860375404358,5.530849456787109,11.545787811279297,55.97911071777344,61.81177520751953,-4333.08935546875,-3425.36767578125,-12000.0,-149.38973999023438,-0.3863689601421356,0.06246126815676689,19.134984970092773,-0.27083826065063477,-0.009627505205571651,-0.011697451584041119,-0.010030650533735752,-0.029322627931833267,0.01676408015191555,-0.04761119559407234,0.16949217021465302,-0.2095567286014557,0.09470704197883606,0.22037160396575928,0.3476865887641907,-0.04229068011045456,0.30963340401649475,0.5225314497947693,0.46718475222587585,3.0,3.0,0.9181147813796997,1.0063135623931885,2560.5732421875,2136.640380859375,425.9240417480469,-2131.7822265625,-2753.904052734375,-3068.26220703125,-3886.58447265625,-3508.190673828125,12.502701759338379,-4.766855239868164
41.4317741394043,3.1935184001922607,-0.035428646951913834,19.13958740234375,0.5214760899543762,-0.35509270429611206,-0.3101983368396759,8.340938568115234,13.382957458496094,56.89006042480469,62.66748809814453,-4247.13330078125,-4445.76953125,-11099.08203125,-704.2249145507812,-0.35509270429611206,0.0626678466796875,19.146690368652344,-0.26914334297180176,-0.01172307226806879,-0.010750381276011467,-0.007826934568583965,-0.025845762342214584,0.01634117402136326,-0.04451486095786095,0.15477220714092255,-0.12767821550369263,0.07051309943199158,-0.16734200716018677,0.7679226398468018,-0.33340027928352356,0.46728986501693726,0.3772701025009155,0.49533432722091675,3.0,3.0,0.8811655640602112,1.0715878009796143,2954.483154296875,2690.847900390625,-69.93458557128906,-2753.95068359375,-2443.045654296875,-2469.64013671875,-3758.409423828125,-3445.2294921875,11.58968734741211,-2.5910990238189697
41.6231689453125,3.19873309135437,-0.03897957503795624,19.14301109313965,0.4631289839744568,-0.33155912160873413,-0.23473934829235077,11.882450103759766,14.470855712890625,59.28539276123047,64.3483657836914,-3699.967529296875,-5322.08349609375,-9984.509765625,-1407.3455810546875,-0.33155912160873413,0.06316796690225601,19.14861297607422,-0.2675956189632416,-0.012999854050576687,-0.010045249946415424,-0.009500354528427124,-0.01816653646528721,0.01300717145204544,-0.03984196111559868,0.14021353423595428,-0.0256919264793396,0.04972384124994278,-0.5298891067504883,0.9331017136573792,-0.6745319366455078,0.5359712839126587,-0.09358713030815125,0.6368235349655151,3.0,3.0,0.9423149824142456,1.257763147354126,3160.236328125,3143.019775390625,-2077.91455078125,-3278.5546875,-2105.715576171875,-1879.9658203125,-3407.94873046875,-2822.06884765625,12.673957824707031,-2.1534385681152344
41.814598083496094,3.203364372253418,-0.04229516535997391,19.141809463500977,0.4202848970890045,-0.31869620084762573,-0.16704285144805908,16.55483627319336,16.460018157958984,62.464996337890625,66.08533477783203,-2817.452880859375,-5749.9658203125,-9160.5849609375,-1949.6204833984375,-0.31869620084762573,0.06424801796674728,19.14642333984375,-0.2661934792995453,-0.013256773352622986,-0.009548011235892773,-0.01479924563318491,-0.008835519663989544,0.006261852104216814,-0.03448224812746048,0.12639255821704865,0.07408391684293747,0.02871006168425083,-0.772621750831604,0.7055224776268005,-0.8332388997077942,0.4689536988735199,-0.7063468098640442,0.999189019203186,3.0,3.0,1.253706693649292,1.4903876781463623,3522.21533203125,3593.51806640625,-3588.805419921875,-3450.66552734375,-1694.491455078125,-1231.064697265625,-2440.421875,-2197.37353515625,10.366117477416992,-1.6403712034225464
42.00601577758789,3.2075672149658203,-0.045482128858566284,19.139385223388672,0.3829008936882019,-0.30928510427474976,-0.1312001347541809,21.865781784057617,20.30187225341797,65.34222412109375,66.47798919677734,-1644.919921875,-5692.03955078125,-8881.6806640625,-1827.0137939453125,-0.30928510427474976,0.06548537313938141,19.14321517944336,-0.26492956280708313,-0.012515934184193611,-0.00926091056317091,-0.02252546325325966,-0.0017802948132157326,-0.002070536371320486,-0.02979271113872528,0.11633457243442535,0.12911058962345123,-0.0029263030737638474,-0.8653115630149841,0.17373746633529663,-0.6472182273864746,0.17567235231399536,-0.9676350355148315,0.6087737679481506,3.0,3.0,1.6426459550857544,1.5530906915664673,3738.250732421875,3855.646484375,-4034.288818359375,-3709.213134765625,-1674.9742431640625,-931.0361328125,-1743.712890625,-2277.948486328125,3.738074779510498,-2.0782954692840576
42.197410583496094,3.2113962173461914,-0.04857498034834862,19.138551712036133,0.35187357664108276,-0.295635849237442,-0.06441190838813782,25.664012908935547,22.859434127807617,66.9315185546875,67.04055786132812,-1147.421142578125,-6169.24755859375,-8290.4853515625,-1697.4766845703125,-0.295635849237442,0.06695850193500519,19.141786575317383,-0.26376622915267944,-0.011224828660488129,-0.009290173649787903,-0.031178578734397888,-4.292023368179798e-05,-0.00854271836578846,-0.02803598716855049,0.10330957174301147,0.13270875811576843,-0.006029939278960228,-0.602867841720581,-0.18088310956954956,-0.33523082733154297,-0.17625656723976135,-0.9245521426200867,0.4528275430202484,3.0,3.0,1.8745152950286865,1.6411688327789307,3858.820556640625,3938.188720703125,-3932.012939453125,-3765.9189453125,-1344.26708984375,-496.7882995605469,-1338.2734375,-2327.50341796875,-1.9467798471450806,-0.18957340717315674
42.388797760009766,3.2149150371551514,-0.051531337201595306,19.137836456298828,0.32717201113700867,-0.2727680206298828,-0.00563011085614562,26.912841796875,23.533201217651367,68.40080261230469,68.02505493164062,-884.9785766601562,-6661.70458984375,-7692.4189453125,-1933.646484375,-0.2727680206298828,0.06862522661685944,19.140634536743164,-0.26273313164711,-0.009897741489112377,-0.009350473061203957,-0.03720725700259209,-0.0018517512362450361,-0.01189502701163292,-0.02979855239391327,0.08860404044389725,0.10561323165893555,0.015289699658751488,-0.1433517336845398,-0.23160088062286377,-0.05249291658401489,-0.3238869905471802,-0.828580915927887,0.4479016661643982,3.0,3.0,2.089327335357666,1.7934176921844482,4068.84619140625,3838.53271484375,-3969.191650390625,-3860.1533203125,-942.24072265625,119.70401000976562,-1393.535400390625,-2173.7119140625,-4.003805160522461,1.4554457664489746
42.580177307128906,3.218186855316162,-0.05425901710987091,19.135841369628906,0.3108522593975067,-0.2510499954223633,0.03562391176819801,27.83016014099121,23.00090217590332,70.53997802734375,69.16966247558594,-591.1034545898438,-6739.78466796875,-7311.3349609375,-2455.55859375,-0.2510499954223633,0.07050210237503052,19.13836669921875,-0.2618470788002014,-0.008841609582304955,-0.009197575971484184,-0.03864077478647232,-0.004167759791016579,-0.012419955804944038,-0.033037424087524414,0.07822398841381073,0.06473176181316376,0.021900475025177002,0.21287712454795837,-0.14392921328544617,0.1335117369890213,-0.16446024179458618,-0.7518537044525146,0.5001643896102905,3.0,3.0,2.4166905879974365,1.975345492362976,4029.414306640625,3999.484130859375,-4262.43017578125,-3968.848876953125,-575.3527221679688,513.904052734375,-962.4151000976562,-1916.0350341796875,-3.9626693725585938,0.37667015194892883
42.77153396606445,3.2212953567504883,-0.056769516319036484,19.133617401123047,0.293840616941452,-0.22810114920139313,0.0535622164607048,28.0674991607666,21.90846824645996,72.31033325195312,69.85859680175781,-365.6820068359375,-6534.2568359375,-7112.51025390625,-2896.6103515625,-0.22810114920139313,0.07212560623884201,19.135873794555664,-0.2610648274421692,-0.008194291964173317,-0.008978570811450481,-0.03651200234889984,-0.005607051774859428,-0.011084838770329952,-0.034682027995586395,0.07563801109790802,0.05178338661789894,0.02543294057250023,0.32726848125457764,-0.0634608268737793,0.1885150969028473,0.14276185631752014,-0.6969141364097595,0.5531209707260132,3.0,3.0,2.6895785331726074,2.0913636684417725,4198.99462890625,3802.41357421875,-4472.60693359375,-3758.5302734375,-422.1445007324219,393.2625732421875,-1064.57568359375,-1956.893798828125,-0.22152471542358398,0.5388678908348083
42.96287155151367,3.224233865737915,-0.05905052646994591,19.127086639404297,0.2790747284889221,-0.20586887001991272,0.06157177686691284,28.67467498779297,20.679149627685547,73.89688110351562,70.25685119628906,-112.50865173339844,-6367.48486328125,-6946.55517578125,-3329.22998046875,-0.20586887001991272,0.07364004105329514,19.129121780395508,-0.2603084444999695,-0.007676457986235619,-0.008724241517484188,-0.03323931619524956,-0.006241660099476576,-0.009199688211083412,-0.033254411071538925,0.07903110980987549,-0.00047725066542625427,0.011804741807281971,0.18005205690860748,-0.011817485094070435,0.11124518513679504,0.4265756607055664,-0.6687378287315369,0.5645365715026855,3.0,3.0,2.9386909008026123,2.1663153171539307,4090.251953125,3595.56591796875,-4661.37353515625,-4026.05029296875,-403.8530578613281,459.6574401855469,-847.6373901367188,-1900.4873046875,-2.8838610649108887,-0.7224857211112976
43.154144287109375,3.227024555206299,-0.06110921502113342,19.119749069213867,0.2642747461795807,-0.18110637366771698,0.0662371814250946,29.142744064331055,18.850093841552734,75.01481628417969,70.49883270263672,-91.03971862792969,-6225.02294921875,-6826.373046875,-3491.56591796875,-0.18110637366771698,0.07493041455745697,19.12157440185547,-0.2595181465148926,-0.007681230548769236,-0.008606194518506527,-0.03143879398703575,-0.006359835155308247,-0.008087236434221268,-0.028988655656576157,0.08441852778196335,-0.05622228980064392,0.006015369202941656,-0.012857973575592041,-0.005411448422819376,-0.021795496344566345,0.4750491976737976,-0.6625643968582153,0.5100021958351135,3.0,3.0,3.0,2.2178537845611572,4225.353515625,3536.548095703125,-4776.982421875,-4125.04931640625,-392.120361328125,550.6967163085938,-1001.0364990234375,-1853.2261962890625,-3.3390414714813232,-0.279873251914978
43.345340728759766,3.2296671867370605,-0.06292027980089188,19.117849349975586,0.25198256969451904,-0.15603859722614288,0.07056184858083725,30.087669372558594,16.975711822509766,76.5031509399414,70.96497344970703,-235.63528442382812,-6060.53662109375,-6755.82666015625,-3563.2421875,-0.15603859722614288,0.07610000669956207,19.119510650634766,-0.2586739659309387,-0.008243453688919544,-0.008546040393412113,-0.031567372381687164,-0.006413949653506279,-0.008305191062390804,-0.024238163605332375,0.08763998001813889,-0.10990000516176224,-0.009127693250775337,-0.09725835919380188,-0.04809925705194473,-0.1177452877163887,0.28670328855514526,-0.6532155871391296,0.41244208812713623,3.0,3.0,3.0,2.3009891510009766,4471.275390625,3759.087890625,-4521.83837890625,-3914.7197265625,-295.89495849609375,704.2964477539062,-896.8182373046875,-1709.982666015625,-4.007716655731201,-1.5242723226547241
43.53651809692383,3.232187032699585,-0.06448066234588623,19.11714744567871,0.24108272790908813,-0.12912185490131378,0.07105378061532974,31.075132369995117,15.052665710449219,78.56021118164062,71.7459487915039,-565.2694702148438,-5950.58935546875,-6653.669921875,-3468.245849609375,-0.12912185490131378,0.0770908072590828,19.11866569519043,-0.25779756903648376,-0.009342453442513943,-0.008637317456305027,-0.03253995627164841,-0.006894942373037338,-0.009482643567025661,-0.021371129900217056,0.08689295500516891,-0.11623093485832214,-0.02924492582678795,0.000510193407535553,-0.08847294747829437,-0.14709383249282837,-0.048207759857177734,-0.6229674220085144,0.3449054956436157,3.0,3.0,3.0,2.433239698410034,4292.07763671875,3783.8994140625,-4349.5,-3734.9287109375,-52.09625244140625,763.551513671875,-984.283203125,-1661.5111083984375,-0.5906996726989746,-2.4305198192596436
43.72768783569336,3.23459792137146,-0.06577187776565552,19.11522674560547,0.23022164404392242,-0.1029122993350029,0.06779415160417557,32.309356689453125,12.911842346191406,81.5186996459961,72.64727020263672,-839.7103881835938,-6143.29736328125,-6380.2822265625,-3284.25439453125,-0.1029122993350029,0.07781518250703812,19.116613388061523,-0.2569286525249481,-0.010504762642085552,-0.008929766714572906,-0.032534852623939514,-0.007779671810567379,-0.010953581891953945,-0.021853206679224968,0.08291555196046829,-0.1617828607559204,-0.041649915277957916,0.16477739810943604,-0.014789171516895294,-0.16076646745204926,-0.35335010290145874,-0.5973121523857117,0.33669131994247437,3.0,3.0,3.0,2.585773229598999,4084.14599609375,3656.64501953125,-4235.1806640625,-3726.04541015625,-80.91989135742188,741.9366455078125,-898.567138671875,-1696.25439453125,-4.13018798828125,-2.0338897705078125
43.91883850097656,3.2369000911712646,-0.06680100411176682,19.113981246948242,0.22020301222801208,-0.07728774845600128,0.06561629474163055,33.74943923950195,10.4786376953125,84.6703872680664,73.64299774169922,-1196.97509765625,-6213.7705078125,-6221.3623046875,-2916.129150390625,-0.07728774845600128,0.07832101732492447,19.115249633789062,-0.25609949231147766,-0.012122591026127338,-0.009346266277134418,-0.030887078493833542,-0.007927563972771168,-0.012561246752738953,-0.025386707857251167,0.07826520502567291,-0.1801755130290985,-0.06425663083791733,0.321627140045166,0.06212412565946579,-0.11805558204650879,-0.5345263481140137,-0.5847324132919312,0.37227195501327515,3.0,3.0,3.0,2.7539405822753906,4328.6376953125,3682.915771484375,-4133.21142578125,-3987.4501953125,44.48274230957031,500.90350341796875,-688.151611328125,-1631.447998046875,-1.5864808559417725,-2.7313380241394043
44.10997772216797,3.2391021251678467,-0.06757388263940811,19.11206817626953,0.21160012483596802,-0.05785932391881943,0.05831356719136238,35.429969787597656,8.144996643066406,88.0826416015625,74.54428100585938,-1534.528564453125,-6399.63720703125,-6033.865234375,-2394.9990234375,-0.05785932391881943,0.07864497601985931,19.113239288330078,-0.2553168535232544,-0.013924346305429935,-0.009988832287490368,-0.027670808136463165,-0.007306322921067476,-0.013741802424192429,-0.03073197230696678,0.07502161711454391,-0.22035440802574158,-0.08461509644985199,0.3825160562992096,0.14150644838809967,-0.0684003084897995,-0.559179425239563,-0.5977046489715576,0.42030805349349976,3.0,3.0,3.0,2.9067299365997314,4093.660400390625,3932.521240234375,-4264.361328125,-4001.547119140625,34.15825653076172,417.2689514160156,-439.72686767578125,-1545.2764892578125,-3.2082693576812744,-2.1463828086853027
44.30109786987305,3.241218090057373,-0.06815247237682343,19.109905242919922,0.20179398357868195,-0.044826216995716095,0.04980005323886871,36.974788665771484,6.031196594238281,90.84049987792969,75.31996154785156,-1977.3978271484375,-6500.837890625,-5963.2978515625,-1710.3670654296875,-0.044826216995716095,0.07871173322200775,19.11096954345703,-0.25456663966178894,-0.01612788997590542,-0.010834983550012112,-0.023845648393034935,-0.005891258362680674,-0.014425805769860744,-0.03632376715540886,0.0740421712398529,-0.23180827498435974,-0.07077565789222717,0.3689180314540863,0.1522374004125595,-0.005431562662124634,-0.48552241921424866,-0.6322260499000549,0.4684518277645111,3.0,3.0,3.0,3.0,3927.115234375,4127.63671875,-4427.240234375,-3894.683837890625,-9.969894409179688,137.73890686035156,-352.6268005371094,-1518.95458984375,-0.5636160373687744,1.3296172618865967
44.49219512939453,3.2432360649108887,-0.06860073655843735,19.108875274658203,0.19433923065662384,-0.030265823006629944,0.04283422976732254,38.682518005371094,5.130790710449219,92.85179138183594,76.01991271972656,-2302.484130859375,-6349.1240234375,-6069.27685546875,-1310.0516357421875,-0.030265823006629944,0.07877048850059509,19.10986328125,-0.25382623076438904,-0.018445972353219986,-0.011542740277945995,-0.02015646919608116,-0.004368884488940239,-0.014480121433734894,-0.04117899015545845,0.07457351684570312,-0.20083752274513245,-0.052024632692337036,0.25039851665496826,0.03081543743610382,0.08626537770032883,-0.28180280327796936,-0.6308242082595825,0.5156945586204529,3.0,3.0,3.0,3.0,4141.830078125,4209.66845703125,-4456.5654296875,-3991.08154296875,62.40000915527344,316.6439208984375,-331.16888427734375,-1366.587890625,3.4977235794067383,2.437864065170288
44.683284759521484,3.2451794147491455,-0.06890339404344559,19.109237670898438,0.183866947889328,-0.02380600944161415,0.02943224273622036,40.11370086669922,4.351234436035156,94.77552795410156,76.63204193115234,-2370.407470703125,-6185.32275390625,-6113.17919921875,-1243.93212890625,-0.02380600944161415,0.07852498441934586,19.11012077331543,-0.25308048725128174,-0.020454347133636475,-0.012062986381351948,-0.01765248365700245,-0.004060730338096619,-0.013617468066513538,-0.04399701952934265,0.07596302777528763,-0.19878746569156647,-0.020038731396198273,0.033471763134002686,-0.12296798825263977,0.13587616384029388,0.01800522208213806,-0.5547807812690735,0.553726077079773,3.0,3.0,3.0,3.0,4123.53271484375,4384.6220703125,-4498.34765625,-3822.686279296875,-264.57489013671875,5.854560852050781,-513.9642944335938,-1051.632080078125,1.1489815711975098,4.006596088409424
44.8743782043457,3.2470180988311768,-0.0691414549946785,19.108732223510742,0.17574438452720642,-0.02118971012532711,0.02664922922849655,40.789791107177734,4.105907440185547,95.2559585571289,77.28363800048828,-2427.7275390625,-5699.8857421875,-6239.25244140625,-1474.6722412109375,-0.02118971012532711,0.07833827286958694,19.109540939331055,-0.2523208558559418,-0.022442221641540527,-0.012263373471796513,-0.017317766323685646,-0.005290410481393337,-0.012258706614375114,-0.04381696879863739,0.07728574424982071,-0.22401396930217743,0.009159160777926445,-0.147031769156456,-0.31556421518325806,0.1595105528831482,0.31729307770729065,-0.41274282336235046,0.5785732865333557,2.893238067626953,3.0,3.0,3.0,4001.993896484375,4446.0693359375,-4617.30908203125,-3822.20361328125,-125.940673828125,-85.65277099609375,-311.83599853515625,-901.6986694335938,-1.4352469444274902,3.819310188293457
45.06546401977539,3.2487754821777344,-0.06935334950685501,19.107004165649414,0.16709165275096893,-0.017760571092367172,0.021887803450226784,40.30115509033203,4.2219085693359375,94.9046630859375,77.96841430664062,-2626.70947265625,-4773.4873046875,-6456.51220703125,-1832.819091796875,-0.017760571092367172,0.07809818536043167,19.10773468017578,-0.25154799222946167,-0.024682361632585526,-0.012171781621873379,-0.018788084387779236,-0.00844605267047882,-0.010663600638508797,-0.04064403846859932,0.07883403450250626,-0.23514875769615173,0.01769264042377472,-0.15873435139656067,-0.5535157918930054,0.17873629927635193,0.4914000630378723,-0.22658297419548035,0.5971152782440186,2.980855941772461,3.0,3.0,3.0,3775.575927734375,4277.02685546875,-4547.693359375,-3704.517822265625,-236.92727661132812,51.097320556640625,-534.9346313476562,-810.2579956054688,-0.8202152252197266,1.657212257385254
45.256534576416016,3.250446319580078,-0.06953095644712448,19.104997634887695,0.1596529483795166,-0.01671198010444641,0.014309837482869625,39.38868713378906,4.366748809814453,94.524169921875,78.59397888183594,-2972.675537109375,-3827.63818359375,-6564.88525390625,-2146.623779296875,-0.01671198010444641,0.07788737118244171,19.10566520690918,-0.25075966119766235,-0.0270338486880064,-0.011994855478405952,-0.020375428721308708,-0.013981210067868233,-0.008876238018274307,-0.035730037838220596,0.08072502166032791,-0.21737143397331238,0.013023987412452698,0.011735618114471436,-0.6909545063972473,0.15037085115909576,0.4621731638908386,-0.02849225513637066,0.6126952171325684,3.0,3.0,3.0,3.0,3745.360107421875,4004.9208984375,-4290.99267578125,-3721.2060546875,-578.29638671875,208.9629669189453,-410.8126220703125,-542.7188110351562,1.1759014129638672,-0.3297445774078369
45.44758605957031,3.252042770385742,-0.06969807296991348,19.1030216217041,0.14973531663417816,-0.01976233907043934,0.004537105094641447,38.244285583496094,4.6047210693359375,94.2117919921875,79.13484191894531,-3396.818603515625,-3194.375732421875,-6520.5166015625,-2385.860107421875,-0.01976233907043934,0.0775362178683281,19.103609085083008,-0.24995240569114685,-0.029207563027739525,-0.011864615604281425,-0.020258072763681412,-0.02089075557887554,-0.007372529711574316,-0.031108306720852852,0.08221051841974258,-0.17444714903831482,-0.0020539183169603348,0.2526925206184387,-0.5826424360275269,0.050186797976493835,0.2648959159851074,0.15811896324157715,0.6125929951667786,3.0,3.0,3.0,3.0,3727.68359375,3880.6767578125,-4226.48876953125,-3606.475341796875,-750.1234741210938,-101.80567932128906,-304.44342041015625,-597.932861328125,3.4298272132873535,-2.1917779445648193
45.638614654541016,3.2535400390625,-0.06989569962024689,19.099721908569336,0.1417776644229889,-0.023075150325894356,0.004290551878511906,37.50578308105469,5.136116027832031,93.95098876953125,79.61636352539062,-3825.02685546875,-3099.842529296875,-6302.07177734375,-2594.73681640625,-0.023075150325894356,0.07731857895851135,19.100248336791992,-0.24913029372692108,-0.030952034518122673,-0.011885154992341995,-0.01773114688694477,-0.026717180386185646,-0.006870661862194538,-0.028459347784519196,0.08185283094644547,-0.12720178067684174,-0.030976248905062675,0.4192727208137512,-0.19138625264167786,-0.11129459738731384,0.021012350916862488,0.3174131214618683,0.5720085501670837,3.0,3.0,3.0,3.0,3564.554443359375,3815.388916015625,-4235.55908203125,-3624.843017578125,-497.7789306640625,-184.55975341796875,-371.2498779296875,-377.1974182128906,4.589804172515869,-4.0558342933654785
45.829612731933594,3.254957914352417,-0.07012645155191422,19.096965789794922,0.13498185575008392,-0.023655645549297333,0.010941529646515846,37.1092643737793,5.3431396484375,94.11715698242188,80.10285949707031,-4221.6376953125,-3559.73193359375,-5915.0185546875,-2698.241943359375,-0.023655645549297333,0.07719457149505615,19.097442626953125,-0.24831175804138184,-0.03222405165433884,-0.012194917537271976,-0.0135384202003479,-0.028631042689085007,-0.007983608171343803,-0.0282492246478796,0.07906857877969742,-0.09045587480068207,-0.059121668338775635,0.4354154169559479,0.3607042133808136,-0.29253286123275757,-0.1708328127861023,0.4324192404747009,0.4873785674571991,3.0,3.0,3.0,3.0,3719.935791015625,3660.865478515625,-4251.88720703125,-3529.13720703125,-514.9295043945312,49.96998596191406,-347.11358642578125,-410.6593322753906,4.5954155921936035,-4.098360061645508
46.02058410644531,3.25630784034729,-0.07036300748586655,19.094486236572266,0.1292530596256256,-0.026361530646681786,0.021889492869377136,37.160953521728516,5.015529632568359,94.97809600830078,80.76042175292969,-4532.1201171875,-4344.84228515625,-5414.01025390625,-2669.759033203125,-0.026361530646681786,0.07713203132152557,19.09492301940918,-0.2475210726261139,-0.033128611743450165,-0.012786134146153927,-0.00918426550924778,-0.02502400055527687,-0.010908937081694603,-0.02995755337178707,0.07443912327289581,-0.10214098542928696,-0.0663653239607811,0.3044471740722656,0.8228746056556702,-0.42793986201286316,-0.25882500410079956,0.46407660841941833,0.3863825500011444,3.0,3.0,3.0,3.0,3568.4375,3794.884521484375,-4069.86767578125,-3657.371826171875,-375.75799560546875,-132.28317260742188,-299.5401916503906,-226.80511474609375,0.5146160125732422,-1.7378296852111816
46.21152877807617,3.2576003074645996,-0.0706266239285469,19.09303855895996,0.12142118066549301,-0.030138283967971802,0.013441180810332298,36.66688919067383,4.23907470703125,96.33892059326172,81.67363739013672,-4868.0361328125,-4722.67919921875,-5132.509765625,-2437.92333984375,-0.030138283967971802,0.07698598504066467,19.09342384338379,-0.24677668511867523,-0.03415002301335335,-0.01344978716224432,-0.006139793898910284,-0.01679525524377823,-0.015188335441052914,-0.03254580497741699,0.06961444020271301,-0.10799946635961533,-0.05277097970247269,0.1359466165304184,0.8413412570953369,-0.3916710913181305,-0.26765453815460205,0.34379157423973083,0.31183815002441406,3.0,3.0,3.0,3.0,3499.91552734375,4050.652587890625,-4099.556640625,-3607.35400390625,-563.336181640625,-76.52998352050781,-543.4215698242188,-205.4420166015625,-0.022248268127441406,1.2375104427337646
46.40245819091797,3.258814573287964,-0.07092800736427307,19.086576461791992,0.09307244420051575,-0.06071983277797699,-0.17349298298358917,31.119335174560547,0.0,100.0,82.70844268798828,-5203.69775390625,-3794.4033203125,-5559.29541015625,-1623.572021484375,-0.06071983277797699,0.07580430060625076,19.086803436279297,-0.24608054757118225,-0.03523001819849014,-0.01397749688476324,-0.0047803279012441635,-0.008381842635571957,-0.01910504698753357,-0.03522235155105591,0.06991185247898102,-0.07137935608625412,-0.032662928104400635,0.014455586671829224,0.16569793224334717,-0.06641075015068054,-0.3261943459510803,0.208889439702034,0.3154368996620178,3.0,3.0,3.0,3.0,2841.584228515625,3558.5205078125,-3773.2138671875,-3389.421875,-2559.8134765625,-1546.0526123046875,-509.0974426269531,-427.0636901855469,0.5155162811279297,3.30911922454834
46.59332275390625,3.2597453594207764,-0.07153520733118057,19.070642471313477,0.05076727271080017,-0.11079815030097961,-0.3651224672794342,26.001583099365234,0.0,100.0,81.50135803222656,-5478.02587890625,-2515.2734375,-6062.75439453125,-423.4276428222656,-0.11079815030097961,0.07419726252555847,19.070709228515625,-0.2453814297914505,-0.03594381362199783,-0.014304125681519508,-0.004635772202163935,-0.006724863313138485,-0.019769154489040375,-0.03848429396748543,0.07572915405035019,7.94529914855957e-05,-0.015702418982982635,-0.035433847457170486,-0.7707343101501465,0.34890803694725037,-0.4661741852760315,0.43682944774627686,0.41987180709838867,3.0,3.0,3.0,3.0,1774.82958984375,2870.6796875,-3663.982421875,-3211.130859375,-3548.377197265625,-2941.39453125,-560.8790283203125,-576.3994140625,1.633408546447754,3.5303664207458496
46.78403091430664,3.2602529525756836,-0.07264319062232971,19.04588508605957,0.0030278265476226807,-0.16670095920562744,-0.5174962282180786,20.189502716064453,0.0,97.26702117919922,79.22461700439453,-5618.8671875,-1705.615234375,-6461.115234375,686.1827392578125,-0.16670095920562744,0.07280216366052628,19.045886993408203,-0.24462413787841797,-0.03594302013516426,-0.014461149461567402,-0.004990110639482737,-0.014432206749916077,-0.016280073672533035,-0.0431460365653038,0.08269708603620529,0.02100794017314911,0.004346825182437897,-0.042734261602163315,-1.2792088985443115,0.6025508046150208,-0.5719801783561707,0.6379563808441162,0.6026495695114136,3.0,3.0,3.0,3.0,899.4602661132812,1976.146728515625,-3409.885498046875,-3163.55908203125,-3970.786865234375,-3492.286865234375,-720.85498046875,-531.2261962890625,-2.141246795654297,3.0197269916534424
46.974491119384766,3.2602832317352295,-0.07431019842624664,19.011795043945312,-0.04842005670070648,-0.22752982378005981,-0.6221020817756653,16.05084991455078,0.0,94.2400131225586,77.1859130859375,-5701.60205078125,-1006.0325927734375,-7147.7421875,1674.146484375,-0.22752982378005981,0.07176335901021957,19.011857986450195,-0.243797168135643,-0.0357329398393631,-0.014417680911719799,-0.005417453125119209,-0.02722429484128952,-0.010254565626382828,-0.04886583983898163,0.09047846496105194,0.03433220833539963,0.012289668433368206,-0.013773323968052864,-1.167027235031128,0.6766499876976013,-0.5778495073318481,0.7339251637458801,0.8225507140159607,3.0,3.0,3.0,3.0,-11.289154052734375,1322.2957763671875,-3362.040771484375,-3221.991943359375,-4202.6689453125,-3924.58203125,-578.3283081054688,-804.5546264648438,-1.145279884338379,0.8151030540466309
47.164608001708984,3.259799003601074,-0.07658549398183823,18.970975875854492,-0.10060002654790878,-0.2869489789009094,-0.6946112513542175,12.881824493408203,0.0,90.73486328125,75.17694091796875,-5734.0166015625,-434.9716796875,-8123.12060546875,2460.18994140625,-0.2869489789009094,0.07128270715475082,18.971240997314453,-0.24289238452911377,-0.03538961708545685,-0.014294784516096115,-0.005555186420679092,-0.038894567638635635,-0.0034880656749010086,-0.05464433506131172,0.10056167840957642,0.11925309896469116,-0.0008588582277297974,0.024525197222828865,-0.5911509990692139,0.6278993487358093,-0.45852115750312805,0.7794123888015747,0.9588165283203125,3.0,3.0,3.0,3.0,-599.48388671875,827.5942993164062,-3360.233154296875,-3296.70263671875,-4285.73583984375,-3868.583251953125,-757.5309448242188,-838.6653442382812,7.00806999206543,-1.8630318641662598
47.35431671142578,3.2587931156158447,-0.07945498079061508,18.928659439086914,-0.15226885676383972,-0.3468661606311798,-0.699999988079071,9.931503295898438,0.3623313903808594,86.4697494506836,72.97294616699219,-5518.224609375,-640.345947265625,-9058.1123046875,2940.31689453125,-0.3468661606311798,0.07141079753637314,18.929271697998047,-0.24188676476478577,-0.03419708460569382,-0.014303373172879219,-0.005309934262186289,-0.04480607807636261,0.0027909278869628906,-0.059229545295238495,0.1125299409031868,0.1960587352514267,-0.03246036916971207,-0.02211814559996128,0.26831090450286865,0.46510106325149536,-0.21568436920642853,0.7731149792671204,0.8129144906997681,3.0,3.0,3.0,2.664484977722168,-581.5526123046875,599.0512084960938,-3625.068603515625,-3064.951416015625,-4195.609375,-3893.7490234375,-682.3966064453125,-940.0123291015625,7.797957420349121,-3.891085624694824
47.543601989746094,3.257270336151123,-0.08292364329099655,18.886550903320312,-0.20834386348724365,-0.40120652318000793,-0.699999988079071,6.348339080810547,3.8739280700683594,81.85588073730469,70.9932861328125,-5487.2822265625,-1523.3431396484375,-9912.603515625,3353.56103515625,-0.40120652318000793,0.07189275324344635,18.8877010345459,-0.24076145887374878,-0.032236497849226,-0.014627977274358273,-0.005531115923076868,-0.042122967541217804,0.007441938389092684,-0.061386387795209885,0.12357230484485626,0.3059569001197815,-0.04498470947146416,-0.05371006578207016,1.071364164352417,0.26123926043510437,0.016628548502922058,0.7034636735916138,0.7339131832122803,3.0,3.0,3.0,2.374424934387207,-358.1583251953125,305.64141845703125,-3696.475341796875,-2796.7041015625,-4404.70263671875,-3779.160888671875,-1042.7960205078125,-1278.003173828125,11.089765548706055,-2.2891430854797363
47.73246765136719,3.2551867961883545,-0.08693570643663406,18.8453426361084,-0.2694095969200134,-0.4516277015209198,-0.699999988079071,3.8750076293945312,6.8752899169921875,77.86455535888672,69.25248718261719,-5050.97900390625,-3034.985595703125,-10667.5625,3490.136474609375,-0.4516277015209198,0.07264086604118347,18.847267150878906,-0.23952573537826538,-0.029176928102970123,-0.015077824704349041,-0.006068216636776924,-0.03140932694077492,0.0100543312728405,-0.06122010201215744,0.13117191195487976,0.44544485211372375,-0.054622627794742584,-0.18025252223014832,1.5610020160675049,0.09789301455020905,0.20615370571613312,0.45283302664756775,0.6937794089317322,3.0,3.0,3.0,2.1336162090301514,53.758758544921875,232.14089965820312,-3862.455810546875,-2698.845947265625,-4518.51220703125,-3923.89697265625,-1175.7899169921875,-1774.4681396484375,13.35818862915039,-1.4654215574264526
47.920921325683594,3.252492666244507,-0.0914519801735878,18.800634384155273,-0.33416426181793213,-0.49633243680000305,-0.699999988079071,2.98321533203125,9.465778350830078,74.82695770263672,67.6714096069336,-3979.188720703125,-5080.81494140625,-11309.2138671875,3443.403564453125,-0.49633243680000305,0.07367976009845734,18.803604125976562,-0.23821401596069336,-0.024722479283809662,-0.015624050982296467,-0.007870742119848728,-0.015799306333065033,0.011033261194825172,-0.0591585636138916,0.13250786066055298,0.541701078414917,-0.05822883918881416,-0.4877919852733612,1.6860440969467163,0.01173660159111023,0.319230318069458,-0.5703954100608826,0.672352135181427,3.0,3.0,3.0,1.9330813884735107,-46.299468994140625,-147.64874267578125,-3885.5947265625,-2709.21435546875,-4703.68994140625,-3817.621337890625,-1480.32421875,-2110.922607421875,8.925408363342285,-0.06626033782958984
48.10892868041992,3.2491509914398193,-0.09641530364751816,18.75244903564453,-0.400501012802124,-0.5416364669799805,-0.699999988079071,4.460044860839844,11.667205810546875,74.63285827636719,66.67869567871094,-2421.76513671875,-6774.84228515625,-12000.0,4066.072265625,-0.5416364669799805,0.07506128400564194,18.756725311279297,-0.23688893020153046,-0.01930546760559082,-0.01620633900165558,-0.012748662382364273,0.0010611340403556824,0.01115062739700079,-0.05596626177430153,0.13219507038593292,0.6155838966369629,-0.0417802557349205,-0.891044020652771,1.3562870025634766,0.04996609315276146,0.1585812270641327,-0.2673492431640625,0.652338445186615,3.0,3.0,3.0,1.8297607898712158,-267.20654296875,-489.4237060546875,-4010.8525390625,-2547.26220703125,-4641.0244140625,-4055.312744140625,-1612.7249755859375,-2170.402099609375,5.166046619415283,2.427107810974121
48.296451568603516,3.2451460361480713,-0.10183166712522507,18.70441246032715,-0.47022050619125366,-0.5784021615982056,-0.699999988079071,5.373321533203125,14.109756469726562,69.82766723632812,64.48757934570312,-783.0938110351562,-8599.435546875,-12000.0,3957.685302734375,-0.5784021615982056,0.07669740170240402,18.7103214263916,-0.23556697368621826,-0.013149628415703773,-0.016624141484498978,-0.02165910229086876,0.014624003320932388,0.011650288477540016,-0.054380450397729874,0.1229889988899231,0.605864942073822,-0.017603931948542595,-1.1813162565231323,0.8639748096466064,0.030202964320778847,0.019711002707481384,-0.18238382041454315,0.6406923532485962,3.0,3.0,2.850616216659546,1.5915361642837524,-328.966064453125,-668.5592651367188,-3738.23291015625,-2443.695556640625,-4531.27685546875,-4021.765625,-1769.634765625,-2764.729736328125,-2.7237021923065186,3.209610939025879
48.48349380493164,3.2404439449310303,-0.10761568695306778,18.65949821472168,-0.5450806021690369,-0.6054686307907104,-0.699999988079071,6.505218505859375,15.546398162841797,65.96070861816406,62.743560791015625,717.6686401367188,-9542.9853515625,-12000.0,3950.00341796875,-0.6054686307907104,0.0784120261669159,18.667457580566406,-0.23433707654476166,-0.007090979255735874,-0.016800180077552795,-0.03347226232290268,0.023263752460479736,0.011952318251132965,-0.054183341562747955,0.10886411368846893,0.5379636287689209,0.011325577273964882,-1.1778351068496704,0.25692564249038696,-0.006509436294436455,-0.07326056808233261,-0.2535727620124817,0.6427323222160339,3.0,3.0,2.310695171356201,1.4422868490219116,-135.20001220703125,-861.0552978515625,-3284.1533203125,-2213.787353515625,-4674.99755859375,-3878.80078125,-2443.031494140625,-2946.525390625,-8.593838691711426,3.443516731262207
48.67008972167969,3.2349932193756104,-0.11367037147283554,18.62042999267578,-0.6234006285667419,-0.6231160759925842,-0.699999988079071,6.677165985107422,15.381855010986328,63.290611267089844,61.49449920654297,1943.5294189453125,-9574.4091796875,-12000.0,4342.6474609375,-0.6231160759925842,0.08020349591970444,18.630863189697266,-0.23324844241142273,-0.0017113429494202137,-0.016686923801898956,-0.04525061324238777,0.0258330088108778,0.011887223459780216,-0.05491594597697258,0.09757426381111145,0.4889915883541107,0.04883372783660889,-0.8642513751983643,-0.3662495017051697,-0.021976720541715622,-0.18568721413612366,-0.3828773498535156,0.6553807258605957,3.0,3.0,1.9775601625442505,1.3669695854187012,32.29393005371094,-791.977783203125,-2832.134521484375,-1761.3626708984375,-4413.53515625,-3843.223388671875,-2774.863037109375,-3424.0087890625,-7.576728820800781,3.7528533935546875
48.856292724609375,3.228759288787842,-0.11990153044462204,18.584318161010742,-0.7049862146377563,-0.6354420185089111,-0.699999988079071,6.112422943115234,14.517646789550781,61.478782653808594,60.529945373535156,2964.10205078125,-9118.109375,-12000.0,4868.76708984375,-0.6354420185089111,0.081985242664814,18.597684860229492,-0.2322726994752884,0.0031785727478563786,-0.01619858667254448,-0.05389312654733658,0.02217051386833191,0.011667456477880478,-0.05677281692624092,0.09372200816869736,0.4087509214878082,0.07938683032989502,-0.43172770738601685,-0.7923623919487,-0.008985835127532482,-0.27968287467956543,-0.557577908039093,0.6707824468612671,3.0,3.0,1.785657286643982,1.3302135467529297,95.82637023925781,-928.1224975585938,-2561.135498046875,-1312.9561767578125,-4161.0751953125,-4041.531494140625,-3135.554443359375,-3649.659423828125,-10.265018463134766,2.6595211029052734
49.042137145996094,3.2217094898223877,-0.12625594437122345,18.54981231689453,-0.791526198387146,-0.643273651599884,-0.699999988079071,5.3155670166015625,12.812763214111328,60.21400451660156,59.83042907714844,3542.275146484375,-8347.76171875,-12000.0,5470.91748046875,-0.643273651599884,0.08361150324344635,18.566692352294922,-0.23133547604084015,0.007266081869602203,-0.0154047179967165,-0.058210402727127075,0.01424689032137394,0.011577597819268703,-0.059569645673036575,0.09968400746583939,0.27856186032295227,0.09859618544578552,-0.010548293590545654,-0.9214512705802917,0.031783316284418106,-0.3381160497665405,-0.77642822265625,0.6803101897239685,3.0,3.0,1.674627661705017,1.3173965215682983,-80.52468872070312,-837.179931640625,-2217.3916015625,-1113.2510986328125,-4346.8232421875,-3972.614013671875,-3654.10986328125,-3866.61669921875,-14.027229309082031,1.2189595699310303
49.22763442993164,3.213794231414795,-0.13268868625164032,18.517019271850586,-0.8797975182533264,-0.6457471251487732,-0.699999988079071,4.305355072021484,10.297988891601562,59.360233306884766,59.49070358276367,3458.874755859375,-7333.83203125,-12000.0,6053.9990234375,-0.6457471251487732,0.08521147072315216,18.53790855407715,-0.23033863306045532,0.010051700286567211,-0.01441875658929348,-0.058315884321928024,0.005032378248870373,0.011895431205630302,-0.06295080482959747,0.11552722007036209,0.2140170931816101,0.11397885531187057,0.367644339799881,-0.8190736174583435,0.09069450199604034,-0.35050341486930847,-0.9608015418052673,0.6781880855560303,3.0,3.0,1.614052176475525,1.323196530342102,-179.53082275390625,-501.4136657714844,-2152.987060546875,-991.32080078125,-4271.09326171875,-3723.94287109375,-4026.356201171875,-4105.64404296875,-7.258920669555664,0.5914167761802673
49.412803649902344,3.204996347427368,-0.13914616405963898,18.48941421508789,-0.9702658653259277,-0.6475285887718201,-0.699999988079071,2.796630859375,8.16934585571289,58.58307647705078,59.22827911376953,3120.872802734375,-6499.1396484375,-12000.0,6265.0478515625,-0.6475285887718201,0.08671742677688599,18.514854431152344,-0.2291833609342575,0.01219187118113041,-0.013278967700898647,-0.05463944002985954,-0.0031583579257130623,0.01280237641185522,-0.06645584106445312,0.1384037882089615,0.15288251638412476,0.11811172962188721,0.5625508427619934,-0.5249161720275879,0.1254970133304596,-0.22017225623130798,-0.7532760500907898,0.6641788482666016,3.0,3.0,1.565690517425537,1.331312894821167,71.87432861328125,-277.4646301269531,-1718.9794921875,-833.8013305664062,-4295.974609375,-3883.280029296875,-4231.3564453125,-4006.22802734375,-5.665966510772705,-0.3154336214065552
49.59769821166992,3.195293664932251,-0.14562144875526428,18.464963912963867,-1.062598705291748,-0.6394127607345581,-0.699999988079071,0.0,5.962604522705078,56.95950698852539,58.811676025390625,2804.9365234375,-5820.04443359375,-12000.0,6023.8701171875,-0.6394127607345581,0.08813808858394623,18.495512008666992,-0.22779932618141174,0.013720696792006493,-0.012097850441932678,-0.049013931304216385,-0.00840752013027668,0.014057346619665623,-0.06865756213665009,0.16599160432815552,0.11131391674280167,0.11711601167917252,0.5126274824142456,-0.19179555773735046,0.12320920079946518,0.06181797385215759,-0.6420631408691406,0.6397631168365479,3.0,3.0,1.4585238695144653,1.3281817436218262,340.1861572265625,-206.86663818359375,-1349.5184326171875,-860.6060180664062,-3967.765625,-3887.577880859375,-4535.3671875,-4289.75439453125,-2.406097888946533,-0.29912376403808594
49.7823486328125,3.1846675872802734,-0.1520155817270279,18.441974639892578,-1.1594915390014648,-0.6290246248245239,-0.699999988079071,0.0,3.7610702514648438,55.811763763427734,58.305809020996094,2528.826416015625,-5314.9765625,-12000.0,5502.68603515625,-0.6290246248245239,0.08922581374645233,18.478389739990234,-0.22613941133022308,0.014833835884928703,-0.010926689952611923,-0.043887656182050705,-0.010325475595891476,0.015289438888430595,-0.06803938001394272,0.19521115720272064,0.12693293392658234,0.11919321119785309,0.28748834133148193,0.04608556628227234,0.08892974257469177,0.3962682783603668,-0.6140174865722656,0.6061301827430725,3.0,3.0,1.4089930057525635,1.3205243349075317,324.68572998046875,-289.92254638671875,-974.1044921875,-660.678955078125,-4150.7373046875,-4013.814697265625,-4787.26806640625,-4500.208984375,3.4067351818084717,0.46952390670776367
49.96677017211914,3.173072576522827,-0.158305823802948,18.42264175415039,-1.2559455633163452,-0.6127305626869202,-0.699999988079071,0.0,2.0483245849609375,54.88529968261719,57.768863677978516,2458.71875,-5115.69775390625,-12000.0,4660.9462890625,-0.6127305626869202,0.09023712575435638,18.465404510498047,-0.22418729960918427,0.016103165224194527,-0.00973475817590952,-0.04101277142763138,-0.009864619933068752,0.016178736463189125,-0.06407669931650162,0.22149726748466492,0.12861265242099762,0.10355669260025024,-0.022866874933242798,0.17438454926013947,0.035014163702726364,0.6980258822441101,-0.6559484601020813,0.5632114410400391,3.0,3.0,1.3830556869506836,1.3114570379257202,122.5863037109375,-191.93035888671875,-529.0426635742188,-260.5631408691406,-3867.298828125,-3770.559814453125,-5100.296875,-4552.52099609375,2.415233612060547,-0.8119275569915771
50.150997161865234,3.160513162612915,-0.16443312168121338,18.406909942626953,-1.3516100645065308,-0.5981826186180115,-0.699999988079071,0.0,0.12503433227539062,54.34187698364258,57.28023910522461,2422.273193359375,-5193.48388671875,-12000.0,3799.94775390625,-0.5981826186180115,0.091135174036026,18.456466674804688,-0.22197233140468597,0.017389291897416115,-0.008699191734194756,-0.041241440922021866,-0.008120774291455746,0.01652887836098671,-0.057096440345048904,0.2412363737821579,0.08811889588832855,0.07540727406740189,-0.22988347709178925,0.22351199388504028,-0.013003848493099213,0.8179047703742981,-0.7391445636749268,0.5123758912086487,3.0,3.0,1.3757121562957764,1.3069312572479248,168.49856567382812,15.432464599609375,-329.0489807128906,14.989204406738281,-3904.751220703125,-3660.037353515625,-5026.43896484375,-4470.04150390625,-2.106480360031128,-2.1527726650238037
50.33506774902344,3.1469969749450684,-0.17041495442390442,18.392601013183594,-1.4480844736099243,-0.5868359804153442,-0.699999988079071,0.0,0.0,54.01066589355469,56.95893096923828,2249.890869140625,-5473.4189453125,-12000.0,3140.0458984375,-0.5868359804153442,0.09184513241052628,18.44951820373535,-0.21955996751785278,0.018270481377840042,-0.00794511940330267,-0.04354027658700943,-0.005885654129087925,0.0163988396525383,-0.04891739413142204,0.25242018699645996,0.03254050388932228,0.05655740946531296,-0.19275066256523132,0.2291458398103714,-0.02911783568561077,0.6653455495834351,-0.8304452300071716,0.46161842346191406,3.0,3.0,1.374230146408081,1.3060078620910645,43.5589599609375,198.17156982421875,-356.8284606933594,371.23321533203125,-3992.200927734375,-3633.461669921875,-4895.34912109375,-4641.234375,-4.805846214294434,-1.979322910308838
50.51899337768555,3.1325161457061768,-0.1762833148241043,18.38033676147461,-1.5445159673690796,-0.5712655782699585,-0.6897949576377869,0.0,0.0,53.64289093017578,56.77937316894531,1977.2740478515625,-5779.45166015625,-12000.0,2655.088623046875,-0.5712655782699585,0.0924493819475174,18.44511604309082,-0.21703577041625977,0.01859588548541069,-0.007379545364528894,-0.04546778276562691,-0.0035941957030445337,0.01610766164958477,-0.0422639399766922,0.2551810145378113,-0.03905494138598442,0.03357188403606415,0.040685489773750305,0.19316183030605316,-0.004886988550424576,0.31962138414382935,-0.9092974662780762,0.4253970682621002,3.0,3.0,1.3714611530303955,1.301719069480896,175.63314819335938,124.17010498046875,-125.80844116210938,547.0960693359375,-3956.281005859375,-3437.06884765625,-5069.4443359375,-4627.19677734375,-7.25108003616333,-2.8781049251556396
50.702796936035156,3.1170709133148193,-0.18199597299098969,18.370759963989258,-1.6395901441574097,-0.5478289723396301,-0.6484434008598328,0.0,0.0,53.459381103515625,56.666358947753906,1546.9754638671875,-6076.71533203125,-12000.0,2360.7666015625,-0.5478289723396301,0.09298183023929596,18.443782806396484,-0.21448396146297455,0.01820533536374569,-0.0070438263937830925,-0.04506092891097069,-0.0016625773860141635,0.016058791428804398,-0.03906772658228874,0.24991272389888763,-0.09280543029308319,0.02299160324037075,0.349420964717865,0.13580311834812164,0.041003528982400894,-0.06959617137908936,-0.9701026678085327,0.4150291681289673,3.0,3.0,1.3614176511764526,1.2910621166229248,466.73651123046875,209.0577392578125,79.5533447265625,500.846435546875,-3694.4013671875,-3164.3681640625,-5062.45703125,-4842.87255859375,-5.9247589111328125,-1.972179889678955
50.886505126953125,3.100675106048584,-0.18747426569461823,18.36808204650879,-1.7340272665023804,-0.5254009962081909,-0.6046897172927856,0.0,0.0,53.593658447265625,56.61495590209961,1044.8087158203125,-6259.0927734375,-12000.0,2005.669677734375,-0.5254009962081909,0.09334885329008102,18.449750900268555,-0.21198482811450958,0.01727728173136711,-0.006813910324126482,-0.041566718369722366,-0.00030454620718955994,0.016468826681375504,-0.039763689041137695,0.23689988255500793,-0.16721761226654053,0.016030017286539078,0.5583313703536987,0.05815473943948746,0.08127306401729584,-0.2859470844268799,-0.9929826259613037,0.42094120383262634,3.0,3.0,1.3449974060058594,1.279138207435608,985.9986572265625,706.0068969726562,152.7908935546875,709.3087158203125,-3390.9521484375,-3328.970458984375,-4858.9482421875,-4847.0751953125,-7.373954772949219,-1.2687644958496094
51.070186614990234,3.0833349227905273,-0.19272828102111816,18.370208740234375,-1.8275717496871948,-0.5024495124816895,-0.5586481094360352,0.0,0.0,53.634254455566406,56.745243072509766,523.9189453125,-6185.57958984375,-12000.0,1650.7515869140625,-0.5024495124816895,0.09356893599033356,18.460893630981445,-0.2096158266067505,0.015605106018483639,-0.006653610151261091,-0.035983406007289886,0.0002770011778920889,0.017281556501984596,-0.04262315854430199,0.2182101458311081,-0.24537625908851624,0.009035870432853699,0.5849279165267944,-0.07057953625917435,0.10201758146286011,-0.26273030042648315,-0.9841535091400146,0.42379963397979736,3.0,3.0,1.3288094997406006,1.2644264698028564,1415.471435546875,1259.028076171875,11.37835693359375,779.8695068359375,-3264.159423828125,-3165.137451171875,-4905.2744140625,-4763.58349609375,-6.843029975891113,-0.5642027854919434
51.25388717651367,3.065059185028076,-0.19775277376174927,18.37470817565918,-1.918885350227356,-0.4784020781517029,-0.5373793244361877,0.0,0.0,53.92176818847656,56.9703254699707,68.25650024414062,-5769.12744140625,-12000.0,1478.50830078125,-0.4784020781517029,0.093699149787426,18.474634170532227,-0.20743373036384583,0.013151343911886215,-0.006563251372426748,-0.030134126543998718,-0.0004287941846996546,0.01830173283815384,-0.045250460505485535,0.1976136416196823,-0.2959805130958557,-0.01062699779868126,0.438846230506897,-0.26202842593193054,0.09666802734136581,-0.10044427216053009,-0.8362332582473755,0.4148366153240204,3.0,3.0,1.3064007759094238,1.2486498355865479,1524.041015625,1627.415283203125,-53.400299072265625,795.200439453125,-3104.603271484375,-2919.016845703125,-5037.64794921875,-4553.13818359375,-3.627269983291626,-1.0752943754196167
51.4376335144043,3.045870304107666,-0.20253679156303406,18.37538719177246,-2.0108933448791504,-0.4583509564399719,-0.5648283958435059,0.0,0.0,54.32622528076172,56.81793212890625,-207.31991577148438,-5202.41064453125,-12000.0,1825.651611328125,-0.4583509564399719,0.09353647381067276,18.485090255737305,-0.20545759797096252,0.0101915393024683,-0.006669521331787109,-0.025745663791894913,-0.0030490783974528313,0.01926841214299202,-0.046254903078079224,0.17941923439502716,-0.292816698551178,-0.029664183035492897,0.19029729068279266,-0.4259662330150604,0.0598004087805748,-0.021860510110855103,-0.5914028882980347,0.40374433994293213,3.0,3.0,1.2839314937591553,1.2329936027526855,1344.745849609375,1681.1668701171875,-297.61566162109375,601.4533081054688,-3177.85888671875,-3136.75244140625,-4805.93896484375,-4726.50830078125,1.3943277597427368,-0.9720238447189331
51.62138748168945,3.025761365890503,-0.20712029933929443,18.3754940032959,-2.1034982204437256,-0.4397454559803009,-0.5925040245056152,0.0,0.0,54.22688293457031,56.14606475830078,-225.71951293945312,-4832.7841796875,-12000.0,2547.181640625,-0.4397454559803009,0.09314340353012085,18.495498657226562,-0.2036634087562561,0.007263372652232647,-0.0069661629386246204,-0.023842690512537956,-0.007308740634471178,0.019866416230797768,-0.04647350683808327,0.164462149143219,-0.3056614398956299,-0.019625212997198105,-0.08330537378787994,-0.41548603773117065,0.001721363514661789,-0.12253585457801819,-0.40245458483695984,0.40898531675338745,3.0,3.0,1.2663172483444214,1.2221671342849731,1108.37890625,1439.718505859375,-62.540496826171875,853.6598510742188,-3071.4296875,-3383.206298828125,-4889.71435546875,-4606.265625,0.05918407440185547,1.1435492038726807
51.80514144897461,3.0047264099121094,-0.21151775121688843,18.37691307067871,-2.1964008808135986,-0.4227588176727295,-0.6159160137176514,0.0,0.0,54.1054573059082,55.59117889404297,-81.68148803710938,-4318.9453125,-12000.0,3297.099365234375,-0.4227588176727295,0.09256245195865631,18.50770378112793,-0.20201878249645233,0.004206757992506027,-0.0071624149568378925,-0.024675743654370308,-0.011463601142168045,0.01988362893462181,-0.047698866575956345,0.15400588512420654,-0.29310762882232666,-0.01135286781936884,-0.27984458208084106,-0.32791125774383545,-0.028130631893873215,-0.3189918100833893,-0.3157845139503479,0.4360225200653076,3.0,3.0,1.2494544982910156,1.2178512811660767,1157.7762451171875,1126.133056640625,191.61599731445312,1191.059326171875,-3304.918212890625,-3320.9072265625,-4801.51416015625,-4506.625,2.0643582344055176,0.6220843195915222
51.98891067504883,2.982762336730957,-0.21574534475803375,18.378503799438477,-2.288914918899536,-0.40445342659950256,-0.6327866911888123,0.0,0.0,54.014320373535156,55.19414520263672,53.816558837890625,-3860.43701171875,-12000.0,4022.76123046875,-0.40445342659950256,0.09184029698371887,18.520488739013672,-0.2004787176847458,0.0012756816577166319,-0.007275943644344807,-0.027474189177155495,-0.014742713421583176,0.019602322950959206,-0.0508887842297554,0.14775221049785614,-0.2690061628818512,0.004805178381502628,-0.31425851583480835,-0.20344963669776917,-0.025881391018629074,-0.48580193519592285,-0.2942000925540924,0.47503170371055603,3.0,3.0,1.2306934595108032,1.2122937440872192,970.4249267578125,1199.94873046875,154.97576904296875,1438.3807373046875,-3209.333984375,-3137.081298828125,-4946.83056640625,-4545.44921875,2.8224544525146484,1.059910774230957
52.17269515991211,2.9598731994628906,-0.21978987753391266,18.379955291748047,-2.3824291229248047,-0.3841645121574402,-0.6485927700996399,0.0,0.0,53.93711853027344,54.9029426574707,129.69302368164062,-3453.37353515625,-12000.0,4649.7314453125,-0.3841645121574402,0.09088754653930664,18.53371810913086,-0.19900119304656982,-0.0014143798034638166,-0.007227892056107521,-0.030616775155067444,-0.01677720993757248,0.019343508407473564,-0.05574680492281914,0.14633440971374512,-0.19623246788978577,0.021024029701948166,-0.19553720951080322,-0.10306157916784286,0.0032020509243011475,-0.5158069133758545,-0.29280906915664673,0.509576678276062,3.0,3.0,1.208829402923584,1.2021183967590332,809.1640014648438,1241.5880126953125,354.3453063964844,1454.1124267578125,-3326.68359375,-2967.56201171875,-5004.49609375,-4693.09326171875,7.045159816741943,1.057396650314331
52.35649490356445,2.936048984527588,-0.22363151609897614,18.379531860351562,-2.474207878112793,-0.3592457175254822,-0.6631318926811218,0.0,0.0,53.76166534423828,54.531070709228516,228.87808227539062,-3359.54296875,-12000.0,5103.27880859375,-0.3592457175254822,0.08981838822364807,18.545318603515625,-0.1975378543138504,-0.0033767044078558683,-0.0070176515728235245,-0.032572146505117416,-0.01780782639980316,0.019375529140233994,-0.06090487539768219,0.14930805563926697,-0.08679693937301636,0.04461129754781723,-0.040609970688819885,0.018816590309143066,0.02866477705538273,-0.36386311054229736,-0.3009297549724579,0.5292119979858398,3.0,3.0,1.1866761445999146,1.1938728094100952,485.2718811035156,847.706298828125,632.0511474609375,1580.3695068359375,-3106.578369140625,-2833.358154296875,-5040.791015625,-4758.953125,10.770946502685547,1.8613660335540771
52.54029083251953,2.911306858062744,-0.2272239774465561,18.378923416137695,-2.5676894187927246,-0.3418317139148712,-0.6807177662849426,0.0,0.0,53.52540588378906,54.06877517700195,546.3500366210938,-3658.73828125,-12000.0,5270.50146484375,-0.3418317139148712,0.08841407299041748,18.557418823242188,-0.19604477286338806,-0.004244673997163773,-0.006571538746356964,-0.03297824785113335,-0.0176196601241827,0.019662177190184593,-0.06454350799322128,0.15603144466876984,0.020133741199970245,0.07183940708637238,-0.010964829474687576,0.19980913400650024,0.03254438936710358,-0.05488047003746033,-0.3444255292415619,0.5308522582054138,3.0,3.0,1.1716883182525635,1.198410153388977,233.0269775390625,856.4375610351562,656.732666015625,1910.2115478515625,-3318.063232421875,-3082.26953125,-5071.59716796875,-4544.42626953125,11.113301277160645,2.4899191856384277
52.72407913208008,2.885629892349243,-0.23064228892326355,18.378694534301758,-2.660252094268799,-0.32619282603263855,-0.6943738460540771,0.0,0.0,53.154903411865234,53.7437744140625,1146.81640625,-4252.80419921875,-12000.0,5161.791015625,-0.32619282603263855,0.08689413219690323,18.570226669311523,-0.19448445737361908,-0.004043336492031813,-0.0058531444519758224,-0.033087894320487976,-0.015621569007635117,0.019987620413303375,-0.0650923103094101,0.16565647721290588,0.11183872818946838,0.09558388590812683,-0.1703835129737854,0.4040769934654236,0.018685393035411835,0.30084672570228577,-0.46371978521347046,0.5147815346717834,3.0,3.0,1.1674317121505737,1.1987593173980713,10.53240966796875,945.57568359375,892.6126708984375,1907.0340576171875,-3100.4970703125,-3297.416015625,-4791.7666015625,-4629.37890625,10.36387825012207,2.5079193115234375
52.907867431640625,2.85902738571167,-0.23390421271324158,18.38313102722168,-2.7520852088928223,-0.3126401901245117,-0.699999988079071,0.0,0.0,52.801727294921875,53.54469299316406,2021.1553955078125,-5093.255859375,-12000.0,4858.18212890625,-0.3126401901245117,0.0853007435798645,18.587993621826172,-0.19282789528369904,-0.0029249493964016438,-0.004897305741906166,-0.0347917303442955,-0.011580798774957657,0.020174473524093628,-0.06208384409546852,0.17626842856407166,0.19813814759254456,0.11165829002857208,-0.4583355188369751,0.5788419246673584,-0.0006745234131813049,0.5647716522216797,-0.6815621256828308,0.4829513430595398,3.0,3.0,1.1694936752319336,1.1941659450531006,113.60595703125,903.0957641601562,1384.2896728515625,2201.59375,-3062.198974609375,-3395.686767578125,-4581.52392578125,-4438.7392578125,9.947267532348633,1.9713518619537354
53.091697692871094,2.8315064907073975,-0.23703061044216156,18.386587142944336,-2.8453316688537598,-0.30202585458755493,-0.699999988079071,0.0,0.0,52.544715881347656,53.5505256652832,3099.56396484375,-6149.119140625,-12000.0,4452.28759765625,-0.30202585458755493,0.08349807560443878,18.60544204711914,-0.1910652071237564,-0.0009435680694878101,-0.003780722850933671,-0.03937508538365364,-0.005792379844933748,0.020167728886008263,-0.05643612891435623,0.1851149946451187,0.29266390204429626,0.11681894212961197,-0.7418059706687927,0.6955168843269348,-0.017512142658233643,0.6465320587158203,-0.9746891856193542,0.4405082166194916,3.0,3.0,1.1695586442947388,1.1745047569274902,-65.76239013671875,752.7411499023438,1657.9454345703125,2204.02734375,-3275.383056640625,-3567.84765625,-4400.1396484375,-4493.837890625,10.115598678588867,0.8444777727127075
53.27556228637695,2.803053140640259,-0.24005086719989777,18.389476776123047,-2.9362988471984863,-0.29361411929130554,-0.699999988079071,0.0,0.0,52.318199157714844,53.61835861206055,4261.10205078125,-7393.33837890625,-12000.0,4093.984375,-0.29361411929130554,0.08171466737985611,18.622425079345703,-0.1892140507698059,0.0019830709788948298,-0.002612533513456583,-0.046793144196271896,0.0011627888306975365,0.019992606714367867,-0.04997080937027931,0.1898394376039505,0.31858029961586,0.12393749505281448,-0.8911895155906677,0.761353075504303,-0.03292430564761162,0.5282065272331238,-0.772230863571167,0.3994162380695343,3.0,3.0,1.1718018054962158,1.1516231298446655,-265.2122802734375,589.115478515625,1683.144775390625,2396.216064453125,-3318.450927734375,-3418.878662109375,-4359.81982421875,-4257.548828125,2.971510410308838,0.5849004983901978
53.45945739746094,2.7736902236938477,-0.2429870069026947,18.397600173950195,-3.023709774017334,-0.2829684913158417,-0.699999988079071,0.0,0.0,51.74280548095703,53.464256286621094,5327.64013671875,-8289.90234375,-12000.0,3785.6640625,-0.2829684913158417,0.08008982241153717,18.644424438476562,-0.1873156577348709,0.005168873816728592,-0.001373158534988761,-0.05570504069328308,0.008776319213211536,0.019663363695144653,-0.044688742607831955,0.19129261374473572,0.282770037651062,0.13468514382839203,-0.8165618181228638,0.6453825235366821,-0.024219335988163948,0.2772705554962158,-0.6390345692634583,0.37247776985168457,3.0,3.0,1.2113512754440308,1.1487232446670532,1.233062744140625,692.1160888671875,2114.84228515625,2400.627197265625,-3167.7158203125,-3169.6845703125,-4216.12548828125,-3941.935791015625,-3.880103588104248,0.6376626491546631
53.6434326171875,2.743453025817871,-0.2458166927099228,18.408191680908203,-3.1118712425231934,-0.2725121080875397,-0.699999988079071,0.0,0.0,51.32905960083008,53.43170928955078,6155.01025390625,-8734.6591796875,-12000.0,3715.067626953125,-0.2725121080875397,0.07835175842046738,18.66936683654785,-0.1854027360677719,0.0079965740442276,-2.630706876516342e-05,-0.06387066096067429,0.015230144374072552,0.0194211695343256,-0.04191603884100914,0.19153077900409698,0.2064613699913025,0.14600646495819092,-0.5321348309516907,0.31513234972953796,0.016623543575406075,-0.026786744594573975,-0.5882377028465271,0.36604079604148865,3.0,3.0,1.2432811260223389,1.135968804359436,86.0025634765625,747.3763427734375,2236.079345703125,2647.452392578125,-3020.47216796875,-3306.543212890625,-4027.116455078125,-4133.0888671875,-8.832470893859863,0.6054224967956543
53.8275146484375,2.712334394454956,-0.24854181706905365,18.41997718811035,-3.1992135047912598,-0.2585195004940033,-0.699999988079071,0.0,0.0,51.00947189331055,53.497650146484375,6695.98681640625,-8838.552734375,-12000.0,3888.44921875,-0.2585195004940033,0.07657553255558014,18.695737838745117,-0.1834874302148819,0.010061187669634819,0.0014337575994431973,-0.06919200718402863,0.01838146708905697,0.019587405025959015,-0.042183905839920044,0.19187678396701813,0.0853830948472023,0.14917294681072235,-0.15168124437332153,-0.106239914894104,0.07598796486854553,-0.2909102141857147,-0.5999588370323181,0.37519025802612305,3.0,3.0,1.2690610885620117,1.111733317375183,102.8516845703125,793.68408203125,2492.76513671875,2547.767822265625,-2847.29931640625,-3242.688232421875,-3858.900634765625,-4311.33544921875,-13.325006484985352,-0.09312629699707031
54.011714935302734,2.680342197418213,-0.2511270046234131,18.43381690979004,-3.284815788269043,-0.2529436945915222,-0.699999988079071,0.0,0.0,50.80381393432617,53.559967041015625,6901.515625,-8691.203125,-12000.0,4331.78271484375,-0.2529436945915222,0.07478286325931549,18.724199295043945,-0.1815686672925949,0.010915018618106842,0.0029254870023578405,-0.07070881873369217,0.01731906831264496,0.02034728415310383,-0.04509300738573074,0.19370689988136292,-0.050365619361400604,0.16104651987552643,0.20430773496627808,-0.4485698342323303,0.13218523561954498,-0.46996361017227173,-0.6642709374427795,0.3899436891078949,3.0,3.0,1.2883803844451904,1.0950875282287598,-34.946868896484375,919.960205078125,2542.88427734375,2812.93798828125,-2921.30908203125,-3371.169677734375,-3469.781982421875,-4108.2353515625,-14.559542655944824,0.6821813583374023
54.19605255126953,2.647494077682495,-0.25365644693374634,18.44826316833496,-3.370497703552246,-0.24393914639949799,-0.699999988079071,0.0,0.0,50.63508224487305,53.755836486816406,6818.11376953125,-8218.7451171875,-12000.0,4923.056640625,-0.24393914639949799,0.07294946908950806,18.753629684448242,-0.17963159084320068,0.010411362163722515,0.004535952117294073,-0.06866574287414551,0.01283336989581585,0.021669136360287666,-0.04979264363646507,0.19911013543605804,-0.1811942160129547,0.15201596915721893,0.427024781703949,-0.6396245360374451,0.170524001121521,-0.5268602967262268,-0.7813259959220886,0.40155377984046936,3.0,3.0,1.3042657375335693,1.0630383491516113,-98.11126708984375,964.681884765625,2741.84814453125,2784.685546875,-2827.870361328125,-3266.52734375,-3418.999267578125,-4311.4541015625,-13.093118667602539,-1.077718734741211
54.38053512573242,2.6137890815734863,-0.256095826625824,18.46269416809082,-3.4580090045928955,-0.2317037433385849,-0.6913049221038818,0.0,0.0,50.60301971435547,53.90863037109375,6389.2666015625,-7600.2861328125,-12000.0,5670.4609375,-0.2317037433385849,0.0709439069032669,18.78373908996582,-0.17764048278331757,0.008599420078098774,0.0060561117716133595,-0.0643954947590828,0.0064371246844530106,0.023374376818537712,-0.05506124719977379,0.20867256820201874,-0.32360053062438965,0.13543128967285156,0.5272054672241211,-0.6370477676391602,0.17024025321006775,-0.5009718537330627,-0.9465620517730713,0.4093383550643921,3.0,3.0,1.3028132915496826,1.0313910245895386,65.453125,776.058837890625,2923.79443359375,2755.990966796875,-3024.56494140625,-3167.565673828125,-3536.037353515625,-4369.7333984375,-12.990180015563965,-1.7898414134979248
54.565162658691406,2.579209089279175,-0.2584128677845001,18.477392196655273,-3.5462470054626465,-0.2239125519990921,-0.6783422827720642,0.0,0.0,50.66724395751953,54.075172424316406,5483.61572265625,-6677.896484375,-12000.0,6520.79150390625,-0.2239125519990921,0.06879502534866333,18.814620971679688,-0.17555375397205353,0.005363414995372295,0.0074104247614741325,-0.0591234415769577,6.664730608463287e-05,0.02507677860558033,-0.06007096543908119,0.22287556529045105,-0.3822868764400482,0.126411572098732,0.6103668212890625,-0.5608358979225159,0.14295412600040436,-0.4522997736930847,-0.8589212894439697,0.4163975417613983,3.0,3.0,1.2903012037277222,1.0010942220687866,-11.5928955078125,965.1671752929688,3061.10107421875,2621.99658203125,-3239.119384765625,-3283.604736328125,-3235.88818359375,-4434.81298828125,-5.090497016906738,-1.2087490558624268
54.749935150146484,2.5437467098236084,-0.26065200567245483,18.493879318237305,-3.6342599391937256,-0.2195480912923813,-0.6709060072898865,0.0,0.0,50.60664749145508,54.25366973876953,4406.6796875,-5774.5537109375,-12000.0,7045.40771484375,-0.2195480912923813,0.06661301106214523,18.847583770751953,-0.17332500219345093,0.0015405463054776192,0.008674540556967258,-0.053019773215055466,-0.005541711580008268,0.026506319642066956,-0.06459396332502365,0.23889480531215668,-0.38626575469970703,0.11123094707727432,0.6562735438346863,-0.44303449988365173,0.09399612247943878,-0.3144247531890869,-0.6887595057487488,0.42204126715660095,3.0,3.0,1.2961390018463135,0.9726948738098145,-7.905517578125,1223.2100830078125,3358.4970703125,2391.821044921875,-3263.12451171875,-3485.55029296875,-2930.78271484375,-4380.1787109375,0.2844662666320801,-1.664875864982605
54.93487548828125,2.507404088973999,-0.2628474831581116,18.512710571289062,-3.7214713096618652,-0.21650780737400055,-0.6637938618659973,0.0,0.0,50.608497619628906,54.48212814331055,3321.885498046875,-5139.572265625,-12000.0,7246.43701171875,-0.21650780737400055,0.06446894258260727,18.883056640625,-0.17093604803085327,-0.0023221110459417105,0.009786849841475487,-0.04645703732967377,-0.00997205637395382,0.027446281164884567,-0.06773821264505386,0.253690242767334,-0.33350256085395813,0.08623699843883514,0.6404776573181152,-0.2690134048461914,0.036491021513938904,-0.08862332999706268,-0.5529842376708984,0.4232388138771057,3.0,3.0,1.2958474159240723,0.9415757060050964,191.09848022460938,1200.714111328125,3427.653076171875,2543.892822265625,-3272.396484375,-3470.20654296875,-2672.692138671875,-4383.6220703125,5.952862739562988,-2.388355016708374
55.12000274658203,2.470189332962036,-0.26501256227493286,18.531932830810547,-3.8080508708953857,-0.2150513082742691,-0.6547360420227051,0.0,0.0,50.782474517822266,54.77094650268555,2427.594482421875,-4950.15966796875,-12000.0,7247.76171875,-0.2150513082742691,0.06234771013259888,18.919137954711914,-0.1683991402387619,-0.0056571364402771,0.010649220086634159,-0.04005226120352745,-0.012662190943956375,0.027811191976070404,-0.06862444430589676,0.2653544843196869,-0.2890437841415405,0.06244855374097824,0.5263253450393677,-0.009733438491821289,-0.019825167953968048,0.15262167155742645,-0.4784935414791107,0.41850242018699646,3.0,3.0,1.2732434272766113,0.9064954519271851,382.17694091796875,1285.02734375,3314.37255859375,2451.543701171875,-3329.715576171875,-3466.453369140625,-2463.0107421875,-4400.13720703125,5.707911491394043,-2.1920523643493652
55.305320739746094,2.4321088790893555,-0.26716306805610657,18.551166534423828,-3.8925797939300537,-0.21184396743774414,-0.6430423855781555,0.0,0.25931549072265625,51.07304382324219,55.13978958129883,1736.9241943359375,-4989.6962890625,-12000.0,7216.62353515625,-0.21184396743774414,0.06033429503440857,18.955156326293945,-0.1657456010580063,-0.008547574281692505,0.011273705400526524,-0.034789007157087326,-0.012759525328874588,0.027612939476966858,-0.0670982301235199,0.27399399876594543,-0.2188718020915985,0.03307642042636871,0.34588921070098877,0.23399916291236877,-0.048147544264793396,0.2935416102409363,-0.4905235171318054,0.4085235595703125,3.0,3.0,1.235133409500122,0.8639914989471436,354.39154052734375,1365.52587890625,3270.98876953125,2382.036865234375,-3172.3515625,-3308.339111328125,-2358.490234375,-4451.69775390625,8.020041465759277,-2.6291396617889404
55.4908332824707,2.3931829929351807,-0.2692815065383911,18.571121215820312,-3.9764561653137207,-0.2105485498905182,-0.6315544247627258,0.0,3.854351043701172,51.51644515991211,55.55601119995117,1342.5428466796875,-5318.40625,-12000.0,7260.31201171875,-0.2105485498905182,0.0583462119102478,18.9920711517334,-0.16300566494464874,-0.010736292228102684,0.011604469269514084,-0.03133011609315872,-0.010419533587992191,0.027131464332342148,-0.06416281312704086,0.27912360429763794,-0.12661021947860718,0.030294736847281456,0.13009844720363617,0.4200338125228882,-0.05206725001335144,0.2695407271385193,-0.6135793328285217,0.3982832133769989,3.0,3.0,1.1773542165756226,0.8204007744789124,490.4040832519531,1427.6058349609375,3153.48681640625,2430.77783203125,-3235.8974609375,-3259.48486328125,-2452.349609375,-4187.51171875,9.525017738342285,-0.28828030824661255
55.676544189453125,2.3534183502197266,-0.271386981010437,18.585853576660156,-4.059913635253906,-0.20596730709075928,-0.6189121603965759,0.0,8.11126708984375,52.1057243347168,56.14689636230469,1397.7999267578125,-5773.76025390625,-12000.0,7241.546875,-0.20596730709075928,0.05632412061095238,19.024112701416016,-0.16021442413330078,-0.012002394534647465,0.011907416395843029,-0.03002913109958172,-0.006219195667654276,0.02661079168319702,-0.061467405408620834,0.28050073981285095,0.0008859187364578247,0.030190477147698402,-0.13307450711727142,0.4879319965839386,-0.031784266233444214,0.15348581969738007,-0.8475771546363831,0.391560435295105,3.0,3.0,1.0983121395111084,0.7617817521095276,431.87640380859375,1411.625244140625,2980.203369140625,1798.8896484375,-3332.566650390625,-3145.56591796875,-2637.924072265625,-4171.75732421875,12.320931434631348,0.1130363941192627
55.862403869628906,2.312819242477417,-0.273446649312973,18.595247268676758,-4.142221927642822,-0.20082835853099823,-0.6038491129875183,0.0,12.8988037109375,52.9013671875,56.760101318359375,1987.7078857421875,-6536.96728515625,-12000.0,7129.5302734375,-0.20082835853099823,0.05426812544465065,19.051015853881836,-0.1574094146490097,-0.011993535794317722,0.01220932137221098,-0.031359877437353134,-0.001339875627309084,0.02629294991493225,-0.05993254855275154,0.2768220603466034,0.07535086572170258,0.03539305552840233,-0.44206374883651733,0.5145444869995117,-0.013762673363089561,0.05161277949810028,-0.864538848400116,0.3890552520751953,3.0,3.0,0.992691695690155,0.7063453197479248,373.66015625,1135.203857421875,2804.647705078125,1368.07177734375,-3155.734130859375,-3435.228759765625,-2594.1181640625,-4151.74560546875,7.48947811126709,0.7581486105918884
56.04835510253906,2.271397113800049,-0.27545493841171265,18.605796813964844,-4.2251763343811035,-0.19290031492710114,-0.5854039788246155,0.0,17.20718765258789,53.2783203125,57.198543548583984,3010.580810546875,-7381.65966796875,-12000.0,6963.513671875,-0.19290031492710114,0.05215281620621681,19.079511642456055,-0.15464119613170624,-0.011240026913583279,0.0125632518902421,-0.035780515521764755,0.0038055689074099064,0.026155322790145874,-0.05941642075777054,0.26912936568260193,0.1270611584186554,0.025568772107362747,-0.722369909286499,0.49838998913764954,0.004088021814823151,0.01453031599521637,-0.6904711127281189,0.3874153196811676,3.0,3.0,0.9404720664024353,0.6636969447135925,543.8768920898438,1214.311767578125,2990.474609375,1198.9178466796875,-3060.12841796875,-3494.65771484375,-2588.39111328125,-4216.64453125,5.44493293762207,-0.42372632026672363
56.234413146972656,2.2291452884674072,-0.277383953332901,18.61765480041504,-4.308533668518066,-0.1785261631011963,-0.5642160773277283,0.0,21.084808349609375,53.244564056396484,57.437374114990234,4334.419921875,-8360.3525390625,-12000.0,6906.34912109375,-0.1785261631011963,0.049965500831604004,19.109697341918945,-0.1519498974084854,-0.00996941514313221,0.012818939983844757,-0.04300421476364136,0.008789468556642532,0.026196202263236046,-0.05927111580967903,0.25942519307136536,0.11226488649845123,0.001819441094994545,-0.894477367401123,0.4929056167602539,0.0080756526440382,0.012915732339024544,-0.5985064506530762,0.38531064987182617,3.0,3.0,0.9378142952919006,0.6262633204460144,981.9779663085938,985.0504760742188,3385.690185546875,870.1851806640625,-2902.71044921875,-3620.9111328125,-2599.34423828125,-4185.2900390625,-0.5087318420410156,-1.7658203840255737
56.420589447021484,2.1860599517822266,-0.2791692018508911,18.631383895874023,-4.393258571624756,-0.1611417979001999,-0.5377370715141296,0.0,25.090320587158203,53.16017532348633,57.554073333740234,5535.8408203125,-9252.8046875,-11621.6650390625,7233.44970703125,-0.1611417979001999,0.04760034382343292,19.14234161376953,-0.14935564994812012,-0.0088467663154006,0.012837134301662445,-0.05194898694753647,0.01371852494776249,0.026276959106326103,-0.05914195999503136,0.2534182667732239,0.1223941370844841,-0.006682382896542549,-0.8335408568382263,0.4664727449417114,-0.07793290913105011,-0.06818951666355133,-0.5434204936027527,0.3979211747646332,3.0,3.0,0.9429672956466675,0.5899316072463989,1254.62744140625,1101.480224609375,3588.21337890625,700.7906494140625,-2749.2978515625,-3793.40185546875,-2622.654296875,-4226.98681640625,1.2873294353485107,-0.9769988059997559
56.606903076171875,2.142127275466919,-0.2807806134223938,18.647018432617188,-4.475419998168945,-0.13887210190296173,-0.5060039758682251,0.0,29.430648803710938,53.02827835083008,57.67166519165039,6585.63134765625,-10110.7568359375,-11132.94921875,7510.3310546875,-0.13887210190296173,0.04522876441478729,19.17656707763672,-0.14682146906852722,-0.007622824981808662,0.012770310044288635,-0.06028439477086067,0.01838325336575508,0.02549763023853302,-0.05982385575771332,0.2509123682975769,0.06351958215236664,0.00262551661580801,-0.5972464084625244,0.4306113123893738,-0.21991750597953796,-0.15116456151008606,-0.4995671510696411,0.43758007884025574,3.0,3.0,0.9573293924331665,0.5499036908149719,1681.5189208984375,817.419677734375,3674.7216796875,691.313720703125,-2616.9189453125,-3571.95458984375,-2453.47119140625,-4164.857421875,-5.132864952087402,0.2055368423461914
56.793373107910156,2.0973730087280273,-0.2821693420410156,18.6667537689209,-4.556602478027344,-0.11668714880943298,-0.4752845764160156,0.0,33.6541862487793,52.755043029785156,57.67353820800781,7166.15576171875,-10571.4150390625,-10823.27734375,7748.41748046875,-0.11668714880943298,0.04274885356426239,19.214845657348633,-0.14431235194206238,-0.006987628992646933,0.01279656495898962,-0.06625685840845108,0.022689366713166237,0.02329845540225506,-0.061335500329732895,0.2508288323879242,-0.04345735162496567,-0.0013237795792520046,-0.22021418809890747,0.2788316607475281,-0.27198663353919983,-0.1954464614391327,-0.46529605984687805,0.49420464038848877,3.0,3.0,0.9967511892318726,0.5138280987739563,1881.8455810546875,716.9348754882812,3986.98974609375,959.24072265625,-2746.1240234375,-3361.829345703125,-2312.59716796875,-3975.483642578125,-10.17231273651123,-0.8928300142288208
56.98004150390625,2.051806926727295,-0.28333622217178345,18.687084197998047,-4.63603401184082,-0.10052956640720367,-0.4431903660297394,0.0,37.584327697753906,52.49636459350586,57.687896728515625,7026.833984375,-10633.74609375,-10684.1123046875,8101.4619140625,-0.10052956640720367,0.04015825688838959,19.253570556640625,-0.1418040692806244,-0.00742220226675272,0.012783327139914036,-0.06845899671316147,0.025477683171629906,0.020578589290380478,-0.06328996270895004,0.2520609200000763,-0.11925051361322403,-0.011740412563085556,0.2688407599925995,0.008799940347671509,-0.17715784907341003,-0.23155605792999268,-0.4446203410625458,0.5431728959083557,3.0,3.0,1.038640022277832,0.4817500114440918,1966.960205078125,782.4169921875,3965.9658203125,866.5903930664062,-2790.604248046875,-3564.49853515625,-1945.651611328125,-3766.0751953125,-8.392618179321289,-1.254042387008667
57.16691207885742,2.005446672439575,-0.2843415141105652,18.707658767700195,-4.714040279388428,-0.08529707789421082,-0.40718308091163635,0.0,41.64081573486328,52.30266189575195,57.82701873779297,6366.52685546875,-10531.2939453125,-10615.2236328125,8431.0048828125,-0.08529707789421082,0.03749595582485199,19.292451858520508,-0.1392834633588791,-0.008614707738161087,0.01266592275351286,-0.06577058881521225,0.025565681979060173,0.01880701072514057,-0.0656055212020874,0.2532283067703247,-0.17614856362342834,-0.0006607510149478912,0.7124776840209961,-0.2410147488117218,9.37730073928833e-05,-0.2362869679927826,-0.4355752468109131,0.5635521411895752,3.0,3.0,1.0739539861679077,0.44417303800582886,2160.638671875,445.7730407714844,4277.1884765625,679.0765380859375,-2783.02001953125,-3788.928466796875,-1604.2081298828125,-3613.572998046875,-6.798945426940918,0.8788065910339355
57.35398864746094,1.9583063125610352,-0.2851944863796234,18.727201461791992,-4.791077136993408,-0.06622962653636932,-0.3694418668746948,0.0,45.988704681396484,52.093055725097656,58.03137969970703,5469.1298828125,-10209.134765625,-10645.95703125,8492.478515625,-0.06622962653636932,0.03473147749900818,19.330350875854492,-0.1367511749267578,-0.010376193560659885,0.012659315019845963,-0.058645810931921005,0.023155534639954567,0.018807947635650635,-0.06796839088201523,0.2530319392681122,-0.18596984446048737,0.009192719124257565,0.9283450841903687,-0.4047488570213318,0.18757125735282898,-0.14097142219543457,-0.43958112597465515,0.5469601154327393,3.0,3.0,1.1139978170394897,0.3993831276893616,2300.38427734375,60.10235595703125,4417.8310546875,553.3666381835938,-2681.4111328125,-3810.8603515625,-1555.702880859375,-3575.363037109375,-1.6374311447143555,1.1735718250274658
57.541259765625,1.9103955030441284,-0.28585678339004517,18.747608184814453,-4.860419750213623,-0.04311417415738106,-0.3290293514728546,0.0,50.53508377075195,51.895137786865234,58.28165054321289,4659.7861328125,-9909.3037109375,-10595.138671875,8236.6357421875,-0.04311417415738106,0.03218623623251915,19.367406845092773,-0.13422085344791412,-0.012235892005264759,0.012751242145895958,-0.049362361431121826,0.01910804584622383,0.020683661103248596,-0.06937810778617859,0.25054213404655457,-0.22023430466651917,0.024177107959985733,0.8155882358551025,-0.39669910073280334,0.2625854015350342,0.07104852795600891,-0.4566090404987335,0.5048421025276184,3.0,3.0,1.1556977033615112,0.35181692242622375,2472.668701171875,-219.48623657226562,4649.2275390625,168.076904296875,-2239.99560546875,-3622.94921875,-1334.3731689453125,-3059.00830078125,-2.089599132537842,1.9285836219787598
57.728736877441406,1.8617912530899048,-0.28628793358802795,18.765424728393555,-4.925649642944336,-0.019734879955649376,-0.2830846309661865,0.0,55.03586196899414,51.61112594604492,58.6402473449707,3946.13427734375,-9442.8662109375,-10513.919921875,7824.998046875,-0.019734879955649376,0.029593288898468018,19.401113510131836,-0.13171543180942535,-0.014438235200941563,0.012993013486266136,-0.0412064790725708,0.01514105498790741,0.02330951578915119,-0.06866762042045593,0.24566373229026794,-0.220310240983963,0.05850725620985031,0.4849666655063629,-0.3119194507598877,0.21063390374183655,0.30568891763687134,-0.4917040169239044,0.45456674695014954,3.0,3.0,1.2121803760528564,0.30242758989334106,2677.796630859375,-745.6683349609375,4495.7490234375,-32.32328796386719,-1990.06396484375,-3789.294921875,-892.567138671875,-3002.212158203125,2.1609573364257812,3.7635536193847656
57.91638946533203,1.8125348091125488,-0.2864852845668793,18.776243209838867,-4.980098247528076,0.011092310771346092,-0.22488054633140564,0.0,59.64289093017578,51.29753494262695,59.49237060546875,3548.65087890625,-8853.2607421875,-10414.2744140625,7092.53955078125,0.011092310771346092,0.02722093276679516,19.425466537475586,-0.12925879657268524,-0.016641337424516678,0.013578086160123348,-0.036356814205646515,0.012021860107779503,0.025415854528546333,-0.06561072915792465,0.23729196190834045,-0.1615879088640213,0.09676165133714676,0.05968445539474487,-0.24576802551746368,0.07723817229270935,0.532503604888916,-0.5582951307296753,0.4065855145454407,3.0,2.548205852508545,1.2736824750900269,0.279438316822052,3106.32861328125,-1535.2279052734375,4377.4130859375,-1391.701171875,-1562.8553466796875,-3675.6025390625,-560.77099609375,-2372.082763671875,8.211390495300293,4.154519557952881
58.10415267944336,1.762733817100525,-0.28637436032295227,18.77406883239746,-5.025129795074463,0.05473299324512482,-0.15079213678836823,0.0,63.782840728759766,51.125709533691406,61.21665954589844,3735.6787109375,-8328.9462890625,-10153.9638671875,6119.0048828125,0.05473299324512482,0.02484169416129589,19.434959411621094,-0.12688587605953217,-0.01825721561908722,0.014545702375471592,-0.03575997054576874,0.009564179927110672,0.026188235729932785,-0.060285694897174835,0.226395845413208,-0.0697251632809639,0.10987883806228638,-0.38155627250671387,-0.2005632519721985,-0.10596571862697601,0.7133082747459412,-0.6546838283538818,0.3677656948566437,3.0,2.026413679122925,1.3110804557800293,0.45551660656929016,3730.244873046875,-2612.35888671875,4068.18505859375,-3416.4560546875,-1362.7216796875,-3513.1240234375,-557.0662841796875,-1725.056640625,11.710037231445312,1.8135396242141724
58.291893005371094,1.7124825716018677,-0.28582704067230225,18.76511573791504,-5.046778678894043,0.12408648431301117,-0.03024332784116268,0.0,65.8835220336914,50.8166389465332,63.811798095703125,4646.9619140625,-8055.2431640625,-9615.2138671875,5187.3759765625,0.12408648431301117,0.023099064826965332,19.431921005249023,-0.1246219202876091,-0.01895446702837944,0.015644490718841553,-0.03957553207874298,0.007558547426015139,0.025128578767180443,-0.05315261334180832,0.21659314632415771,0.012758158147335052,0.10421589016914368,-0.7815490961074829,-0.11075536161661148,-0.3233495056629181,0.7578660249710083,-0.7420539855957031,0.3529204726219177,3.0,1.3693695068359375,1.375411868095398,0.8783308267593384,4044.620849609375,-4067.7802734375,4215.43359375,-4670.88427734375,-291.9287414550781,-2123.536376953125,-460.45831298828125,-748.5325927734375,11.484720230102539,-0.21499711275100708
58.47954559326172,1.6620148420333862,-0.2845861613750458,18.770584106445312,-5.032055854797363,0.2334596812725067,0.1739993691444397,0.0,64.16586303710938,50.62766647338867,66.79713439941406,6246.59716796875,-7900.400390625,-8945.5869140625,4493.37158203125,0.2334596812725067,0.022662879899144173,19.43338394165039,-0.12245599180459976,-0.018826885148882866,0.01668664999306202,-0.047391023486852646,0.006450993940234184,0.021895084530115128,-0.04557395353913307,0.21260350942611694,0.11879521608352661,0.07100841403007507,-1.0974960327148438,0.005801700055599213,-0.4999096393585205,0.6075142621994019,-0.7908935546875,0.38658785820007324,3.0,1.68135404586792,1.4380170106887817,1.411882996559143,3953.5322265625,-3425.84619140625,4252.98388671875,-4704.240234375,1161.50634765625,2468.460205078125,-199.8040313720703,-301.708251953125,14.161466598510742,-3.1098361015319824
58.66725158691406,1.6116943359375,-0.2822515666484833,18.775371551513672,-5.002488613128662,0.3436741232872009,0.42539849877357483,0.0,59.10480880737305,53.4765739440918,70.31294250488281,8215.8291015625,-7855.22607421875,-7945.0322265625,3660.649169921875,0.3436741232872009,0.02186185121536255,19.430377960205078,-0.12032995373010635,-0.017638932913541794,0.017396733164787292,-0.05836598575115204,0.006509011145681143,0.01689598709344864,-0.03949880972504616,0.21618109941482544,0.16651248931884766,0.012169480323791504,-1.2631542682647705,0.135442852973938,-0.6506879925727844,0.39768093824386597,-0.8003082275390625,0.504828929901123,3.0,3.0,1.0100924968719482,2.050797939300537,2830.15869140625,-2576.388427734375,3869.536865234375,-4753.509765625,2678.0146484375,2966.89306640625,348.52435302734375,-252.68020629882812,8.371720314025879,-5.675830841064453
58.85500717163086,1.5616694688796997,-0.27881482243537903,18.753135681152344,-4.957552433013916,0.4341623783111572,0.6835036873817444,0.0,50.76911926269531,58.99510192871094,74.34381103515625,10021.5283203125,-7453.0576171875,-6514.740234375,2458.339599609375,0.4341623783111572,0.020368516445159912,19.397356033325195,-0.11816814541816711,-0.015973808243870735,0.017518427222967148,-0.07099752873182297,0.007863439619541168,0.010389107279479504,-0.03552199900150299,0.22930696606636047,0.14769218862056732,-0.08050081878900528,-1.1487411260604858,0.12125297635793686,-0.802182137966156,0.2996707558631897,-0.8014879822731018,0.7676990032196045,3.0,3.0,0.17324258387088776,2.794311046600342,1114.7034912109375,-3342.678466796875,646.2847900390625,-4243.72900390625,3792.83349609375,2571.5185546875,935.9036865234375,-133.941162109375,1.038440227508545,-8.699707984924316
59.042537689208984,1.5120939016342163,-0.2744731903076172,18.72140121459961,-4.900548458099365,0.5091323256492615,0.699999988079071,0.0,40.05833435058594,62.433692932128906,76.0012435913086,11094.9267578125,-6576.9912109375,-4390.48291015625,638.1751098632812,0.5091323256492615,0.018455564975738525,19.352163314819336,-0.11587507277727127,-0.014496886171400547,0.016713419929146767,-0.08248493820428848,0.009075969457626343,0.0023672860115766525,-0.03252528980374336,0.2523576617240906,0.09965468943119049,-0.1811833679676056,-0.6493006944656372,-0.10969697684049606,-1.035172700881958,0.44632190465927124,-0.8273523449897766,0.6878319978713989,3.0,3.0,0.45713040232658386,3.0,943.8220825195312,-2364.369384765625,-2492.7021484375,-4130.56005859375,3951.598876953125,3447.580322265625,1023.9144897460938,162.54483032226562,-2.6946187019348145,-9.400301933288574
59.22975158691406,1.4630883932113647,-0.26938188076019287,18.687246322631836,-4.837296485900879,0.5784686207771301,0.699999988079071,3.391357421875,34.577266693115234,64.33853149414062,72.93580627441406,10580.7822265625,-6604.58837890625,-2212.821044921875,-737.7190551757812,0.5784686207771301,0.016086162999272346,19.30317497253418,-0.1133514940738678,-0.013500339351594448,0.014901585876941681,-0.08897794783115387,0.007978999987244606,-0.00798444077372551,-0.02806207165122032,0.27535414695739746,0.024319007992744446,-0.24704822897911072,0.304764986038208,-0.1572161316871643,-1.2306101322174072,0.6094575524330139,-0.854535698890686,0.15420955419540405,3.0,3.0,0.7675634026527405,2.703033208847046,620.6471557617188,-1790.137451171875,-3386.32177734375,-4171.28662109375,4127.24560546875,3886.04931640625,1257.50537109375,203.11788940429688,-5.9979376792907715,-7.217099666595459
59.416622161865234,1.4147154092788696,-0.26359719038009644,18.655601501464844,-4.7712321281433105,0.6439709067344666,0.699999988079071,8.457927703857422,27.28976821899414,65.66053771972656,68.47683715820312,8780.08984375,-7089.3251953125,-356.28460693359375,-1349.82861328125,0.6439709067344666,0.013210982084274292,19.25606918334961,-0.11059795320034027,-0.01325714960694313,0.012431103736162186,-0.08593029528856277,0.0064068385399878025,-0.020290542393922806,-0.02196749672293663,0.2967793047428131,-0.08733426779508591,-0.28909218311309814,1.4242600202560425,0.05596216022968292,-1.2076700925827026,0.5385847091674805,-0.8336506485939026,-0.2415582835674286,3.0,3.0,0.9912887811660767,2.0231242179870605,592.248779296875,-952.1316528320312,-3822.25048828125,-4196.13232421875,4409.541015625,4030.32470703125,1141.818115234375,514.7808837890625,-10.247027397155762,-5.907013893127441
59.603179931640625,1.367003083229065,-0.25715747475624084,18.625402450561523,-4.700838565826416,0.6995460987091064,0.699999988079071,13.757305145263672,20.932029724121094,65.6441650390625,64.02342224121094,6194.66259765625,-7698.39599609375,758.4677124023438,-1645.3953857421875,0.6995460987091064,0.009932011365890503,19.209463119506836,-0.1076301634311676,-0.014130492694675922,0.00954018160700798,-0.07168769836425781,0.006966460030525923,-0.032367244362831116,-0.01658165082335472,0.31294605135917664,-0.1287604421377182,-0.28830668330192566,2.274580955505371,0.36681056022644043,-0.8312737345695496,0.234744131565094,-0.6979592442512512,-0.44514137506484985,3.0,3.0,1.0154213905334473,1.3532507419586182,154.63401794433594,-290.4236145019531,-3970.48046875,-4158.8251953125,4302.806640625,4289.5732421875,1323.374267578125,1038.864990234375,-4.827029705047607,-1.788522720336914
59.789432525634766,1.3199946880340576,-0.2501620054244995,18.601531982421875,-4.624547481536865,0.7441160678863525,0.699999988079071,17.711776733398438,16.599430084228516,64.95372009277344,60.94817352294922,4096.23291015625,-8489.2080078125,1482.9342041015625,-2006.611572265625,0.7441160678863525,0.006490960251539946,19.167770385742188,-0.10450070351362228,-0.015418097376823425,0.006657115183770657,-0.04894188791513443,0.010634565725922585,-0.04067998379468918,-0.014234209433197975,0.32376453280448914,-0.15316154062747955,-0.2808592617511749,2.296398162841797,0.6266814470291138,-0.2594894766807556,-0.06549739837646484,-0.3482036292552948,-0.48648542165756226,3.0,3.0,0.9462929964065552,0.9404356479644775,-153.02847290039062,38.15821838378906,-3520.556640625,-3759.069580078125,4453.52099609375,4286.81396484375,1899.1754150390625,1639.899169921875,-2.5080413818359375,0.4110788106918335
59.97544860839844,1.2737492322921753,-0.2427208423614502,18.5885066986084,-4.542832374572754,0.7667407393455505,0.699999988079071,20.43402862548828,13.32107925415039,63.77021408081055,58.51720428466797,2715.1884765625,-9323.3251953125,2132.0751953125,-2373.601318359375,0.7667407393455505,0.003029763698577881,19.13556671142578,-0.10126306116580963,-0.016949713230133057,0.0038485226687043905,-0.025977907702326775,0.016901379451155663,-0.043274879455566406,-0.014889183454215527,0.32786107063293457,-0.1830153912305832,-0.22997631132602692,1.4669854640960693,0.7151975035667419,0.20816782116889954,-0.20837657153606415,0.1957484632730484,-0.4343048334121704,3.0,3.0,0.8204519152641296,0.682582676410675,-193.25035095214844,44.946685791015625,-3159.6171875,-2468.1943359375,4433.39404296875,3944.857421875,2561.390380859375,2706.4462890625,-1.5822484493255615,6.043429374694824
60.16133499145508,1.2283209562301636,-0.2350534349679947,18.588359832763672,-4.458775520324707,0.775881290435791,0.699999988079071,21.67828369140625,10.64404296875,62.5289306640625,56.70293045043945,1936.80126953125,-9856.6083984375,2615.722900390625,-2740.19970703125,0.775881290435791,-0.00036787986755371094,19.115642547607422,-0.0979844480752945,-0.01877986639738083,0.001548759639263153,-0.011308053508400917,0.024053353816270828,-0.04119320213794708,-0.016972949728369713,0.3215413987636566,-0.22001272439956665,-0.16562071442604065,0.23811626434326172,0.5183813571929932,0.4187973737716675,-0.13348957896232605,0.4916541874408722,-0.3583689332008362,3.0,3.0,0.7091786861419678,0.5985363721847534,-450.06988525390625,324.6912841796875,-2365.09375,-1138.502197265625,4444.30908203125,3886.8896484375,3048.71826171875,3200.85302734375,-1.1687499284744263,8.431221008300781
60.34721755981445,1.1837332248687744,-0.22729462385177612,18.59686851501465,-4.380077838897705,0.7742012739181519,0.699999988079071,24.016246795654297,8.502681732177734,61.956050872802734,55.27949523925781,1445.4921875,-9764.59375,3001.08349609375,-2804.45703125,0.7742012739181519,-0.004017367959022522,19.105722427368164,-0.09476903080940247,-0.020979993045330048,-0.00010744750034064054,-0.008926890790462494,0.0292371679097414,-0.0370052270591259,-0.018307846039533615,0.3050350248813629,-0.2738822400569916,-0.06642232835292816,-0.7296538949012756,0.03189101815223694,0.3453102707862854,0.02113400399684906,0.3436315357685089,-0.30944809317588806,3.0,3.0,0.6862308979034424,0.6377907395362854,-504.21453857421875,491.6771240234375,-1968.6259765625,149.81951904296875,4124.38671875,3561.53662109375,3166.466796875,3154.5087890625,-3.2157938480377197,11.462773323059082
60.53318786621094,1.13993239402771,-0.21955260634422302,18.60737419128418,-4.300688743591309,0.767991304397583,0.699999988079071,27.005403518676758,7.019798278808594,61.42633056640625,54.46391296386719,1134.9573974609375,-8699.609375,3085.564697265625,-2598.2041015625,0.767991304397583,-0.007587015628814697,19.09791374206543,-0.09171868115663528,-0.02371881529688835,-0.0007716707768850029,-0.016223430633544922,0.02955607883632183,-0.033552125096321106,-0.018096506595611572,0.2825777232646942,-0.3006124198436737,0.0277978777885437,-1.0396606922149658,-0.6942532062530518,0.1635841429233551,0.1172938346862793,0.006787119898945093,-0.30496200919151306,3.0,3.0,0.675121545791626,0.7091814279556274,-831.8643188476562,531.5444946289062,-1812.1214599609375,683.2836303710938,3967.722412109375,3739.826171875,3315.02197265625,3159.078369140625,-2.6625218391418457,10.186041831970215
60.719261169433594,1.0969254970550537,-0.21187269687652588,18.62042999267578,-4.220588684082031,0.7555599212646484,0.699999988079071,28.54111099243164,5.966682434082031,61.011417388916016,53.88935470581055,999.96826171875,-7017.96923828125,2874.325439453125,-2240.822265625,0.7555599212646484,-0.011025384068489075,19.0927677154541,-0.08889290690422058,-0.026724940165877342,-0.0004936920013278723,-0.026620037853717804,0.02261354774236679,-0.03191628307104111,-0.01692356914281845,0.2595519423484802,-0.32808658480644226,0.11851147562265396,-0.7222565412521362,-1.37069571018219,0.04361735284328461,0.09106168150901794,-0.4440726339817047,-0.32089948654174805,3.0,3.0,0.6754270195960999,0.7756308913230896,-1161.8375244140625,374.3019714355469,-1469.427490234375,1340.541015625,4046.4951171875,3509.17724609375,3736.970703125,3074.390869140625,-4.661236763000488,8.691264152526855
60.90546417236328,1.0547195672988892,-0.2043170928955078,18.634563446044922,-4.140649795532227,0.7379266619682312,0.699999988079071,28.13413429260254,5.297554016113281,60.90922164916992,53.54963302612305,769.8018798828125,-4438.1416015625,1971.2095947265625,-1842.4014892578125,0.7379266619682312,-0.014333218336105347,19.089052200317383,-0.08629738539457321,-0.0300058051943779,0.0006914227269589901,-0.033842604607343674,0.0089065907523036,-0.03148011118173599,-0.016012951731681824,0.2416805773973465,-0.31801363825798035,0.1696431189775467,-0.05990999937057495,-1.8751121759414673,0.19147369265556335,-0.030438043177127838,-0.7385590672492981,-0.29821184277534485,3.0,3.0,0.69134521484375,0.8245251774787903,-1368.857421875,521.7208251953125,-1512.961669921875,1744.6328125,3898.80126953125,3552.374267578125,3931.777099609375,2966.46533203125,-2.8284168243408203,4.515952110290527
61.0918083190918,1.0133130550384521,-0.19693782925605774,18.649211883544922,-4.060885429382324,0.7201939821243286,0.699999988079071,26.18805694580078,4.0914306640625,61.23725509643555,53.383331298828125,355.9913635253906,-1858.6739501953125,676.3685302734375,-1729.0048828125,0.7201939821243286,-0.017466334626078606,19.08622169494629,-0.08388058096170425,-0.033185940235853195,0.002387853804975748,-0.03444170579314232,-0.009844531305134296,-0.029565373435616493,-0.016317332163453102,0.2293572723865509,-0.23028546571731567,0.17962437868118286,0.5734701156616211,-1.9473024606704712,0.5529828071594238,-0.11115988343954086,-0.10425689816474915,-0.1942015290260315,3.0,3.0,0.7291518449783325,0.8575769662857056,-989.7490234375,778.4727783203125,-1857.128662109375,1668.50537109375,3673.905029296875,3807.71923828125,3903.160400390625,2943.90869140625,4.5125555992126465,0.5282487869262695
61.27830123901367,0.9727041721343994,-0.18973588943481445,18.663827896118164,-3.9801247119903564,0.7026140093803406,0.699999988079071,21.72172737121582,0.0,60.93522644042969,53.79220199584961,443.67742919921875,-831.0534057617188,-9.738564491271973,-2356.464599609375,0.7026140093803406,-0.020370230078697205,19.083498001098633,-0.08158700913190842,-0.0354887954890728,0.004184097517281771,-0.028707005083560944,-0.029317554086446762,-0.02403554506599903,-0.0174289308488369,0.22135494649410248,-0.17293407022953033,0.16644226014614105,0.7185986638069153,-1.2110527753829956,0.7415671348571777,0.051535867154598236,0.24438484013080597,-0.04030214995145798,3.0,3.0,0.7296050190925598,0.8368295431137085,-723.160400390625,923.5153198242188,-1765.203369140625,1236.728271484375,3571.033203125,3827.402587890625,3859.376708984375,3234.1875,5.454163551330566,-1.9887566566467285
61.46493911743164,0.9329029321670532,-0.18270975351333618,18.680599212646484,-3.897857189178467,0.6825408935546875,0.699999988079071,19.362560272216797,0.0,60.75286865234375,54.067527770996094,532.4374389648438,-490.719970703125,-234.8649444580078,-3027.22412109375,0.6825408935546875,-0.02299681305885315,19.08292579650879,-0.07937345653772354,-0.037218134850263596,0.005848519969731569,-0.02152101881802082,-0.041428081691265106,-0.01661987416446209,-0.01691357232630253,0.22043518722057343,-0.07341424375772476,0.12284751981496811,0.4224894046783447,-0.05739152431488037,0.5882223844528198,0.3304287791252136,0.39039742946624756,0.08359052985906601,3.0,3.0,0.733805775642395,0.8275059461593628,-601.040771484375,1060.0242919921875,-1521.17041015625,1174.7078857421875,3401.0205078125,3920.17138671875,4049.97119140625,3430.875244140625,12.366663932800293,-5.080224990844727
61.6517448425293,0.893924355506897,-0.17588435113430023,18.699296951293945,-3.8160266876220703,0.6651145815849304,0.699999988079071,18.003002166748047,0.0,60.46815872192383,54.19534683227539,635.3316040039062,-798.9562377929688,221.22413635253906,-3621.171630859375,0.6651145815849304,-0.025424716994166374,19.084699630737305,-0.07716910541057587,-0.037952277809381485,0.0070769949816167355,-0.01729612424969673,-0.04200199618935585,-0.010737650096416473,-0.013609284535050392,0.2260741889476776,-0.008857861161231995,0.08399174362421036,-0.061402708292007446,1.0018857717514038,0.050894081592559814,0.551054835319519,0.3202482759952545,-0.04435041546821594,3.0,3.0,0.7339259386062622,0.8306700587272644,-438.8705139160156,1068.52392578125,-1048.255615234375,996.5506591796875,3196.85693359375,4061.591796875,3992.4404296875,3537.20361328125,10.625064849853516,-4.981686592102051
61.83873748779297,0.8557640910148621,-0.16923320293426514,18.722366333007812,-3.735952138900757,0.6490319967269897,0.699999988079071,17.11410903930664,0.0,60.06978225708008,54.29907989501953,484.06988525390625,-1270.9234619140625,803.0153198242188,-3932.96533203125,0.6490319967269897,-0.02772468328475952,19.091474533081055,-0.07490836083889008,-0.03804085776209831,0.00791691243648529,-0.017910150811076164,-0.031983137130737305,-0.010228709317743778,-0.00809873640537262,0.23213766515254974,0.08695010840892792,0.052240192890167236,-0.3630192279815674,1.456324815750122,-0.5591586232185364,0.548236072063446,0.010263117961585522,-0.5668545365333557,3.0,3.0,0.7323712706565857,0.8363644480705261,-328.4197692871094,1178.205078125,-467.09918212890625,1131.7919921875,3077.708984375,4052.366943359375,4047.33203125,3434.25732421875,11.766589164733887,-4.251483917236328
62.025962829589844,0.8184045553207397,-0.16274288296699524,18.745094299316406,-3.654909610748291,0.6357459425926208,0.699999988079071,16.371627807617188,0.0,59.81733703613281,54.40878677368164,243.433349609375,-1821.4078369140625,1361.5888671875,-3935.705322265625,0.6357459425926208,-0.029820680618286133,19.098087310791016,-0.07258698344230652,-0.03717135637998581,0.008439314551651478,-0.021540343761444092,-0.017419889569282532,-0.015820294618606567,-0.002616375684738159,0.23272565007209778,0.20295782387256622,0.015180740505456924,-0.3526303172111511,1.2230918407440186,-0.9334803819656372,0.30490434169769287,-0.49144303798675537,-0.9715267419815063,3.0,3.0,0.7380381226539612,0.8415119647979736,-347.7622985839844,910.712158203125,-146.88162231445312,1110.275390625,3219.94873046875,3998.910888671875,4064.080078125,3477.91259765625,10.42598819732666,-4.2321038246154785
62.21341323852539,0.7818554639816284,-0.1563854217529297,18.764156341552734,-3.5758514404296875,0.623350203037262,0.699999988079071,16.791419982910156,0.0,60.29846954345703,54.55021667480469,19.491790771484375,-2339.978515625,2117.40966796875,-3779.904541015625,0.623350203037262,-0.03192485496401787,19.101839065551758,-0.07025972753763199,-0.035141777247190475,0.00859112199395895,-0.025066647678613663,-0.005188971757888794,-0.025155097246170044,0.00043266755528748035,0.22637425363063812,0.3139895796775818,-0.02241363748908043,-0.11382362246513367,0.5787245631217957,-0.9884729981422424,-0.05104410648345947,-0.9366026520729065,-0.9969443082809448,3.0,3.0,0.7618353962898254,0.8449670076370239,-613.0611572265625,899.3345947265625,-364.248046875,1110.916015625,3077.231201171875,4100.4365234375,3788.18603515625,3337.975830078125,7.32562255859375,-3.6922194957733154
62.40105438232422,0.7460969686508179,-0.15015192329883575,18.775882720947266,-3.497947931289673,0.6067674160003662,0.699999988079071,18.438491821289062,0.0,61.606956481933594,53.95096969604492,36.0102653503418,-2800.7939453125,3237.021484375,-3478.91796875,0.6067674160003662,-0.03403657674789429,19.09893798828125,-0.06799598783254623,-0.032001882791519165,0.008366985246539116,-0.02620488405227661,0.0005982737056910992,-0.03503982722759247,-7.777352584525943e-05,0.21769218146800995,0.3959229588508606,-0.036855295300483704,0.11515781283378601,-0.056860268115997314,-0.8420613408088684,-0.36045631766319275,-0.9865307211875916,-0.8739728927612305,3.0,3.0,0.8440858721733093,0.8975079655647278,-932.149169921875,888.8897094726562,-1592.1688232421875,1489.8353271484375,3242.28466796875,3996.869140625,3388.99169921875,3249.337646484375,3.8539323806762695,-1.2030186653137207
62.58881378173828,0.7111175060272217,-0.14408424496650696,18.786670684814453,-3.4195427894592285,0.5911601185798645,0.699999988079071,17.638214111328125,0.0,61.85821533203125,53.605350494384766,377.3085021972656,-3511.9619140625,4576.03515625,-3596.8876953125,0.5911601185798645,-0.0359642393887043,19.095346450805664,-0.06581906974315643,-0.02804265357553959,0.007998432032763958,-0.02505330555140972,2.9671064112335443e-05,-0.04346043989062309,-0.0036823367699980736,0.2074720710515976,0.43560126423835754,-0.015966568142175674,0.1284385770559311,-0.30075567960739136,-0.6391783952713013,-0.38317736983299255,-0.8308257460594177,-0.7607694268226624,3.0,3.0,0.8743768930435181,0.9347700476646423,-1069.5875244140625,987.2911987304688,-1908.1956787109375,1755.828857421875,3500.76806640625,4057.198486328125,3367.470458984375,3011.60009765625,1.639960765838623,2.271263837814331
62.77667999267578,0.676922082901001,-0.13817264139652252,18.79553985595703,-3.3367350101470947,0.5768309831619263,0.699999988079071,15.526111602783203,0.0,61.62472915649414,53.49750900268555,979.658935546875,-4377.490234375,5806.50341796875,-4179.03955078125,0.5768309831619263,-0.03752487897872925,19.08942413330078,-0.06374435126781464,-0.023686639964580536,0.00783876609057188,-0.023768920451402664,-0.0029778857715427876,-0.049852222204208374,-0.007514110300689936,0.19720123708248138,0.3881509304046631,0.00826759822666645,-0.1072361022233963,-0.09816068410873413,-0.44206511974334717,-0.048563361167907715,-0.7374020218849182,-0.7418887615203857,3.0,3.0,0.8652340173721313,0.9494057893753052,-1054.033935546875,783.205322265625,-2057.638427734375,1727.7845458984375,3761.459228515625,4208.99462890625,3556.80419921875,3121.45947265625,-3.8321661949157715,2.8775417804718018
62.96463394165039,0.6435547471046448,-0.13240432739257812,18.80632781982422,-3.252866268157959,0.5674239993095398,0.699999988079071,13.61578369140625,0.0,61.36457824707031,53.56688690185547,1279.9237060546875,-4851.7607421875,6611.23828125,-4719.119140625,0.5674239993095398,-0.03886766731739044,19.085573196411133,-0.061772339046001434,-0.01980513148009777,0.00792144238948822,-0.02484128065407276,-0.003959492780268192,-0.05427287518978119,-0.007999744266271591,0.19024482369422913,0.3583623468875885,0.040739454329013824,-0.3146926462650299,0.22059914469718933,-0.22768448293209076,0.38808301091194153,-0.8437631130218506,-0.8333337903022766,3.0,3.0,0.8548781871795654,0.9490244388580322,-871.5623168945312,820.573486328125,-1806.3470458984375,1664.838134765625,3907.919189453125,4365.1904296875,3540.1630859375,3081.23974609375,-1.499887466430664,3.6691956520080566
63.1526985168457,0.6110261082649231,-0.1267300844192505,18.816682815551758,-3.1710002422332764,0.5543896555900574,0.699999988079071,12.499202728271484,0.0,61.54282760620117,53.78791046142578,1398.331787109375,-4995.67138671875,7041.396484375,-5302.705078125,0.5543896555900574,-0.040221959352493286,19.082002639770508,-0.05986988916993141,-0.016221508383750916,0.008328837342560291,-0.02798820659518242,-0.0017535013612359762,-0.05654972046613693,-0.004118914250284433,0.18793077766895294,0.3256528377532959,0.06634385883808136,-0.35290491580963135,0.3770865201950073,-0.017421260476112366,0.713853657245636,-0.9322194457054138,-0.9573519229888916,3.0,3.0,0.8748081922531128,0.9341938495635986,-860.11572265625,1041.526611328125,-2037.10498046875,1720.98681640625,3683.8427734375,4314.3349609375,3267.038330078125,3256.278076171875,-2.684279441833496,2.9431099891662598
63.34086608886719,0.5793160796165466,-0.12118618935346603,18.820722579956055,-3.089277744293213,0.5401607155799866,0.699999988079071,10.816909790039062,0.0,61.77275848388672,54.323978424072266,1380.7525634765625,-4909.42626953125,7210.29638671875,-5951.63232421875,0.5401607155799866,-0.04150540381669998,19.07257843017578,-0.057990580797195435,-0.012964979745447636,0.008992276154458523,-0.031517256051301956,0.0020173636730760336,-0.056723933666944504,0.0030196220614016056,0.18852822482585907,0.2565959393978119,0.09648054093122482,-0.19950012862682343,0.2671947181224823,0.14682093262672424,0.8016562461853027,-0.7828356027603149,-0.7206072211265564,3.0,3.0,0.900593638420105,0.8945629000663757,-826.5342407226562,764.730712890625,-2295.37353515625,1187.293701171875,3478.3681640625,4202.55908203125,3109.66552734375,3558.33203125,-7.4193949699401855,3.0628342628479004
63.52907180786133,0.5484232902526855,-0.11578458547592163,18.8219051361084,-3.0097501277923584,0.5252940654754639,0.699999988079071,7.818370819091797,0.0,61.93904113769531,54.96684265136719,1275.323486328125,-4605.62890625,7209.14697265625,-6860.259765625,0.5252940654754639,-0.042779773473739624,19.061023712158203,-0.056105297058820724,-0.01039902027696371,0.009957081638276577,-0.03351225703954697,0.004689310677349567,-0.05525572597980499,0.011036183685064316,0.18742860853672028,0.12906531989574432,0.1049901619553566,0.05263705551624298,-0.06175467371940613,0.24620786309242249,0.7024403810501099,-0.7736615538597107,-0.532244086265564,3.0,3.0,0.9230626821517944,0.8564692139625549,-656.37060546875,885.8423461914062,-2620.88671875,844.460693359375,3447.130126953125,3957.376953125,2904.22119140625,3598.4248046875,-13.753521919250488,0.9293510913848877
63.717288970947266,0.5183258056640625,-0.11053164303302765,18.818626403808594,-2.9317376613616943,0.5155799984931946,0.699999988079071,4.933414459228516,0.0,62.043235778808594,55.64145278930664,492.3210754394531,-3559.302001953125,6924.85009765625,-7435.07763671875,0.5155799984931946,-0.04401518404483795,19.045625686645508,-0.054231010377407074,-0.009108367376029491,0.011006982997059822,-0.032985884696245193,0.004071763716638088,-0.05279364809393883,0.018060587346553802,0.18224003911018372,0.06384395062923431,0.11196921765804291,0.44555455446243286,-0.5823534727096558,0.31516706943511963,0.3972609341144562,-0.9802346229553223,-0.4112197458744049,3.0,3.0,0.9436962604522705,0.8335910439491272,-427.326171875,659.5357666015625,-2671.3291015625,210.4481201171875,3338.74755859375,3938.081298828125,2794.79052734375,3500.80078125,-9.249786376953125,0.4856276512145996
63.90547561645508,0.48900842666625977,-0.10537584125995636,18.81449317932129,-2.8535261154174805,0.5120123624801636,0.699999988079071,2.7581405639648438,0.0,62.226871490478516,56.269065856933594,-513.3883666992188,-2171.9775390625,6669.2333984375,-7877.60546875,0.5120123624801636,-0.04514342173933983,19.029653549194336,-0.0524086095392704,-0.008469928056001663,0.012126674875617027,-0.028530338779091835,-0.001751770731061697,-0.04964197799563408,0.022033195942640305,0.17208808660507202,0.03543557599186897,0.10029405355453491,0.7788431644439697,-1.046743392944336,0.3048834204673767,0.05346876382827759,-0.40526843070983887,-0.3570897877216339,3.0,3.0,0.973682701587677,0.8316565752029419,-292.400634765625,836.9862670898438,-2528.42138671875,-318.459716796875,3430.726318359375,4078.55615234375,2649.107666015625,3455.05517578125,-5.634481430053711,-1.4019861221313477
64.09362030029297,0.4604731798171997,-0.10025572031736374,18.804494857788086,-2.776257276535034,0.5171994566917419,0.699999988079071,0.0,0.0,62.33946228027344,57.356414794921875,-739.8047485351562,-1513.1270751953125,7011.09814453125,-8728.92578125,0.5171994566917419,-0.04632336646318436,19.008331298828125,-0.05068773031234741,-0.008115571923553944,0.013129615224897861,-0.020741907879710197,-0.012219203636050224,-0.04659314453601837,0.022567883133888245,0.1571211814880371,-0.018829282373189926,0.08256202936172485,0.691806435585022,-1.020491361618042,0.08319506049156189,-0.06540406495332718,0.12193020433187485,-0.3511101305484772,3.0,3.0,1.0024464130401611,0.8669843673706055,114.24267578125,770.8988037109375,-2693.14697265625,-1428.043212890625,3503.638916015625,4040.029052734375,2611.260009765625,3208.429443359375,-4.784030914306641,-2.075653553009033
64.28166198730469,0.4327106177806854,-0.09508372843265533,18.791820526123047,-2.697392463684082,0.5228419899940491,0.699999988079071,0.0,0.0,62.28173828125,57.72272491455078,-713.2710571289062,-1144.3646240234375,7668.7060546875,-9502.912109375,0.5228419899940491,-0.04748322069644928,18.984426498413086,-0.04911651834845543,-0.008303864859044552,0.013955235481262207,-0.01382384356111288,-0.022424116730690002,-0.045761194080114365,0.021913843229413033,0.1400367170572281,-0.11979153752326965,0.044494275003671646,0.26932695508003235,-0.5580500364303589,-0.2725698947906494,0.028648994863033295,0.38542819023132324,-0.367156058549881,3.0,3.0,1.0157074928283691,0.9026699662208557,110.77685546875,515.4691162109375,-2646.874755859375,-1645.1190185546875,3610.66357421875,3942.981201171875,2886.503662109375,3164.58056640625,-6.2119903564453125,-3.9663052558898926
64.4695816040039,0.40573668479919434,-0.08985530585050583,18.784465789794922,-2.615750312805176,0.5312352180480957,0.699999988079071,0.0,0.0,62.069541931152344,57.844234466552734,-1109.9061279296875,-311.1487731933594,8396.376953125,-9719.5390625,0.5312352180480957,-0.04850567504763603,18.965713500976562,-0.04771615192294121,-0.00950178038328886,0.01440017856657505,-0.01113057415932417,-0.028004616498947144,-0.04848689213395119,0.022200332954525948,0.1264108121395111,-0.18954236805438995,0.019129499793052673,-0.05891254544258118,-0.12118583917617798,-0.5782356858253479,0.10145899653434753,0.4283239543437958,-0.3940412104129791,3.0,3.0,1.0127911567687988,0.9297384023666382,375.7403564453125,749.6329345703125,-2294.876220703125,-1517.616455078125,3855.3203125,4093.84375,3071.28271484375,3184.48974609375,-3.325014591217041,-2.911041021347046
64.65742492675781,0.37957918643951416,-0.08454295247793198,18.776172637939453,-2.533057928085327,0.534537136554718,0.699999988079071,0.0,0.0,61.881046295166016,57.931480407714844,-1760.2154541015625,937.73046875,9125.7255859375,-9665.07421875,0.534537136554718,-0.04955553263425827,18.946266174316406,-0.04645204544067383,-0.011397204361855984,0.014591473154723644,-0.011719699949026108,-0.029216475784778595,-0.054269250482320786,0.023214923217892647,0.11958540230989456,-0.25048089027404785,0.003379734233021736,-0.0859958603978157,-0.03856755793094635,-0.6938316226005554,0.06924708187580109,0.4093838036060333,-0.4295142590999603,3.0,3.0,1.011579990386963,0.9515505433082581,189.67388916015625,935.9366455078125,-2287.30224609375,-1642.8909912109375,3815.64013671875,3968.56787109375,3275.435791015625,3314.619140625,-4.560613632202148,-1.8665771484375
64.84518432617188,0.35424861311912537,-0.07919757813215256,18.765213012695312,-2.452374219894409,0.5374171137809753,0.699999988079071,0.0,0.0,61.665748596191406,58.03669357299805,-2624.1318359375,2498.520751953125,9636.376953125,-9464.18359375,0.5374171137809753,-0.05075319856405258,18.924781799316406,-0.04525619000196457,-0.013902013190090656,0.01462527085095644,-0.0125796590000391,-0.02960215136408806,-0.061207566410303116,0.023907393217086792,0.11966156214475632,-0.30236056447029114,-0.0010008756071329117,0.18761584162712097,-0.3564313054084778,-0.5428526997566223,-0.06199391186237335,0.48570436239242554,-0.4715493619441986,3.0,3.0,1.0103899240493774,0.9764733910560608,269.68011474609375,811.6817626953125,-2402.2568359375,-1849.8505859375,3764.27734375,3723.076904296875,3306.931884765625,3201.18603515625,-6.171610355377197,-0.4343531131744385
65.0328369140625,0.32972487807273865,-0.07382340729236603,18.755325317382812,-2.3734586238861084,0.5392134785652161,0.699999988079071,0.0,0.0,61.35697937011719,58.01292037963867,-3484.453369140625,4110.92578125,9770.4580078125,-9245.3759765625,0.5392134785652161,-0.05205598473548889,18.9049072265625,-0.044059574604034424,-0.016925618052482605,0.014615261927247047,-0.010703500360250473,-0.033166464418172836,-0.0666360929608345,0.0232874546200037,0.12502038478851318,-0.3108329176902771,-0.005333282053470612,0.5457388758659363,-0.8333009481430054,-0.15664613246917725,-0.2077738493680954,0.7127553224563599,-0.5146498084068298,3.0,3.0,1.0026042461395264,0.9932910203933716,349.7627258300781,819.1907348632812,-2313.724365234375,-1736.1181640625,3580.65576171875,3684.348876953125,3228.614990234375,3224.25341796875,-3.620668411254883,0.07726049423217773
65.22039031982422,0.3059902787208557,-0.06843127310276031,18.74850082397461,-2.293447256088257,0.5386428833007812,0.699999988079071,0.0,0.0,60.889686584472656,57.944915771484375,-4050.32080078125,5379.416015625,9704.9658203125,-9183.5537109375,0.5386428833007812,-0.053290955722332,18.888254165649414,-0.042809370905160904,-0.020033948123455048,0.014561928808689117,-0.005246111657470465,-0.04149947315454483,-0.06820255517959595,0.021209716796875,0.13427488505840302,-0.27668139338493347,-0.00011605443432927132,0.6964059472084045,-1.0807994604110718,0.26985451579093933,-0.2476845383644104,0.9990704655647278,-0.5474823713302612,3.0,3.0,0.9830273985862732,1.0038632154464722,591.7564697265625,926.5697021484375,-2264.506591796875,-1536.32080078125,3573.93798828125,3667.474609375,3473.210693359375,3247.555908203125,1.0082268714904785,1.211836338043213
65.40787506103516,0.2830558121204376,-0.06304484605789185,18.74363899230957,-2.211836099624634,0.5428359508514404,0.699999988079071,0.0,0.0,60.40327835083008,57.958744049072266,-4256.0322265625,6161.7314453125,9409.5302734375,-9421.16796875,0.5428359508514404,-0.05441657453775406,18.87369155883789,-0.04146662354469299,-0.022800762206315994,0.014560768380761147,0.0017179478891193867,-0.05230746790766716,-0.06550400704145432,0.018732871860265732,0.14491239190101624,-0.2451556921005249,0.009632784873247147,0.49902474880218506,-0.885945200920105,0.5661566257476807,-0.09690621495246887,0.8304485082626343,-0.5456677675247192,3.0,3.0,0.9678112268447876,1.0223886966705322,747.1249389648438,1051.015869140625,-2036.5068359375,-1630.19189453125,3723.85986328125,3877.4765625,3482.749755859375,3201.79248046875,3.261190414428711,1.6578197479248047
65.5953140258789,0.2609374523162842,-0.05761648714542389,18.738370895385742,-2.1268532276153564,0.5454780459403992,0.699999988079071,0.0,0.0,60.335121154785156,57.910091400146484,-4487.0537109375,6821.525390625,8765.5595703125,-9776.962890625,0.5454780459403992,-0.05540240556001663,18.858686447143555,-0.0400175005197525,-0.025252319872379303,0.0146570960059762,0.006708195433020592,-0.0611669197678566,-0.059842441231012344,0.017763810232281685,0.15482544898986816,-0.23160408437252045,0.01917228475213051,0.13897013664245605,-0.41955310106277466,0.6902451515197754,0.16771838068962097,0.7849003672599792,-0.4837184250354767,3.0,3.0,0.9772574305534363,1.0343636274337769,870.2642822265625,819.7998046875,-2184.3505859375,-1412.4403076171875,3970.54052734375,3835.02001953125,3717.4365234375,3353.51806640625,3.3072423934936523,1.4463658332824707
65.78269958496094,0.23966892063617706,-0.05216170847415924,18.732702255249023,-2.0449957847595215,0.5474675893783569,0.699999988079071,0.0,0.0,60.15721893310547,57.74705505371094,-4693.46875,7447.14697265625,7930.36279296875,-10187.8916015625,0.5474675893783569,-0.05657484754920006,18.843996047973633,-0.03846924751996994,-0.027568360790610313,0.014848819002509117,0.008097896352410316,-0.06536245346069336,-0.05293998867273331,0.019440993666648865,0.16341251134872437,-0.17447277903556824,0.026759983971714973,-0.1585298478603363,0.014679282903671265,0.6588007211685181,0.40610212087631226,0.8085144758224487,-0.36194872856140137,3.0,3.0,0.9822640419006348,1.0404928922653198,868.0362548828125,745.3673095703125,-2009.4931640625,-1469.6986083984375,3809.681396484375,3599.38232421875,3656.36474609375,3270.344970703125,7.496978759765625,0.9761877059936523
65.97002410888672,0.21921896934509277,-0.04668703302741051,18.72661781311035,-1.9609832763671875,0.54662024974823,0.699999988079071,0.0,0.0,59.91081619262695,57.45661163330078,-4656.833984375,7666.18408203125,7161.61767578125,-10806.771484375,0.54662024974823,-0.057649072259664536,18.829010009765625,-0.03683512285351753,-0.029313089326024055,0.015116418711841106,0.006512598134577274,-0.06521566212177277,-0.04635198041796684,0.023502014577388763,0.16791407763957977,-0.05032167583703995,0.017761223018169403,-0.3224586248397827,0.3074915409088135,0.4880450963973999,0.5639580488204956,0.8777928948402405,-0.21242879331111908,3.0,3.0,0.9822812080383301,1.0367220640182495,740.2321166992188,861.6736450195312,-1940.483642578125,-1553.0166015625,3795.71923828125,3652.722412109375,3791.667724609375,3474.197021484375,13.129058837890625,-0.8432822227478027
66.15728759765625,0.19960913062095642,-0.041220828890800476,18.72004508972168,-1.8779171705245972,0.5430904626846313,0.699999988079071,0.0,0.5137939453125,59.673736572265625,57.01578140258789,-4196.32470703125,7021.873046875,6697.53662109375,-11634.798828125,0.5430904626846313,-0.05876053124666214,18.814001083374023,-0.03515598177909851,-0.02981630526483059,0.015294031240046024,0.003288011997938156,-0.06214074790477753,-0.04147152975201607,0.02914159558713436,0.16451765596866608,0.10173626989126205,0.005282261408865452,-0.41482388973236084,0.577796459197998,0.1909697949886322,0.6355719566345215,0.993900716304779,-0.08290824294090271,3.0,3.0,0.9826697111129761,1.0261698961257935,685.59716796875,585.4796752929688,-1692.40087890625,-1476.967041015625,3664.580322265625,3427.0498046875,4089.147705078125,3370.890625,15.511150360107422,-1.6041526794433594
66.34449005126953,0.1808299571275711,-0.03578992560505867,18.713863372802734,-1.7928102016448975,0.537565290927887,0.699999988079071,0.0,1.2313499450683594,59.5666389465332,56.80562973022461,-3196.537353515625,5633.03662109375,6758.69091796875,-12000.0,0.537565290927887,-0.05971977859735489,18.799545288085938,-0.033510804176330566,-0.028798943385481834,0.015346853993833065,-0.0008602268062531948,-0.056362785398960114,-0.03956183046102524,0.03549731522798538,0.15699586272239685,0.21184119582176208,-0.024157200008630753,-0.549009382724762,0.883359432220459,-0.19703984260559082,0.5046525001525879,0.8180475831031799,-0.021879753097891808,3.0,3.0,0.9862991571426392,1.0246567726135254,714.6444091796875,529.2803955078125,-1531.4521484375,-1480.1044921875,3608.640625,3474.12890625,4144.62109375,3691.42431640625,11.631756782531738,-3.6559014320373535
66.53163146972656,0.1629018485546112,-0.030414272099733353,18.705638885498047,-1.7077033519744873,0.5355722308158875,0.699999988079071,0.0,0.5101737976074219,59.741973876953125,57.12217712402344,-2266.310302734375,3963.02099609375,7269.9921875,-12000.0,0.5355722308158875,-0.06062686815857887,18.783428192138672,-0.03194084390997887,-0.026680530980229378,0.015105281956493855,-0.006350320298224688,-0.0475291907787323,-0.041532229632139206,0.04054383933544159,0.14550642669200897,0.2438097894191742,-0.06727898120880127,-0.6108428835868835,1.1232539415359497,-0.5739765167236328,0.17297488451004028,0.5630527138710022,-0.045574650168418884,3.0,3.0,1.0036370754241943,1.0473670959472656,573.5721435546875,429.2908630371094,-1395.713134765625,-1649.247314453125,3741.461669921875,3490.334228515625,4231.69091796875,3451.936767578125,3.913494348526001,-5.306606292724609
66.71868896484375,0.14582481980323792,-0.025058548897504807,18.696041107177734,-1.6242865324020386,0.5421183705329895,0.699999988079071,0.0,0.0,59.89087677001953,57.63851547241211,-1760.0994873046875,2426.884033203125,8006.10693359375,-12000.0,0.5421183705329895,-0.06160248816013336,18.76646614074707,-0.03048577904701233,-0.024242432788014412,0.014432491734623909,-0.012458749115467072,-0.036296650767326355,-0.04727199673652649,0.042273588478565216,0.12763050198554993,0.25939229130744934,-0.11706000566482544,-0.4500197768211365,1.1369673013687134,-0.8002184629440308,-0.18907371163368225,0.2737292945384979,-0.13192611932754517,3.0,3.0,1.0262267589569092,1.093667984008789,638.7891235351562,451.3843688964844,-1308.9891357421875,-1955.242431640625,3722.4970703125,3779.7392578125,3988.257568359375,3139.9814453125,1.2135028839111328,-5.821608543395996
66.90564727783203,0.12958195805549622,-0.019637364894151688,18.68570899963379,-1.5422967672348022,0.545711874961853,0.699999988079071,0.0,0.0,59.856597900390625,57.954872131347656,-1519.0711669921875,926.5134887695312,9016.6376953125,-12000.0,0.545711874961853,-0.06271480023860931,18.749250411987305,-0.029209474101662636,-0.021648509427905083,0.013261891901493073,-0.016958946362137794,-0.02492697909474373,-0.05527418106794357,0.04038285091519356,0.1043601781129837,0.21212029457092285,-0.142668679356575,-0.1276092827320099,0.9560351967811584,-0.8581783175468445,-0.41101500391960144,-0.0044655767269432545,-0.24654166400432587,3.0,3.0,1.0397727489471436,1.1320353746414185,675.880859375,580.6298828125,-1299.2069091796875,-2177.80078125,3506.4375,3647.916015625,4130.1328125,3100.081298828125,-5.538150310516357,-3.2005043029785156
67.0925064086914,0.1141589879989624,-0.014180246740579605,18.676809310913086,-1.4583200216293335,0.5496662259101868,0.699999988079071,0.0,0.0,59.61305236816406,58.24516677856445,-1727.345703125,22.147357940673828,9934.40625,-12000.0,0.5496662259101868,-0.06374350935220718,18.73365592956543,-0.028165873140096664,-0.019527306780219078,0.011835205368697643,-0.018235038965940475,-0.015366626903414726,-0.06385596096515656,0.03627270087599754,0.07838409394025803,0.16741761565208435,-0.16051873564720154,0.2666130065917969,0.5384582281112671,-0.7071770429611206,-0.419279009103775,-0.17803353071212769,-0.35225751996040344,3.0,3.0,1.0426831245422363,1.1703861951828003,864.0436401367188,425.66009521484375,-968.4407958984375,-2211.4853515625,3561.622802734375,3602.05224609375,4288.296875,3299.0390625,-6.120835781097412,-1.5851209163665771
67.2792739868164,0.09957578778266907,-0.00868358463048935,18.670589447021484,-1.3740800619125366,0.5555590987205505,0.699999988079071,0.0,0.0,59.464046478271484,58.101470947265625,-2141.14453125,-393.5247802734375,10754.185546875,-12000.0,0.5555590987205505,-0.06477992981672287,18.721084594726562,-0.027382032945752144,-0.017853131517767906,0.010230017825961113,-0.015568909235298634,-0.00998204480856657,-0.07092773169279099,0.03207991272211075,0.05330813676118851,0.03902438282966614,-0.1744251847267151,0.5538538694381714,0.03043842315673828,-0.43564340472221375,-0.2482893317937851,-0.07847639918327332,-0.42118704319000244,3.0,3.0,1.051308035850525,1.1779727935791016,969.3492431640625,328.44989013671875,-658.5484619140625,-1965.48388671875,3467.67919921875,3775.344970703125,4109.5693359375,3466.11962890625,-13.602422714233398,-0.34567344188690186
67.46598052978516,0.08583498746156693,-0.0031279935501515865,18.665250778198242,-1.2896642684936523,0.5616635680198669,0.699999988079071,0.0,0.0,59.619102478027344,57.57892608642578,-2897.82373046875,60.536563873291016,11077.248046875,-12000.0,0.5616635680198669,-0.06585676223039627,18.70975112915039,-0.02684895135462284,-0.01746288686990738,0.008485766127705574,-0.010030370205640793,-0.009677660651504993,-0.07528416812419891,0.029597019776701927,0.030541567131876945,-0.0838443711400032,-0.15728332102298737,0.7142739295959473,-0.5228769779205322,-0.06421893835067749,-0.03687375783920288,0.48848795890808105,-0.44197341799736023,3.0,3.0,1.0731561183929443,1.1608858108520508,1123.363525390625,439.8594055175781,-807.84375,-1843.3330078125,3363.699951171875,3976.522216796875,4157.8056640625,3361.13232421875,-13.103838920593262,3.0927133560180664
67.65263366699219,0.07293834537267685,0.0024886419996619225,18.659648895263672,-1.2052602767944336,0.5643207430839539,0.699999988079071,0.0,0.0,59.94371795654297,57.00060272216797,-3330.45947265625,1078.406982421875,10746.3076171875,-11599.2587890625,0.5643207430839539,-0.06699083000421524,18.698532104492188,-0.02654353529214859,-0.018301330506801605,0.0069129327312111855,-0.0028876313008368015,-0.01490643061697483,-0.07592635601758957,0.02922828309237957,0.014159712940454483,-0.17203301191329956,-0.1232857033610344,0.5951148867607117,-0.9750604629516602,0.36932554841041565,0.02641855925321579,0.8675585389137268,-0.42628952860832214,3.0,3.0,1.102809190750122,1.1442571878433228,888.5491333007812,373.5892333984375,-1045.736572265625,-1276.2874755859375,3474.697998046875,3919.52734375,4079.998291015625,3385.27880859375,-9.734736442565918,4.921239852905273
67.8392333984375,0.06088574230670929,0.008131848648190498,18.656291961669922,-1.1223154067993164,0.5653896331787109,0.6935397982597351,0.0,0.0,60.18190383911133,56.358158111572266,-3718.54443359375,2437.3603515625,10047.916015625,-10980.263671875,0.5653896331787109,-0.06821691244840622,18.690017700195312,-0.026401938870549202,-0.02002166025340557,0.0056800758466124535,0.0030635176226496696,-0.024657035246491432,-0.07223310321569443,0.029492469504475594,0.0033610202372074127,-0.17736899852752686,-0.08860334753990173,0.294842928647995,-1.1929092407226562,0.7285807728767395,-0.09588047862052917,0.7286513447761536,-0.3976820111274719,3.0,3.0,1.1294457912445068,1.132245659828186,1090.52978515625,208.829833984375,-1156.501953125,-720.9005126953125,3452.482421875,3798.56396484375,3864.70703125,3493.650146484375,-1.6876611709594727,4.630158424377441
68.02579498291016,0.04966259002685547,0.01378574501723051,18.659696578979492,-1.0370714664459229,0.5562612414360046,0.6241455078125,0.0,0.0,60.18972396850586,55.5431022644043,-4221.8408203125,3763.38525390625,9572.67578125,-10548.71484375,0.5562612414360046,-0.06930677592754364,18.688495635986328,-0.02636832930147648,-0.021795351058244705,0.004794042557477951,0.0060119470581412315,-0.036586128175258636,-0.06494729220867157,0.02853366546332836,-0.00459457840770483,-0.20540788769721985,-0.05338669195771217,0.019953817129135132,-1.0801490545272827,0.7856695055961609,-0.24620577692985535,0.7576503157615662,-0.377500981092453,3.0,3.0,1.1356686353683472,1.1176726818084717,1545.724365234375,891.9305419921875,-1352.713134765625,-380.11505126953125,3180.2412109375,3833.691650390625,4137.58740234375,3848.719970703125,-2.764059543609619,3.6401236057281494
68.21239471435547,0.0392918735742569,0.019348356872797012,18.669008255004883,-0.9500643014907837,0.5435527563095093,0.5835455656051636,1.31182861328125,0.0,59.56718826293945,54.867042541503906,-4823.35302734375,5325.5224609375,9094.4306640625,-10160.2421875,0.5435527563095093,-0.07019440829753876,18.693166732788086,-0.02641427516937256,-0.023849429562687874,0.004260175861418247,0.006211485248059034,-0.04738761857151985,-0.05709059536457062,0.026071608066558838,-0.009168094955384731,-0.1446593552827835,-0.036955393850803375,-0.05747019499540329,-0.8348329067230225,0.575431227684021,-0.33899450302124023,0.8054677844047546,-0.38327881693840027,3.0,3.0,1.104161024093628,1.1156976222991943,1929.786865234375,926.6805419921875,-1055.4986572265625,50.19282531738281,3068.22509765625,3801.678955078125,4423.1728515625,3995.160400390625,5.807634353637695,1.0422096252441406
68.39908599853516,0.029791230335831642,0.02478388324379921,18.684200286865234,-0.8640642762184143,0.5250484943389893,0.5297740697860718,4.705333709716797,0.0,59.267887115478516,54.27113342285156,-5111.98388671875,6315.19970703125,8829.5986328125,-9987.9619140625,0.5250484943389893,-0.07099667936563492,18.70417022705078,-0.026505956426262856,-0.02529602311551571,0.003890621941536665,0.005636783316731453,-0.05573594570159912,-0.05133628472685814,0.022681662812829018,-0.011269993148744106,-0.09492159634828568,-0.04047039896249771,-0.033308178186416626,-0.43816277384757996,0.1719946265220642,-0.2742699980735779,0.8327264785766602,-0.4163192808628082,3.0,3.0,1.0872340202331543,1.1208969354629517,2249.77001953125,1345.2034912109375,-992.8920288085938,386.3572998046875,3131.265869140625,3366.50390625,4591.2197265625,3983.279296875,5.655119895935059,-1.3206427097320557
68.58592987060547,0.021150588989257812,0.030034366995096207,18.705732345581055,-0.7786813974380493,0.5018261671066284,0.48626789450645447,7.7722930908203125,0.0,58.882164001464844,53.74856948852539,-5397.95947265625,6881.24169921875,8711.4609375,-9792.791015625,0.5018261671066284,-0.07163830101490021,18.72193145751953,-0.026618655771017075,-0.0262452382594347,0.0034859180450439453,0.005303701385855675,-0.06011757254600525,-0.049616336822509766,0.019938962534070015,-0.010742563754320145,-0.001059122383594513,-0.05132129788398743,0.06874122470617294,-0.019897639751434326,-0.23245525360107422,-0.1257411390542984,0.8238884806632996,-0.46000349521636963,3.0,3.0,1.0644699335098267,1.1309927701950073,2419.0400390625,1769.562744140625,-957.4732055664062,979.52783203125,3126.2607421875,3215.552734375,4695.5966796875,3870.06689453125,9.760520935058594,-2.133531093597412
68.77298736572266,0.013363774865865707,0.03505262732505798,18.731632232666016,-0.6938952803611755,0.4702196717262268,0.44100382924079895,10.19387435913086,1.3594017028808594,58.709476470947266,53.35479736328125,-5494.04833984375,6823.212890625,8864.23828125,-9681.9482421875,0.4702196717262268,-0.07207973301410675,18.744478225708008,-0.02672608196735382,-0.026255829259753227,0.0029727050568908453,0.005991113372147083,-0.0603165477514267,-0.05194088816642761,0.01868155039846897,-0.007539295591413975,0.09159807860851288,-0.04985511675477028,0.11960291862487793,0.3668765425682068,-0.5157052278518677,0.04740089178085327,0.7862590551376343,-0.4912988245487213,3.0,3.0,1.0423645973205566,1.1376224756240845,2499.056640625,1937.8089599609375,-976.626708984375,1614.362548828125,2738.1259765625,3197.81591796875,4852.98291015625,3946.338623046875,9.400294303894043,-0.7810621857643127
68.9603042602539,0.006424822378903627,0.039754822850227356,18.758609771728516,-0.6090376377105713,0.43511104583740234,0.40026694536209106,12.123344421386719,3.062458038330078,58.64164733886719,53.14208984375,-5488.38818359375,6421.40234375,9146.5478515625,-9655.736328125,0.43511104583740234,-0.07221051305532455,18.76849365234375,-0.026801474392414093,-0.025339849293231964,0.0024741538800299168,0.007187142502516508,-0.056647781282663345,-0.057097941637039185,0.019155560061335564,-0.0022289222106337547,0.2183995395898819,-0.05954601615667343,0.06952013075351715,0.6047015190124512,-0.585402250289917,0.18298101425170898,0.7422798871994019,-0.4994190037250519,3.0,3.0,1.0179046392440796,1.1349223852157593,2560.23486328125,1960.0101318359375,-821.1206665039062,1650.7867431640625,2508.376708984375,3149.55029296875,4880.78564453125,4158.099609375,11.802492141723633,-1.1640372276306152
69.14788818359375,0.0003344463184475899,0.044105932116508484,18.78968048095703,-0.5249279737472534,0.39752742648124695,0.3616226017475128,13.495803833007812,4.763801574707031,58.674346923828125,53.00792694091797,-5223.45556640625,5434.29150390625,9745.8740234375,-9781.912109375,0.39752742648124695,-0.07203570008277893,18.797012329101562,-0.02682376280426979,-0.023155853152275085,0.001878693699836731,0.007882343605160713,-0.05060076713562012,-0.0629519671201706,0.020985370501875877,0.003655677195638418,0.3362390100955963,-0.06127060577273369,-0.10442522168159485,0.7638841271400452,-0.5316253304481506,0.2621820867061615,0.7268021106719971,-0.4893423318862915,3.0,3.0,0.9910561442375183,1.1272940635681152,2922.673095703125,2182.761962890625,-730.4291381835938,1780.900634765625,2355.64501953125,3021.126708984375,4959.4150390625,4154.02880859375,10.606249809265137,-0.005997955799102783
69.33578491210938,-0.004914833232760429,0.048081204295158386,18.82448387145996,-0.44464588165283203,0.35423558950424194,0.32162001729011536,14.559944152832031,6.601356506347656,58.897727966308594,52.910972595214844,-4731.53759765625,4072.731201171875,10537.689453125,-9990.5986328125,0.35423558950424194,-0.0716974288225174,18.829734802246094,-0.026787206530570984,-0.019793463870882988,0.0012659876374527812,0.006838091649115086,-0.04296192526817322,-0.06826821714639664,0.02360719069838524,0.008824992924928665,0.3624541461467743,-0.05898488312959671,-0.3438323140144348,0.8671426773071289,-0.44324424862861633,0.2797461152076721,0.7907864451408386,-0.4716165363788605,3.0,3.0,0.9646326899528503,1.1166081428527832,3201.59423828125,2335.7158203125,-869.835205078125,2191.208740234375,1985.7626953125,2778.65673828125,5024.646484375,3943.407958984375,1.9412827491760254,0.5450191497802734
69.52403259277344,-0.00936129130423069,0.05162356048822403,18.863065719604492,-0.36662036180496216,0.3088909983634949,0.28087639808654785,15.501228332519531,8.984107971191406,59.10346984863281,52.96928024291992,-4473.65576171875,3023.685791015625,11177.224609375,-9987.7421875,0.3088909983634949,-0.07105699181556702,18.866628646850586,-0.02669895626604557,-0.016168922185897827,0.0006761387921869755,0.0033997686114162207,-0.03429049998521805,-0.07270065695047379,0.02640465274453163,0.012901149690151215,0.36555811762809753,-0.04005417600274086,-0.4264170825481415,0.7673145532608032,-0.31363487243652344,0.17255818843841553,0.9859666228294373,-0.460859090089798,3.0,3.0,0.9348609447479248,1.0929261445999146,3459.434814453125,2473.686279296875,-917.7775268554688,2559.840576171875,1700.798828125,2782.55126953125,4841.07666015625,3924.06689453125,-1.4194812774658203,2.0137734413146973
69.71266174316406,-0.0130274947732687,0.05471247062087059,18.90134620666504,-0.29416799545288086,0.25929608941078186,0.23580902814865112,16.894485473632812,12.090927124023438,59.281829833984375,53.235530853271484,-4309.94873046875,2507.32421875,11573.0146484375,-9893.3740234375,0.25929608941078186,-0.07027454674243927,18.903635025024414,-0.026569943875074387,-0.012513341382145882,0.0002755970344878733,-0.0008644021581858397,-0.02661735564470291,-0.07583700865507126,0.02813023515045643,0.016481444239616394,0.3686578869819641,-0.003216337412595749,-0.3215372562408447,0.4133846163749695,-0.14621734619140625,-0.0022705793380737305,0.7554627060890198,-0.46474912762641907,3.0,3.0,0.9019352793693542,1.0486723184585571,3349.20458984375,2601.03759765625,-1146.1923828125,2715.31884765625,1340.388427734375,2540.08203125,4592.09814453125,3742.93798828125,-2.9190196990966797,3.6822872161865234
69.90167236328125,-0.01596917398273945,0.057305432856082916,18.936235427856445,-0.22688113152980804,0.2073640525341034,0.18886056542396545,18.13529396057129,14.163623809814453,59.96813201904297,54.03748321533203,-4427.1669921875,2478.60595703125,11864.58984375,-9735.732421875,0.2073640525341034,-0.06928617507219315,18.937593460083008,-0.026405129581689835,-0.008826762437820435,0.00024343366385437548,-0.004079774953424931,-0.02248350903391838,-0.07729918509721756,0.028107529506087303,0.019538160413503647,0.31515973806381226,0.052670277655124664,-0.06591460108757019,-0.08299332857131958,0.0029443204402923584,-0.1510390192270279,0.6694999933242798,-0.48250821232795715,3.0,3.0,0.9001859426498413,0.9539117217063904,3577.2255859375,2907.3681640625,-1928.3101806640625,2342.320068359375,1160.740966796875,2249.06494140625,4091.13037109375,3790.591552734375,-8.886201858520508,5.369650840759277
70.09103393554688,-0.01823798567056656,0.05937907472252846,18.969100952148438,-0.16279935836791992,0.15849241614341736,0.14186932146549225,19.569059371948242,17.182666778564453,60.43363571166992,55.0495491027832,-4802.88916015625,3065.817138671875,11731.34765625,-9563.443359375,0.15849241614341736,-0.06796121597290039,18.96980094909668,-0.026209747418761253,-0.005675164982676506,0.0007701364811509848,-0.004738920833915472,-0.02331344224512577,-0.07726974040269852,0.02659713849425316,0.02161787636578083,0.19779753684997559,0.10250382125377655,0.24112001061439514,-0.6088347434997559,0.18432669341564178,-0.21172314882278442,0.8097696304321289,-0.5042600631713867,3.0,3.0,0.8955696821212769,0.847915530204773,3984.345703125,3204.759033203125,-2352.5107421875,1703.268798828125,1098.37939453125,2128.578857421875,3788.160888671875,3707.059326171875,-14.810272216796875,4.966560363769531
70.28072357177734,-0.0198659785091877,0.06096399948000908,19.003372192382812,-0.09958202391862869,0.10585454851388931,0.08936139941215515,21.250164031982422,21.102983474731445,59.924957275390625,56.082183837890625,-5538.7314453125,4240.73974609375,11071.5283203125,-9259.783203125,0.10585454851388931,-0.06620418280363083,19.003633499145508,-0.02599356882274151,-0.003697189735248685,0.001795174670405686,-0.002327720867469907,-0.029401790350675583,-0.07542647421360016,0.024479907006025314,0.02275468409061432,0.12471012026071548,0.13659203052520752,0.5357482433319092,-1.0442765951156616,0.43913984298706055,-0.21714502573013306,0.913144588470459,-0.5188398361206055,3.0,3.0,0.808276355266571,0.7488574981689453,4323.5908203125,3385.99951171875,-2098.748779296875,1204.526611328125,885.96826171875,1758.298828125,3985.698486328125,3886.663330078125,-10.839483261108398,3.65620756149292
70.47075653076172,-0.020861798897385597,0.06202254444360733,19.038272857666016,-0.04190286248922348,0.04818103834986687,0.03020988218486309,22.09111976623535,24.218708038330078,58.7784423828125,57.0284423828125,-6344.93994140625,5597.65771484375,10195.1904296875,-8925.419921875,0.04818103834986687,-0.0642235204577446,19.038318634033203,-0.025766022503376007,-0.002450088504701853,0.003161095082759857,0.003029761603102088,-0.03984455764293671,-0.07103507220745087,0.022308457642793655,0.024358650669455528,0.10967601090669632,0.1571941077709198,0.6772773861885071,-1.2063685655593872,0.6651016473770142,-0.17769862711429596,0.715470016002655,-0.517924427986145,3.0,3.0,0.682929515838623,0.6644717454910278,4308.056640625,3345.46630859375,-1114.896240234375,370.19586181640625,170.10284423828125,1165.7799072265625,4035.236572265625,4129.9052734375,-4.717053413391113,2.327723979949951
70.66114044189453,-0.02128082700073719,0.0625043511390686,19.072757720947266,0.009256985038518906,-0.0099644735455513,-0.03135037049651146,21.613248825073242,26.238420486450195,58.06250762939453,58.0070686340332,-7038.56298828125,6876.8876953125,9391.05859375,-8618.7177734375,-0.0099644735455513,-0.06201900169253349,19.0727596282959,-0.02552243508398533,-0.0013533284654840827,0.004733036272227764,0.00980253517627716,-0.05190824344754219,-0.06438405811786652,0.02053147181868553,0.028342347592115402,0.1349875032901764,0.17414429783821106,0.5861169099807739,-1.0274447202682495,0.7234573364257812,-0.10528695583343506,0.615284264087677,-0.49830153584480286,3.0,3.0,0.5991184115409851,0.5969185829162598,4330.4990234375,3672.510498046875,-628.74169921875,-595.1092529296875,-221.73367309570312,659.451171875,3760.68896484375,4118.869140625,0.6321630477905273,1.6381478309631348
70.85186767578125,-0.02118825726211071,0.062404707074165344,19.10964584350586,0.05073050782084465,-0.061044368892908096,-0.09960915893316269,19.3858585357666,28.375308990478516,56.58328628540039,58.868553161621094,-7279.37451171875,7712.1884765625,8723.947265625,-8488.0078125,-0.061044368892908096,-0.05975000560283661,19.109712600708008,-0.025239011272788048,-3.4534605219960213e-06,0.006474479101598263,0.01566370390355587,-0.06218269094824791,-0.057149484753608704,0.019478602334856987,0.034467242658138275,0.19918712973594666,0.17540858685970306,0.23848560452461243,-0.5525157451629639,0.5750412940979004,0.008783303201198578,0.5833712816238403,-0.45995670557022095,3.0,3.0,0.5666609406471252,0.5559278726577759,3947.749755859375,3739.36279296875,1013.19921875,-1533.827392578125,-642.5556030273438,115.36834716796875,3399.16650390625,3694.87890625,6.256217956542969,-0.08364510536193848
71.04296112060547,-0.020680952817201614,0.06179426237940788,19.148967742919922,0.07907752692699432,-0.10483291745185852,-0.16274504363536835,16.461444854736328,30.38286781311035,55.09917449951172,59.93658447265625,-6992.37158203125,7906.47119140625,8472.1259765625,-8577.916015625,-0.10483291745185852,-0.05766468867659569,19.14912986755371,-0.024894338101148605,0.001988417934626341,0.008228564634919167,0.018048560246825218,-0.0677078515291214,-0.051399070769548416,0.019566435366868973,0.04219462722539902,0.2133888304233551,0.17171835899353027,-0.2605474591255188,0.08181554079055786,0.22029563784599304,0.15586966276168823,0.6130614280700684,-0.4116124212741852,3.0,3.0,0.6513227224349976,0.5633081197738647,3909.20654296875,3658.201416015625,2498.93603515625,-2617.170166015625,-1037.72265625,-880.19580078125,2819.28076171875,3332.58251953125,3.431549072265625,-0.8566476702690125
71.23445129394531,-0.019890177994966507,0.060745932161808014,19.188352584838867,0.09507909417152405,-0.13945803046226501,-0.2061576545238495,14.170902252197266,32.9500732421875,53.660953521728516,61.28996658325195,-6556.08251953125,7800.25146484375,8343.3154296875,-8778.5517578125,-0.13945803046226501,-0.05579093098640442,19.188587188720703,-0.024472391232848167,0.004122306127101183,0.009945748373866081,0.015443085692822933,-0.0668896958231926,-0.049196112900972366,0.021125132218003273,0.049079470336437225,0.19552911818027496,0.1680285930633545,-0.6332906484603882,0.5681053400039673,-0.1480274796485901,0.26985034346580505,0.708317756652832,-0.36971190571784973,3.0,3.0,0.8136230707168579,0.6508321166038513,3842.988037109375,3352.436279296875,3666.376953125,-3618.070556640625,-1595.2979736328125,-1482.907470703125,2266.57080078125,2914.2451171875,0.4750185012817383,-0.9876173138618469
71.42633819580078,-0.018939387053251266,0.059351351112127304,19.227039337158203,0.10357236862182617,-0.16068300604820251,-0.22972248494625092,12.815437316894531,35.94024658203125,52.56855773925781,63.084205627441406,-6100.46337890625,7592.5986328125,8174.28076171875,-9043.2998046875,-0.16068300604820251,-0.05396459624171257,19.227317810058594,-0.023981597274541855,0.006077596917748451,0.011626034043729305,0.009110178798437119,-0.06120864301919937,-0.050676386803388596,0.023823635652661324,0.05317113548517227,0.21665000915527344,0.15231522917747498,-0.7044839859008789,0.695554792881012,-0.32994240522384644,0.30622372031211853,0.8720614314079285,-0.3409891724586487,3.0,3.0,0.9682734608650208,0.8509441614151001,3863.77294921875,3239.525146484375,4304.70263671875,-4448.93701171875,-1586.1871337890625,-1754.3101806640625,1880.994384765625,2314.71337890625,2.520641326904297,-1.879477858543396
71.61860656738281,-0.017903663218021393,0.05774452164769173,19.26378059387207,0.10411832481622696,-0.1771489530801773,-0.23957227170467377,12.193099975585938,38.615638732910156,52.264739990234375,65.2281494140625,-5456.64794921875,7014.404296875,8249.5390625,-9392.14453125,-0.1771489530801773,-0.05233969911932945,19.264060974121094,-0.023449886590242386,0.008244097232818604,0.013149186037480831,0.0020653391256928444,-0.054253093898296356,-0.05397580936551094,0.026885872706770897,0.054681871086359024,0.24546650052070618,0.1191788762807846,-0.5542493462562561,0.5835914015769958,-0.33951184153556824,0.2820204794406891,0.9195064306259155,-0.321797251701355,3.0,3.0,1.014699101448059,1.1392618417739868,3608.998779296875,3137.870849609375,4426.18408203125,-4670.83447265625,-1491.2628173828125,-2289.7646484375,1843.06005859375,1466.3692626953125,1.7854833602905273,-3.2490901947021484
71.81124114990234,-0.016862479969859123,0.055973030626773834,19.30128288269043,0.10432545095682144,-0.1910424381494522,-0.2304789274930954,11.923416137695312,41.334903717041016,52.68620300292969,67.30331420898438,-4800.73291015625,6106.02880859375,8616.859375,-9643.916015625,-0.1910424381494522,-0.050567977130413055,19.301565170288086,-0.022903067991137505,0.01069876179099083,0.014340974390506744,-0.0034771542996168137,-0.04841718077659607,-0.057370927184820175,0.0297060776501894,0.05490690842270851,0.2622169852256775,0.09486298263072968,-0.3072943687438965,0.43854308128356934,-0.2800177037715912,0.19062714278697968,0.7728593349456787,-0.31272780895233154,3.0,3.0,0.9511637687683105,1.4325615167617798,3380.70361328125,3278.66748046875,4576.79931640625,-4605.47119140625,-1253.3502197265625,-2317.70263671875,1870.1656494140625,1168.7589111328125,0.05005836486816406,-2.5410475730895996
72.00425720214844,-0.01581922546029091,0.054062604904174805,19.337135314941406,0.10263058543205261,-0.2083165943622589,-0.22490209341049194,11.845085144042969,44.10479736328125,54.044193267822266,68.94612884521484,-4259.359375,5175.2685546875,9025.4306640625,-9709.357421875,-0.2083165943622589,-0.0487552210688591,19.33740997314453,-0.022353999316692352,0.013320932164788246,0.015289604663848877,-0.0065500978380441666,-0.04403175041079521,-0.06017110496759415,0.031612347811460495,0.05509984493255615,0.20407715439796448,0.0816931277513504,-0.08820872008800507,0.34414586424827576,-0.1980302929878235,0.046798914670944214,0.7036038041114807,-0.31716617941856384,3.0,2.848637580871582,0.7415727376937866,1.6611239910125732,3418.474365234375,3362.4775390625,4191.185546875,-4629.23388671875,-1346.00390625,-2466.15234375,1936.0711669921875,1010.1207885742188,-6.933340072631836,-1.6244230270385742
72.1976318359375,-0.014792919158935547,0.051979437470436096,19.370967864990234,0.09844508767127991,-0.2283008098602295,-0.20870788395404816,12.593292236328125,47.884517669677734,54.86561584472656,70.9761962890625,-4109.0625,4578.09033203125,9159.5029296875,-9624.517578125,-0.2283008098602295,-0.04689738526940346,19.371217727661133,-0.021803000941872597,0.015361703932285309,0.016106536611914635,-0.007432185113430023,-0.04059029370546341,-0.062151409685611725,0.03208033740520477,0.05412852764129639,0.06537000834941864,0.0700778141617775,0.10693521797657013,0.22958239912986755,-0.05390007793903351,-0.11838054656982422,0.7085549831390381,-0.334547221660614,3.0,2.280795097351074,0.6131374835968018,1.9542970657348633,3290.197998046875,3351.52734375,3859.2412109375,-4521.36328125,-1145.428466796875,-2879.37060546875,1938.4666748046875,795.9596557617188,-14.533857345581055,-1.359450340270996
72.39134216308594,-0.013808468356728554,0.0496964305639267,19.405311584472656,0.0929173156619072,-0.24474862217903137,-0.17799785733222961,14.457298278808594,52.536006927490234,54.78460693359375,73.04468536376953,-4598.10791015625,4581.60693359375,8834.9765625,-9355.8349609375,-0.24474862217903137,-0.044908225536346436,19.405532836914062,-0.02126171626150608,0.01601540483534336,0.01680731400847435,-0.006362833082675934,-0.038294468075037,-0.06269040703773499,0.03089653141796589,0.0500854067504406,-0.11602595448493958,0.07452771067619324,0.3637363314628601,-0.01613841950893402,0.1950734406709671,-0.28446757793426514,0.827120840549469,-0.3607533276081085,3.0,1.5536960363388062,0.6210584044456482,2.2567055225372314,3505.235595703125,2690.1064453125,4158.857421875,-4287.091796875,-885.6925048828125,-3294.620849609375,1826.889892578125,844.570068359375,-19.003870010375977,0.3576240539550781
72.58539581298828,-0.012879295274615288,0.04724894464015961,19.434486389160156,0.08509541302919388,-0.2491133213043213,-0.13768646121025085,17.79824447631836,57.11515808105469,54.27191925048828,74.84176635742188,-5595.58837890625,5216.1484375,7999.68359375,-8998.3955078125,-0.2491133213043213,-0.04287039488554001,19.43467140197754,-0.02076086215674877,0.01485514547675848,0.017552591860294342,-0.0027254698798060417,-0.03845585137605667,-0.0607396736741066,0.02805185504257679,0.041592441499233246,-0.2200484275817871,0.0745064839720726,0.6659218072891235,-0.41702282428741455,0.5432344675064087,-0.3992495834827423,0.8965191841125488,-0.3867695927619934,3.0,0.8343305587768555,0.7033546566963196,2.5253400802612305,3598.716796875,1424.5367431640625,4405.0029296875,-4292.205078125,-664.203369140625,-3419.703369140625,1590.4383544921875,672.7899780273438,-12.326301574707031,0.4010416269302368
72.77973937988281,-0.012028341181576252,0.04475781321525574,19.452892303466797,0.08041984587907791,-0.2386959046125412,-0.10815141350030899,20.567956924438477,59.874122619628906,54.074684143066406,75.9256591796875,-6564.66064453125,6136.005859375,7148.28955078125,-8601.9755859375,-0.2386959046125412,-0.040623754262924194,19.45305824279785,-0.020344937220215797,0.012654661200940609,0.018297657370567322,0.003933748230338097,-0.04262607917189598,-0.05530732870101929,0.02405935898423195,0.03144713118672371,-0.2703489065170288,0.056026749312877655,0.8176416158676147,-0.7785726189613342,0.7877272963523865,-0.4128475785255432,0.6560460329055786,-0.40414178371429443,3.0,0.4939270615577698,0.7424083352088928,2.69281268119812,3573.789794921875,-549.17919921875,4168.12353515625,-3945.30029296875,-397.40704345703125,-2917.256591796875,1314.7572021484375,791.310546875,-6.3153181076049805,-1.0020368099212646
72.9742660522461,-0.011224143207073212,0.04237085580825806,19.469398498535156,0.07613088190555573,-0.2292753905057907,-0.11429427564144135,21.605411529541016,60.4775276184082,54.329833984375,75.79093170166016,-7396.67138671875,7378.38427734375,6455.82763671875,-7992.82275390625,-0.2292753905057907,-0.038460589945316315,19.469547271728516,-0.020030464977025986,0.009951172396540642,0.01885792426764965,0.012110164389014244,-0.050411805510520935,-0.04743005707859993,0.0199308842420578,0.02410581335425377,-0.3155670166015625,0.030690355226397514,0.7325295209884644,-0.9748924374580383,0.770915687084198,-0.3822062015533447,0.5325981974601746,-0.4187156856060028,3.0,0.5993657112121582,0.7090710401535034,2.6630876064300537,3646.377685546875,-935.9022216796875,4079.178955078125,-3862.9580078125,-350.73590087890625,-3037.1796875,1413.469482421875,883.3929443359375,-4.346775054931641,-1.742707371711731
73.16896057128906,-0.010462834499776363,0.04007810354232788,19.48628044128418,0.06880646198987961,-0.21532410383224487,-0.10724146664142609,22.605350494384766,60.72473907470703,53.59447479248047,75.70109558105469,-8113.40283203125,8524.7080078125,5870.85791015625,-7311.126953125,-0.21532410383224487,-0.03654709830880165,19.486400604248047,-0.019789407029747963,0.00679550226777792,0.019164828583598137,0.0194354597479105,-0.06016073003411293,-0.03972090035676956,0.01610882207751274,0.01814645528793335,-0.34187421202659607,0.01953529752790928,0.48423057794570923,-0.9072210788726807,0.5195202827453613,-0.35019057989120483,0.48757848143577576,-0.45312339067459106,3.0,0.5718623995780945,0.8373941779136658,2.6433327198028564,3491.084716796875,-950.2296142578125,4313.51611328125,-3898.98876953125,-542.0369873046875,-2879.039794921875,994.5693969726562,835.2283935546875,-0.9084122180938721,-0.9580305814743042
73.36382293701172,-0.00977476965636015,0.037924863398075104,19.499296188354492,0.06405340880155563,-0.19923245906829834,-0.09415289759635925,23.648670196533203,61.28299331665039,53.136566162109375,75.82642364501953,-8567.138671875,9520.6962890625,5306.2138671875,-6708.65380859375,-0.19923245906829834,-0.03463996946811676,19.499401092529297,-0.019607942551374435,0.0033767602872103453,0.01936018094420433,0.024277765303850174,-0.06923294067382812,-0.03452569618821144,0.012606916017830372,0.012413070537149906,-0.3048219680786133,0.006232655607163906,0.16493076086044312,-0.6323148012161255,0.19551455974578857,-0.3063526749610901,0.48708948493003845,-0.5245744585990906,3.0,0.522834300994873,0.9217554926872253,2.662200450897217,3331.922119140625,-1336.2379150390625,4236.59716796875,-3947.8544921875,-511.9804992675781,-2620.175537109375,1025.9930419921875,982.7218017578125,5.912020683288574,-1.4846197366714478
73.5588150024414,-0.009134235791862011,0.03593253716826439,19.509458541870117,0.05890033766627312,-0.17897434532642365,-0.09078136831521988,23.96327018737793,62.01429748535156,53.16115188598633,76.2474136352539,-8586.4638671875,10120.0595703125,4963.47216796875,-6341.61181640625,-0.17897434532642365,-0.03291347995400429,19.509546279907227,-0.019483812153339386,0.00032854056917130947,0.019422506913542747,0.025927072390913963,-0.07555609196424484,-0.032570552080869675,0.009543389081954956,0.007351405918598175,-0.23551654815673828,-0.016617771238088608,-0.16449111700057983,-0.22234705090522766,-0.09642815589904785,-0.20844431221485138,0.515421986579895,-0.6133114695549011,3.0,0.5970684289932251,0.9294074177742004,2.7334651947021484,3580.40625,-2141.869873046875,4191.7802734375,-3853.57568359375,-744.4745483398438,-2402.168212890625,899.500244140625,1105.907470703125,9.533559799194336,-2.439267158508301
73.75390625,-0.008545232005417347,0.03414279222488403,19.516691207885742,0.05403031036257744,-0.15825988352298737,-0.0879456102848053,24.106645584106445,62.663047790527344,53.64397048950195,76.77235412597656,-8327.77734375,10242.2470703125,4936.90234375,-6191.92041015625,-0.15825988352298737,-0.031374383717775345,19.516765594482422,-0.01941029727458954,-0.00202662474475801,0.01925632916390896,0.02428216114640236,-0.07777956128120422,-0.033534832298755646,0.007458945736289024,0.003939235582947731,-0.17351259291172028,-0.0586351715028286,-0.4003618359565735,0.21075963973999023,-0.3041453957557678,-0.06195095181465149,0.5634014010429382,-0.6732410788536072,3.0,0.678997278213501,0.8623557090759277,2.824028730392456,3586.499755859375,-2604.526611328125,4246.3134765625,-3961.633544921875,-943.4090576171875,-2299.033203125,1082.03662109375,1117.1947021484375,8.841218948364258,-4.147937774658203
73.9490737915039,-0.008004928939044476,0.03256019204854965,19.522722244262695,0.051524970680475235,-0.13699860870838165,-0.08593907207250595,24.36295509338379,63.11952590942383,54.31983184814453,77.06613159179688,-8137.88818359375,9920.341796875,5212.70458984375,-6051.06640625,-0.13699860870838165,-0.029920967295765877,19.522789001464844,-0.019370904192328453,-0.0037617506459355354,0.0186699777841568,0.02027854323387146,-0.0756719633936882,-0.0365762859582901,0.00683943647891283,0.0029633883386850357,-0.06463166326284409,-0.10051968693733215,-0.4079929292201996,0.5537124872207642,-0.4183278977870941,0.0442708358168602,0.6119216084480286,-0.6940839886665344,3.0,0.748492419719696,0.7648004293441772,2.8782355785369873,3868.197509765625,-2724.846923828125,3975.20849609375,-4041.506591796875,-820.25732421875,-2224.9462890625,1165.6556396484375,1276.4951171875,12.196720123291016,-4.2708001136779785
74.14430236816406,-0.007489679381251335,0.031190205365419388,19.525249481201172,0.047401733696460724,-0.12330849468708038,-0.09158927202224731,24.61026382446289,62.76300048828125,55.636695861816406,77.02869415283203,-7922.09521484375,9039.3427734375,5892.20654296875,-6102.671875,-0.12330849468708038,-0.028762493282556534,19.525306701660156,-0.01934126950800419,-0.004408067092299461,0.017664780840277672,0.016198614612221718,-0.07013484090566635,-0.04075956344604492,0.007282144855707884,0.004274328239262104,-0.00448555126786232,-0.11721926927566528,-0.25237685441970825,0.801181435585022,-0.5052899122238159,0.12009524554014206,0.6352041959762573,-0.6896440386772156,3.0,0.759644091129303,0.5630369782447815,2.876934051513672,4010.844482421875,-2780.81591796875,3302.79345703125,-4081.07568359375,-808.6058349609375,-2673.624755859375,1312.89990234375,1335.125244140625,6.8636345863342285,-2.152629852294922
74.33955383300781,-0.007015662267804146,0.02995712123811245,19.524160385131836,0.043374888598918915,-0.11711239814758301,-0.08873320370912552,25.135581970214844,62.587806701660156,56.87259292602539,76.86167907714844,-7869.4326171875,8069.93994140625,6610.33056640625,-6225.9736328125,-0.11711239814758301,-0.027735525742173195,19.524208068847656,-0.019298525527119637,-0.004452922381460667,0.016492588445544243,0.013674845919013023,-0.062123026698827744,-0.0458124615252018,0.008483096957206726,0.006953561678528786,0.019309449940919876,-0.1301359087228775,-0.010779321193695068,0.8412629961967468,-0.5162237286567688,0.150295227766037,0.6082846522331238,-0.6758444905281067,3.0,0.7315400242805481,0.3769661784172058,2.8528435230255127,4153.5625,-2650.5791015625,2403.37548828125,-4100.45654296875,-922.8383178710938,-2749.9951171875,1471.2557373046875,1397.710693359375,2.3998372554779053,-1.6169545650482178
74.53479766845703,-0.006581913214176893,0.02878599800169468,19.51860237121582,0.04038611426949501,-0.11623657494783401,-0.08596485108137131,25.618131637573242,62.601924896240234,57.76575469970703,76.35890197753906,-8073.2919921875,7176.791015625,7213.13671875,-6266.0595703125,-0.11623657494783401,-0.026716891676187515,19.51864242553711,-0.019228989258408546,-0.004259828012436628,0.015191229060292244,0.013567052781581879,-0.05371039733290672,-0.05097469687461853,0.009986049495637417,0.009130876511335373,0.07394879311323166,-0.13053308427333832,0.2412187159061432,0.6678479909896851,-0.4245626926422119,0.10313436388969421,0.5200768113136292,-0.668520987033844,3.0,0.723631739616394,0.25128909945487976,2.773972749710083,4399.4384765625,-2737.49267578125,1294.76953125,-3959.47265625,-1012.28662109375,-2630.9873046875,1526.754638671875,1500.131591796875,4.020164489746094,-0.15938717126846313
74.72998046875,-0.006178052164614201,0.027623632922768593,19.506540298461914,0.03436173498630524,-0.12017321586608887,-0.08658246695995331,25.55158233642578,62.382503509521484,58.672115325927734,75.7425537109375,-8188.3876953125,6257.39208984375,7832.60400390625,-6452.22607421875,-0.12017321586608887,-0.025862084701657295,19.50657081604004,-0.019137680530548096,-0.0035203401930630207,0.013885898515582085,0.015979239717125893,-0.04703191667795181,-0.05522032454609871,0.011017393320798874,0.009016330353915691,0.13208775222301483,-0.11188572645187378,0.3283589780330658,0.42920494079589844,-0.30077385902404785,0.06184850260615349,0.4075339436531067,-0.6670043468475342,3.0,0.7096948623657227,0.16720165312290192,2.678199529647827,4453.2265625,-2794.5625,103.00659942626953,-3975.593994140625,-1164.8712158203125,-2724.040283203125,1580.48046875,1191.85498046875,4.176844596862793,1.9623713493347168
74.925048828125,-0.005834434647113085,0.02642190083861351,19.48721694946289,0.028575193136930466,-0.1213899701833725,-0.07842423021793365,24.932289123535156,62.57548522949219,59.474876403808594,75.62196350097656,-8015.48193359375,5416.47412109375,8476.6796875,-6904.28759765625,-0.1213899701833725,-0.024955546483397484,19.48723793029785,-0.019047517329454422,-0.002199462614953518,0.012767041102051735,0.019262829795479774,-0.0427398681640625,-0.05822806432843208,0.011635878123342991,0.005792577750980854,0.1732659637928009,-0.09202982485294342,0.1543876677751541,0.23824840784072876,-0.21104252338409424,0.11601755023002625,0.334544837474823,-0.6541330814361572,3.0,0.6894814372062683,0.19731111824512482,2.6692423820495605,4311.51416015625,-3020.545166015625,-843.2831420898438,-3966.21337890625,-921.442138671875,-2528.217529296875,1215.66162109375,1193.9637451171875,3.579157829284668,2.5379104614257812
75.11991882324219,-0.005548682529479265,0.02520800195634365,19.46157455444336,0.021640760824084282,-0.11837861686944962,-0.07176069915294647,24.106178283691406,63.11139678955078,60.11284255981445,75.82662963867188,-7539.828125,4636.20703125,9147.9541015625,-7514.2333984375,-0.11837861686944962,-0.02409602887928486,19.461585998535156,-0.01898959092795849,-0.000466802972368896,0.01184674259275198,0.020806705579161644,-0.04035738483071327,-0.06033848971128464,0.012796053662896156,-0.0004491726867854595,0.14430853724479675,-0.06523755937814713,-0.20590762794017792,0.16518822312355042,-0.19618357717990875,0.2556893825531006,0.3401126563549042,-0.6154460310935974,3.0,0.7406379580497742,0.28103330731391907,2.7197866439819336,4391.708984375,-3673.095947265625,-1410.3773193359375,-3945.8017578125,-1010.6951904296875,-2307.9443359375,1230.838623046875,892.1453857421875,-1.582829475402832,3.3550398349761963
75.31453704833984,-0.005332274828106165,0.02402421645820141,19.432466506958008,0.019857443869113922,-0.10433055460453033,-0.05761640891432762,23.72657012939453,64.20098876953125,60.38200378417969,76.42765808105469,-7061.4580078125,4207.62646484375,9604.83984375,-8027.392578125,-0.10433055460453033,-0.023002346977591515,19.432476043701172,-0.018994081765413284,0.0009762824047356844,0.011194366961717606,0.01874762959778309,-0.038705501705408096,-0.06230032444000244,0.015352947637438774,-0.008818008005619049,0.10681169480085373,-0.038559846580028534,-0.5062605142593384,0.11050279438495636,-0.18199802935123444,0.36224639415740967,0.4339803159236908,-0.5578449368476868,3.0,0.8728195428848267,0.3272445797920227,2.8434572219848633,4612.99560546875,-4144.34765625,-1723.2994384765625,-3935.9248046875,-701.6721801757812,-1623.1607666015625,1239.2650146484375,796.3642578125,-2.0805225372314453,3.2439637184143066
75.50886535644531,-0.005133700557053089,0.022980911657214165,19.401748657226562,0.017790429294109344,-0.0865631252527237,-0.0554596409201622,24.17595100402832,64.76102447509766,60.706748962402344,76.57575988769531,-6579.7763671875,3982.929443359375,9880.6376953125,-8399.505859375,-0.0865631252527237,-0.022063961252570152,19.401756286621094,-0.019082261249423027,0.00204439926892519,0.010808768682181835,0.013685024343430996,-0.03760047256946564,-0.06412030756473541,0.018975410610437393,-0.017973482608795166,0.0277089923620224,-0.008188452571630478,-0.5986238121986389,0.04370799660682678,-0.13100454211235046,0.35542288422584534,0.6042290329933167,-0.5010351538658142,3.0,0.9849792718887329,0.3850206732749939,2.8964924812316895,4834.0986328125,-4435.06201171875,-2134.403076171875,-3722.63525390625,-443.649169921875,-1640.0606689453125,1275.836669921875,501.7913818359375,-6.486045837402344,3.181161642074585
75.702880859375,-0.004955796059221029,0.022115280851721764,19.370906829833984,0.019432689994573593,-0.06600052118301392,-0.046678539365530014,25.63181495666504,65.25440216064453,60.842647552490234,76.5627212524414,-6353.4091796875,4109.69189453125,9834.033203125,-8528.3232421875,-0.06600052118301392,-0.021112091839313507,19.370914459228516,-0.01926199533045292,0.002321489155292511,0.010726884007453918,0.007698786444962025,-0.0371633917093277,-0.06543035060167313,0.022529639303684235,-0.026823561638593674,-0.03899794816970825,0.016060087829828262,-0.4050556421279907,-0.10132703185081482,0.012131735682487488,0.19516301155090332,0.7810987234115601,-0.46283158659935,3.0,1.0742920637130737,0.4146672189235687,2.9248690605163574,4884.07958984375,-4541.8984375,-2230.809814453125,-3564.27197265625,-387.91168212890625,-1183.58349609375,1207.56689453125,704.3532104492188,-6.665016174316406,2.194204330444336
75.89659118652344,-0.004761469084769487,0.021455274894833565,19.338106155395508,0.021607577800750732,-0.0460643395781517,-0.04888520762324333,27.68773651123047,65.01431274414062,60.99053192138672,75.76659393310547,-6352.07470703125,4412.369140625,9529.12109375,-8416.70703125,-0.0460643395781517,-0.020337916910648346,19.338119506835938,-0.01953023113310337,0.0019315097015351057,0.01088748499751091,0.003648230340331793,-0.03817666321992874,-0.06530903279781342,0.024481268599629402,-0.03450169786810875,-0.0557720884680748,0.034780289977788925,-0.03435733914375305,-0.27087366580963135,0.21639128029346466,-0.06687149405479431,0.8444657921791077,-0.4529286324977875,3.0,1.0722501277923584,0.4480210542678833,2.8252718448638916,4676.3916015625,-4516.28173828125,-2149.6982421875,-3808.033203125,-400.76959228515625,-1172.27880859375,1206.61962890625,825.3938598632812,-3.1523284912109375,1.340956449508667
76.08997344970703,-0.0045453933998942375,0.020994631573557854,19.30728530883789,0.018344150856137276,-0.03041127882897854,-0.054668229073286057,29.424589157104492,63.71885681152344,61.13964080810547,74.26848602294922,-6372.38623046875,4704.27783203125,9173.453125,-8250.63671875,-0.03041127882897854,-0.020044516772031784,19.307294845581055,-0.01987524889409542,0.001373788807541132,0.01123528741300106,0.0033046570606529713,-0.04088540002703667,-0.06314512342214584,0.0238125529140234,-0.04013517498970032,-0.08645307272672653,0.059181325137615204,0.27151674032211304,-0.3518630266189575,0.36979883909225464,-0.28625941276550293,0.7813981771469116,-0.4718104302883148,3.0,0.9118666648864746,0.4830779433250427,2.6060073375701904,4874.86962890625,-4168.4033203125,-2460.70849609375,-3726.399658203125,-477.7840270996094,-1652.4805908203125,1052.4339599609375,619.8238525390625,-4.2045979499816895,1.7231395244598389
76.28304290771484,-0.004361951723694801,0.020690519362688065,19.27663230895996,0.01125333458185196,-0.013085950165987015,-0.05197123810648918,30.845905303955078,62.456520080566406,61.25209045410156,72.79373168945312,-6518.255859375,5234.90869140625,8582.6064453125,-8093.13232421875,-0.013085950165987015,-0.020106738433241844,19.276636123657227,-0.020276600494980812,0.0005092581268399954,0.01182710099965334,0.006019824184477329,-0.044404029846191406,-0.05944713577628136,0.020949959754943848,-0.04434194788336754,-0.0747155174612999,0.0800737589597702,0.39558303356170654,-0.3887062966823578,0.4664212465286255,-0.36066949367523193,0.680790901184082,-0.5081822872161865,3.0,0.7344494462013245,0.5135388374328613,2.391000986099243,5066.71875,-4013.67138671875,-2538.96826171875,-3993.9560546875,-435.2560729980469,-1971.59033203125,872.125732421875,440.9100341796875,0.49440670013427734,1.7003463506698608
76.4758071899414,-0.004249418154358864,0.020559659227728844,19.250804901123047,0.00820180494338274,-0.001989888958632946,-0.047951582819223404,31.8050537109375,60.96944046020508,61.40159225463867,71.35702514648438,-6478.91455078125,5721.7978515625,7955.23828125,-8162.08349609375,-0.001989888958632946,-0.02013360895216465,19.25080680847168,-0.020720019936561584,-0.00023789703845977783,0.012627838179469109,0.009975655004382133,-0.04829109460115433,-0.0547829233109951,0.01734326407313347,-0.04827481508255005,-0.06434693932533264,0.0995982438325882,0.2535427510738373,-0.3483024835586548,0.46660441160202026,-0.21834056079387665,0.6216274499893188,-0.5310965776443481,3.0,0.516250729560852,0.5481246113777161,2.1752498149871826,5174.08837890625,-2976.160400390625,-2916.675537109375,-3922.72021484375,-168.7464599609375,-1885.9383544921875,964.7540283203125,662.0536499023438,1.6508660316467285,2.049221992492676
76.6683120727539,-0.004167400300502777,0.02053976058959961,19.225481033325195,0.00276491092517972,0.005714117083698511,-0.050830647349357605,32.26509094238281,60.61115264892578,61.55618667602539,70.80091857910156,-6217.4912109375,6142.22216796875,7323.98681640625,-8364.3017578125,0.005714117083698511,-0.020395943894982338,19.225481033325195,-0.02120276726782322,-0.0008813664317131042,0.01362382061779499,0.012511081993579865,-0.05177411809563637,-0.050116878002882004,0.015159858390688896,-0.05236491560935974,-0.042767059057950974,0.10704844444990158,-0.07718509435653687,-0.25309959053993225,0.3885679543018341,0.06309409439563751,0.6362389326095581,-0.5024144649505615,3.0,0.49875494837760925,0.5846839547157288,2.103147268295288,5278.1162109375,-2960.22509765625,-2921.883056640625,-3960.216064453125,-135.30502319335938,-2342.348388671875,1114.0889892578125,542.9208374023438,3.726874828338623,1.3214821815490723
76.86056518554688,-0.004139751195907593,0.020596900954842567,19.201051712036133,0.0002651114482432604,0.018436167389154434,-0.04208824038505554,32.367042541503906,60.67576599121094,61.44780349731445,70.72867584228516,-5734.02392578125,6360.06689453125,6902.3134765625,-8689.630859375,0.018436167389154434,-0.02058309316635132,19.201051712036133,-0.021726416423916817,-0.0013090369757264853,0.014694305136799812,0.011739230714738369,-0.05430511385202408,-0.04623119905591011,0.015790799632668495,-0.05654575675725937,-0.020923765376210213,0.09497080743312836,-0.4330269396305084,-0.1059924066066742,0.2299535870552063,0.34698331356048584,0.7329354882240295,-0.41515880823135376,3.0,0.48017755150794983,0.5789183974266052,2.113389253616333,5415.7587890625,-2990.936767578125,-2780.472900390625,-4033.73046875,-172.9149932861328,-1873.1201171875,1150.655517578125,572.7406005859375,4.454889297485352,-0.5143122673034668
77.05257415771484,-0.00413710018619895,0.02078126184642315,19.177459716796875,-0.00011656159767881036,0.03158147633075714,-0.039423469454050064,32.59490203857422,60.45104217529297,61.447113037109375,70.42381286621094,-5174.06689453125,6250.7177734375,6763.1806640625,-8966.1142578125,0.03158147633075714,-0.02078733965754509,19.177459716796875,-0.022291874513030052,-0.0015182746574282646,0.01564401388168335,0.007408961188048124,-0.05536503717303276,-0.043931663036346436,0.01926063373684883,-0.060745835304260254,-0.031166423112154007,0.06897208094596863,-0.6282247304916382,0.09631496667861938,0.010519787669181824,0.4743841290473938,0.9059198498725891,-0.3154919445514679,3.0,0.4541609287261963,0.5896551609039307,2.084798574447632,5520.8642578125,-3106.24169921875,-2568.365478515625,-4080.893310546875,-125.82186889648438,-1843.7225341796875,1293.84033203125,720.7164306640625,1.3264496326446533,-2.395737886428833
77.24434661865234,-0.004138265736401081,0.021097077056765556,19.155786514282227,0.0013393231201916933,0.03877459093928337,-0.03943508118391037,33.22895431518555,60.0826416015625,61.354026794433594,69.98628234863281,-4840.0068359375,5961.95458984375,6798.84619140625,-8975.150390625,0.03877459093928337,-0.021027158945798874,19.155786514282227,-0.022899333387613297,-0.0018299388466402888,0.01633373461663723,0.001126714050769806,-0.054401885718107224,-0.04382646456360817,0.02400447428226471,-0.06475593149662018,-0.02618401125073433,0.03553042933344841,-0.5197984576225281,0.2784648537635803,-0.18971653282642365,0.33536046743392944,0.8993641138076782,-0.26097142696380615,3.0,0.41412702202796936,0.5861702561378479,2.029654026031494,5567.30126953125,-2678.841064453125,-2650.72021484375,-4129.3544921875,18.166290283203125,-2060.642578125,1497.5679931640625,910.1011962890625,1.2996406555175781,-3.9294910430908203
77.43590545654297,-0.004124872386455536,0.021484822034835815,19.13758659362793,-0.0016302517615258694,0.033552899956703186,-0.04327002912759781,33.655723571777344,59.32863235473633,61.63084030151367,69.11538696289062,-4820.1376953125,5606.646484375,6919.18798828125,-8768.515625,0.033552899956703186,-0.021570008248090744,19.13758659362793,-0.023546893149614334,-0.0020917789079248905,0.016689039766788483,-0.004071270581334829,-0.05161723867058754,-0.045723628252744675,0.027358079329133034,-0.0688139870762825,-0.060248471796512604,-0.005659844726324081,-0.1518736183643341,0.37399953603744507,-0.30359217524528503,-0.0048844218254089355,0.8071057200431824,-0.2745429277420044,3.0,0.33615368604660034,0.6406837701797485,1.893660306930542,5278.76806640625,-1853.63525390625,-2759.16943359375,-3950.08642578125,-315.5446472167969,-2437.7998046875,1490.2469482421875,880.636962890625,-4.038956642150879,-5.176079273223877
77.62728118896484,-0.0041411747224628925,0.021820351481437683,19.118717193603516,-0.0016002955380827188,0.03168638423085213,-0.03673543035984039,33.91830825805664,59.062015533447266,61.57591247558594,68.36885070800781,-5346.810546875,5481.70947265625,6928.80908203125,-8267.26953125,0.03168638423085213,-0.021904056891798973,19.11871910095215,-0.024235032498836517,-0.0026942635886371136,0.01663244143128395,-0.005590006709098816,-0.047877244651317596,-0.04875954985618591,0.02730923518538475,-0.07330748438835144,-0.0665135458111763,-0.04986794292926788,0.37635549902915955,0.28693217039108276,-0.2620146870613098,-0.42596080899238586,0.8858655095100403,-0.3555641770362854,3.0,0.2631017863750458,0.64308762550354,1.7802919149398804,4966.32421875,-1588.7994384765625,-2890.552001953125,-3887.10546875,-69.24758911132812,-2024.038818359375,1547.9002685546875,664.7269897460938,-2.9039688110351562,-5.414943695068359
77.81846618652344,-0.00415717763826251,0.022137215360999107,19.10080337524414,-0.005475886166095734,0.024200119078159332,-0.04179327189922333,34.261383056640625,58.68187713623047,61.1439208984375,67.58405303955078,-5955.87646484375,5211.6005859375,7065.5517578125,-7605.111328125,0.024200119078159332,-0.022423898801207542,19.10080337524414,-0.024968108162283897,-0.003359399037435651,0.016133762896060944,-0.0018264518585056067,-0.04500792175531387,-0.051379695534706116,0.023049626499414444,-0.07742494344711304,-0.0657738596200943,-0.09765918552875519,0.7643297910690308,0.14939017593860626,-0.15214750170707703,-0.7412519454956055,0.836546003818512,-0.5003577470779419,3.0,0.2523430585861206,0.5880910754203796,1.657060146331787,4748.09033203125,-1081.49951171875,-2893.024169921875,-4015.2587890625,-65.16506958007812,-2523.704345703125,1355.8897705078125,689.9315185546875,-2.406059503555298,-5.231380462646484
78.00947570800781,-0.004211936611682177,0.02237921580672264,19.08184051513672,-0.0044644540175795555,0.02016567625105381,-0.03601450473070145,34.0057373046875,58.61724090576172,60.55171585083008,66.91822814941406,-6679.67333984375,4896.7783203125,7268.37353515625,-6877.1240234375,0.02016567625105381,-0.022613177075982094,19.08184242248535,-0.025742357596755028,-0.004017137456685305,0.015157170593738556,0.005816846154630184,-0.04351402074098587,-0.052901171147823334,0.01563710719347,-0.08151228725910187,-0.0780140608549118,-0.1239599660038948,0.865852952003479,0.06192801892757416,-0.061483658850193024,-0.8323264122009277,0.5552501678466797,-0.7006018757820129,3.0,0.2031601369380951,0.5087141394615173,1.5556102991104126,4562.27392578125,-1157.61572265625,-2625.900146484375,-4207.64306640625,-160.6831512451172,-1918.381103515625,1669.7349853515625,678.8113403320312,-2.3503994941711426,-2.621335506439209
78.2002944946289,-0.0042565809562802315,0.02258087322115898,19.062955856323242,-0.009349396452307701,0.00372903048992157,-0.049002230167388916,33.71388244628906,58.30724334716797,60.71638107299805,65.94227600097656,-7576.19921875,4856.3388671875,7206.17236328125,-6089.73974609375,0.00372903048992157,-0.023071320727467537,19.062957763671875,-0.026557480916380882,-0.004797277972102165,0.013917570933699608,0.014475375413894653,-0.04289473965764046,-0.05351600795984268,0.007313842885196209,-0.08648119121789932,-0.08834053575992584,-0.1224377453327179,0.7263466715812683,-0.021921589970588684,0.037781745195388794,-0.7033983469009399,0.3673451542854309,-0.9262414574623108,3.0,0.27170529961586,0.5457050204277039,1.3960213661193848,4314.794921875,-595.0618896484375,-2824.44482421875,-4313.783203125,-426.9294738769531,-2635.18701171875,1531.912109375,788.3497924804688,-1.5294582843780518,0.6655644774436951
78.39092254638672,-0.0043500750325620174,0.022618163377046585,19.044687271118164,-0.010301964357495308,0.003063695738092065,-0.03895103931427002,33.003379821777344,58.73577880859375,59.907649993896484,65.41441345214844,-8365.2666015625,5039.00830078125,6983.14208984375,-5452.64697265625,0.003063695738092065,-0.023159101605415344,19.04469108581543,-0.027422292158007622,-0.005680683068931103,0.01269319374114275,0.021738842129707336,-0.04311395436525345,-0.053138189017772675,0.00027985963970422745,-0.09220470488071442,-0.04655406251549721,-0.11247611045837402,0.43128904700279236,-0.1279022991657257,0.14212700724601746,-0.41165807843208313,0.2766200602054596,-0.8976826667785645,3.0,0.23388591408729553,0.43454235792160034,1.318770408630371,4312.470703125,-1341.538330078125,-2104.642822265625,-4187.63330078125,-381.59130859375,-1807.446044921875,1470.38330078125,623.9662475585938,4.330188274383545,2.0684003829956055
78.58136749267578,-0.0044530946761369705,0.022648800164461136,19.02904510498047,-0.014710729941725731,-0.0028816803824156523,-0.04260184243321419,33.01313400268555,58.367305755615234,60.4915771484375,65.30330657958984,-8567.5302734375,5020.1806640625,7131.337890625,-5311.314453125,-0.0028816803824156523,-0.023421866819262505,19.029048919677734,-0.02834433875977993,-0.006146223749965429,0.011568432673811913,0.026051733642816544,-0.04439297690987587,-0.051716919988393784,-0.003836721181869507,-0.0970098227262497,0.007392160594463348,-0.09750160574913025,0.005220949649810791,-0.13376778364181519,0.10746988654136658,-0.0015006661415100098,0.2700534164905548,-0.8594574928283691,3.0,0.21905185282230377,0.5299018025398254,1.306331753730774,4417.54443359375,-865.618896484375,-2420.678955078125,-3975.75634765625,-403.93359375,-2138.984130859375,1305.8804931640625,552.5667114257812,6.491465091705322,2.683875560760498
78.77165985107422,-0.004600201733410358,0.022619983181357384,19.0107479095459,-0.011426504701375961,0.004039890132844448,-0.03172953426837921,32.182838439941406,58.63096237182617,60.576393127441406,65.79837799072266,-8343.6416015625,4792.45947265625,7562.2099609375,-5637.14892578125,0.004039890132844448,-0.02322104014456272,19.010751724243164,-0.02931443601846695,-0.006072302348911762,0.010593416169285774,0.026103943586349487,-0.045730654150247574,-0.0506422221660614,-0.0038517278153449297,-0.10107468068599701,0.040851958096027374,-0.06756070256233215,-0.40979012846946716,-0.003390103578567505,-0.08854703605175018,0.416691392660141,0.3303777575492859,-0.9720736742019653,3.0,0.19412203133106232,0.5503403544425964,1.40257728099823,4489.9892578125,-1515.7313232421875,-2489.405517578125,-3794.471923828125,-263.979248046875,-1022.8134765625,1278.4013671875,605.8095092773438,5.884141445159912,3.6469204425811768
78.9617691040039,-0.004714466631412506,0.022660382091999054,18.98395538330078,-0.016388941556215286,0.0005309763364493847,-0.04974736273288727,31.691226959228516,59.3615608215332,61.09547424316406,66.3315200805664,-7824.330078125,4485.111328125,7813.17138671875,-6173.69580078125,0.0005309763364493847,-0.023523686453700066,18.983963012695312,-0.030325183644890785,-0.005663782823830843,0.009917808696627617,0.022006042301654816,-0.04576455429196358,-0.05152769386768341,0.0003151858691126108,-0.1055111512541771,0.08549696207046509,-0.03605511039495468,-0.6719926595687866,0.17166458070278168,-0.2689630389213562,0.6877237558364868,0.4477466344833374,-0.8145273327827454,3.0,0.40360206365585327,0.6460940837860107,1.5053603649139404,4379.10400390625,-2413.9091796875,-2917.47998046875,-3886.5908203125,-605.4263916015625,-2059.027099609375,1374.015869140625,557.8704223632812,6.235909461975098,3.3012099266052246
79.151611328125,-0.004878356121480465,0.02266569249331951,18.959291458129883,-0.011868080124258995,0.017246752977371216,-0.02861611545085907,30.592193603515625,59.56526565551758,60.76530456542969,66.95305633544922,-7060.53662109375,4151.63671875,8287.154296875,-6985.25830078125,0.017246752977371216,-0.02329166978597641,18.95929527282715,-0.031380295753479004,-0.0048088133335113525,0.009557257406413555,0.015286115929484367,-0.04404790699481964,-0.054217323660850525,0.007192423567175865,-0.10863517969846725,0.15422505140304565,2.835690975189209e-05,-0.7422828674316406,0.2970815896987915,-0.39866095781326294,0.771837055683136,0.6228473782539368,-0.6301045417785645,3.0,0.3700805902481079,0.6038371920585632,1.6328067779541016,4568.35009765625,-2581.05908203125,-2620.26513671875,-3794.8017578125,-329.09930419921875,-550.8846435546875,1245.2410888671875,464.5499267578125,8.027341842651367,3.244155168533325
79.34120178222656,-0.004997036885470152,0.022838160395622253,18.935951232910156,-0.013997040688991547,0.022634007036685944,-0.04025275260210037,30.60165786743164,58.968475341796875,61.70490264892578,67.10490417480469,-6024.8134765625,3474.876220703125,8803.314453125,-7938.84814453125,0.022634007036685944,-0.023577338084578514,18.935955047607422,-0.032466646283864975,-0.003266562707722187,0.009557540528476238,0.007863286882638931,-0.04107709228992462,-0.05820393189787865,0.014910793863236904,-0.11149296909570694,0.12607665359973907,0.017742492258548737,-0.7048224210739136,0.4073169231414795,-0.4352952837944031,0.7042670845985413,0.8730462193489075,-0.5054509043693542,3.0,0.33168837428092957,0.7642626166343689,1.6756325960159302,4714.06298828125,-1804.8375244140625,-3136.074462890625,-3981.198486328125,-409.3776550292969,-1388.0291748046875,1171.4071044921875,374.01959228515625,-1.8589732646942139,1.2995002269744873
79.53056335449219,-0.005137007217854261,0.023064499720931053,18.908971786499023,-0.011355845257639885,0.036246269941329956,-0.027631597593426704,31.11281967163086,59.55564880371094,61.4357795715332,67.11387634277344,-5404.380859375,2843.021240234375,9019.9052734375,-8519.720703125,0.036246269941329956,-0.0236650537699461,18.90897560119629,-0.033581577241420746,-0.002005796181038022,0.009734965860843658,0.0008150627836585045,-0.03700392320752144,-0.06255688518285751,0.021953463554382324,-0.11566788703203201,0.027076661586761475,0.015785077586770058,-0.4644269347190857,0.41660451889038086,-0.2938905358314514,0.4320555627346039,0.8539906740188599,-0.43985557556152344,3.0,0.40324920415878296,0.7334226369857788,1.7012557983398438,4682.86474609375,-2787.28564453125,-2973.4638671875,-3755.8662109375,-471.2538146972656,-697.528076171875,1227.6444091796875,495.6882019042969,-9.607460021972656,-0.7358353734016418
79.71965026855469,-0.005250565707683563,0.0234269630163908,18.882976531982422,-0.012744292616844177,0.04720182344317436,-0.037414610385894775,32.73822784423828,59.479549407958984,62.30272674560547,66.40145111083984,-5640.05224609375,2802.787841796875,8770.79296875,-8377.3564453125,0.04720182344317436,-0.024101871997117996,18.882978439331055,-0.03473825752735138,-0.0017350295092910528,0.00989281665533781,-0.0038292063400149345,-0.0328378789126873,-0.06549578905105591,0.026274017989635468,-0.12043794989585876,-0.05634462088346481,-0.002405066043138504,0.05118364095687866,0.18100443482398987,0.03893148899078369,-0.06444704532623291,0.8027050495147705,-0.4331377148628235,3.0,0.4368276596069336,0.8852546215057373,1.6045283079147339,4885.59326171875,-2822.70361328125,-3140.002197265625,-3583.203125,-455.77178955078125,-1152.3428955078125,1108.459716796875,404.96807861328125,-10.582036972045898,-2.349066734313965
79.90847778320312,-0.00537800882011652,0.023898981511592865,18.861526489257812,-0.01105520036071539,0.05537901446223259,-0.035027340054512024,34.752037048339844,58.49925231933594,62.58491897583008,65.33747863769531,-6405.5830078125,3131.019775390625,8417.060546875,-7834.3486328125,0.05537901446223259,-0.024485105648636818,18.861528396606445,-0.03594263643026352,-0.002298475708812475,0.00986876618117094,-0.00331737007945776,-0.031027834862470627,-0.06510647386312485,0.025629548355937004,-0.12486681342124939,-0.13577142357826233,-0.021307600662112236,0.6458235383033752,-0.20294660329818726,0.37990087270736694,-0.5984619855880737,0.9104181528091431,-0.4930092394351959,3.0,0.29052191972732544,0.9418318271636963,1.4448022842407227,4764.46826171875,-2015.2738037109375,-3108.048095703125,-3496.569580078125,-207.19923400878906,-1036.5589599609375,1178.6845703125,483.9723205566406,-11.286519050598145,-2.409045696258545
80.09709167480469,-0.005488561000674963,0.024452771991491318,18.845869064331055,-0.013149389065802097,0.05005409196019173,-0.04503202438354492,36.566650390625,57.816078186035156,62.159969329833984,64.28736877441406,-7323.10791015625,3554.986328125,7942.025390625,-6995.2041015625,0.05005409196019173,-0.02515050582587719,18.84587287902832,-0.03719130530953407,-0.003656189888715744,0.00965568982064724,0.003140865359455347,-0.03305730223655701,-0.06130746379494667,0.019644929096102715,-0.1290569007396698,-0.19604800641536713,-0.024730075150728226,1.025169014930725,-0.522747278213501,0.5866501927375793,-0.9700791835784912,0.5469487309455872,-0.6429017186164856,3.0,0.2711465060710907,0.8848127722740173,1.2771779298782349,4817.642578125,-1022.2845458984375,-2930.46533203125,-3677.92529296875,-242.483154296875,-1949.2158203125,1159.987548828125,820.7835693359375,-8.977523803710938,-0.7751898765563965
80.28555297851562,-0.00562005490064621,0.024953313171863556,18.83721351623535,-0.014390608295798302,0.03390440344810486,-0.04559636116027832,37.51266860961914,56.51902389526367,62.058937072753906,63.020389556884766,-8515.3115234375,4501.88330078125,7019.42041015625,-6102.037109375,0.03390440344810486,-0.02571725845336914,18.83721923828125,-0.03848187252879143,-0.00561667000874877,0.00940838921815157,0.013392554596066475,-0.038284774869680405,-0.05544096231460571,0.009944137185811996,-0.13509854674339294,-0.23180706799030304,-0.017547041177749634,1.091069221496582,-0.757001519203186,0.6837478280067444,-1.0286340713500977,0.3415844142436981,-0.9151394963264465,3.0,0.23154468834400177,0.8780720829963684,1.0639835596084595,4787.21923828125,792.0103149414062,-3285.02880859375,-3814.12109375,-223.09072875976562,-1988.3846435546875,1043.3084716796875,1075.4591064453125,-5.382720947265625,0.861187219619751
80.47392272949219,-0.005763961002230644,0.025292357429862022,18.833070755004883,-0.01437336951494217,0.010012423619627953,-0.048598628491163254,37.59221649169922,56.3216552734375,60.854217529296875,62.03190994262695,-9512.1689453125,5538.29541015625,5784.376953125,-5205.69140625,0.010012423619627953,-0.026055555790662766,18.83307456970215,-0.03983285650610924,-0.007934740744531155,0.009232918731868267,0.024303246289491653,-0.04585478827357292,-0.04860348254442215,-0.0003422033041715622,-0.1434360295534134,-0.2660771310329437,-0.0023677460849285126,0.8154635429382324,-0.8227131962776184,0.7113485336303711,-0.7924427390098572,0.2620666027069092,-0.7463156580924988,3.0,0.2560720145702362,0.6930325627326965,0.8902958035469055,4489.14306640625,1180.1171875,-2911.973876953125,-3457.263671875,-175.26690673828125,-2230.122314453125,1084.657470703125,1382.5361328125,-3.4537694454193115,2.2690107822418213
80.6622543334961,-0.005907694809138775,0.025392482057213783,18.835899353027344,-0.004322560504078865,-0.007501540705561638,-0.03866243734955788,37.552207946777344,56.08317947387695,59.375160217285156,61.482208251953125,-9963.3095703125,6653.8447265625,4889.994140625,-4535.51220703125,-0.007501540705561638,-0.025621967390179634,18.83589744567871,-0.041267216205596924,-0.010595511645078659,0.009209241718053818,0.032457880675792694,-0.05408192053437233,-0.04148999601602554,-0.008266630582511425,-0.1489296853542328,-0.2283385843038559,0.013976410031318665,0.2780495285987854,-0.7471511960029602,0.5964106321334839,-0.3764022886753082,0.26682180166244507,-0.5389548540115356,3.0,0.2099360227584839,0.4653451442718506,0.7869610786437988,4426.75244140625,1599.4688720703125,-2078.45556640625,-3384.675048828125,-124.16635131835938,-1183.383544921875,1542.0399169921875,1427.2193603515625,5.098475933074951,2.729811906814575
80.85061645507812,-0.005950920283794403,0.025317465886473656,18.83911895751953,-0.0026310100220143795,-0.03492613509297371,-0.05640924721956253,36.840606689453125,56.44486618041992,58.790470123291016,61.64497375488281,-9700.509765625,7415.78076171875,4422.68212890625,-4351.05419921875,-0.03492613509297371,-0.025457123294472694,18.8391170501709,-0.04275651276111603,-0.012878897599875927,0.009349006228148937,0.03523837774991989,-0.061553433537483215,-0.035525888204574585,-0.012030653655529022,-0.15054182708263397,-0.1937430202960968,0.018889229744672775,-0.3768081068992615,-0.49228766560554504,0.31014111638069153,0.11168527603149414,0.33620697259902954,-0.4957289397716522,3.0,0.299990713596344,0.3786427974700928,0.7936478853225708,4615.68408203125,1106.4610595703125,-1882.5257568359375,-3226.51123046875,-624.7055053710938,-2196.998046875,1560.69189453125,1454.730712890625,6.085056781768799,1.5743467807769775
81.03900909423828,-0.005977230612188578,0.024968205019831657,18.842571258544922,0.0025839265435934067,-0.0343707799911499,-0.049547091126441956,34.76573944091797,57.90361022949219,57.01510238647461,62.246788024902344,-9269.1494140625,7906.0341796875,4108.326171875,-4405.498046875,-0.0343707799911499,-0.024831071496009827,18.842571258544922,-0.044261932373046875,-0.014816327951848507,0.009537898935377598,0.031470295041799545,-0.06647630780935287,-0.032424475997686386,-0.010913800448179245,-0.15000870823860168,-0.07763619720935822,0.012467153370380402,-0.8092930316925049,-0.15724444389343262,-0.014024019241333008,0.4697001874446869,0.4540806710720062,-0.6297135949134827,3.0,0.24813079833984375,0.21579709649085999,0.8890272378921509,4736.9326171875,-609.466796875,100.17239379882812,-3574.4658203125,-300.18096923828125,-1744.71923828125,1741.140625,1091.422607421875,14.052457809448242,-0.11568284034729004
81.22743225097656,-0.0059513915330171585,0.024624496698379517,18.830650329589844,-0.001589080784469843,-0.03617088496685028,-0.07319119572639465,33.38919448852539,59.50715637207031,57.41996383666992,63.416175842285156,-8525.119140625,7683.857421875,4041.764892578125,-4809.7578125,-0.03617088496685028,-0.024708883836865425,18.83064842224121,-0.04576202109456062,-0.015592689625918865,0.009662570431828499,0.02337736450135708,-0.06804875284433365,-0.032564714550971985,-0.006216798909008503,-0.14941829442977905,0.013010121881961823,-0.006800791248679161,-0.9330043196678162,0.2727782428264618,-0.2918316423892975,0.6404246091842651,0.6023479700088501,-0.9218286871910095,3.0,0.604568362236023,0.2272723913192749,1.0879658460617065,4697.83447265625,-2416.127197265625,-659.5114135742188,-3811.92138671875,-790.0025634765625,-2481.91064453125,1813.19580078125,749.2832641601562,10.882908821105957,-2.1623189449310303
81.41574096679688,-0.005967282224446535,0.024262787774205208,18.81878089904785,-0.0017699019517749548,-0.018937738612294197,-0.06648308783769608,31.865732192993164,61.2608642578125,56.818359375,64.39645385742188,-7919.63916015625,7000.279296875,4092.608154296875,-5208.5703125,-0.018937738612294197,-0.024356836453080177,18.81878089904785,-0.04725620523095131,-0.015462588518857956,0.009594562463462353,0.014047321863472462,-0.06532096862792969,-0.03548303246498108,0.00018744682893157005,-0.14933981001377106,0.14786657691001892,-0.027904590591788292,-0.7024123668670654,0.6664242744445801,-0.4243807792663574,0.562018096446991,0.7459052801132202,-0.7955542206764221,3.0,0.8214230537414551,0.22383375465869904,1.2677315473556519,4778.67431640625,-3446.70068359375,353.7153625488281,-3783.22265625,-856.861328125,-1508.166015625,1724.234619140625,681.369140625,13.690835952758789,-3.056602954864502
81.60392761230469,-0.005984981078654528,0.024073410779237747,18.791776657104492,-0.007751326076686382,-0.01381008606404066,-0.06886772811412811,32.24897766113281,61.520652770996094,58.901329040527344,65.16878509521484,-7167.572265625,5697.865234375,4913.0439453125,-5924.6455078125,-0.01381008606404066,-0.024485893547534943,18.791776657104492,-0.04874960333108902,-0.013983923010528088,0.00931551679968834,0.007023198530077934,-0.0586567260324955,-0.03972683846950531,0.005807627458125353,-0.1476907581090927,0.21354812383651733,-0.04664061591029167,-0.36830753087997437,0.9931747913360596,-0.5598981380462646,0.3992798328399658,0.8463679552078247,-0.666128933429718,3.0,0.8888001441955566,0.41082385182380676,1.4161057472229004,4666.3896484375,-3883.32177734375,-2081.110107421875,-3556.757080078125,-1108.197265625,-1785.009521484375,1274.440185546875,714.4609985351562,6.4256134033203125,-3.1980128288269043
81.7918472290039,-0.006062494125217199,0.023935310542583466,18.757841110229492,-0.005871997214853764,-0.00046406593173742294,-0.0458538718521595,32.03791427612305,61.730079650878906,59.87100601196289,65.50697326660156,-6653.0126953125,4166.4345703125,6025.03955078125,-6685.31640625,-0.00046406593173742294,-0.024248352274298668,18.757841110229492,-0.05022650957107544,-0.011848442256450653,0.008849110454320908,0.0033401232212781906,-0.048724979162216187,-0.04532581940293312,0.009800425730645657,-0.14604713022708893,0.19621317088603973,-0.0651203989982605,-0.05581927299499512,1.1327065229415894,-0.6821954250335693,0.24310079216957092,0.8645932674407959,-0.6254410743713379,3.0,0.862172544002533,0.5707006454467773,1.5002493858337402,4838.18212890625,-4289.4853515625,-2801.474853515625,-3766.4384765625,-907.8390502929688,-842.4097900390625,1373.9541015625,830.6572265625,-1.3160241842269897,-2.942750930786133
81.97942352294922,-0.006121214013546705,0.02393067069351673,18.718631744384766,-0.00719190388917923,0.01214578840881586,-0.04914955049753189,32.43937683105469,61.8644905090332,61.12858581542969,65.31856536865234,-6657.25,2825.079833984375,6865.8154296875,-6994.7607421875,0.01214578840881586,-0.0243148822337389,18.7186336517334,-0.051686979830265045,-0.009886310435831547,0.0081979064270854,0.0027819303795695305,-0.03739791363477707,-0.052147772163152695,0.012231433764100075,-0.14686961472034454,0.15520943701267242,-0.06076378747820854,0.22522908449172974,0.9803032279014587,-0.654894232749939,0.047723203897476196,0.740929126739502,-0.6384905576705933,3.0,0.9228499531745911,0.7899858951568604,1.499076008796692,4742.29833984375,-4438.8876953125,-3339.372314453125,-3911.147705078125,-756.8665771484375,-1184.009033203125,1009.82861328125,880.1068115234375,-4.570826530456543,-0.2995544672012329
82.16661071777344,-0.006193133071064949,0.024052128195762634,18.67469596862793,-0.007673998363316059,0.025883134454488754,-0.04366916045546532,33.05023956298828,61.112548828125,62.18325424194336,64.72098541259766,-6976.45556640625,2014.2647705078125,7335.60498046875,-7052.228515625,0.025883134454488754,-0.02446305751800537,18.67469596862793,-0.053155675530433655,-0.008334215730428696,0.007590268738567829,0.005034221336245537,-0.027594881132245064,-0.05869671329855919,0.012708665803074837,-0.15138141810894012,0.09866506606340408,-0.04935227334499359,0.40489518642425537,0.5272297263145447,-0.4197338819503784,-0.13809721171855927,0.490978866815567,-0.6824452877044678,3.0,0.8158103227615356,0.9842396378517151,1.4324427843093872,4515.77001953125,-4570.3623046875,-3764.3740234375,-3964.802001953125,-435.29095458984375,-1218.793701171875,781.3734130859375,987.701416015625,-7.006500244140625,1.290153980255127
82.35335540771484,-0.00626987311989069,0.02431095950305462,18.633371353149414,-0.012236228212714195,0.03312380611896515,-0.048859041184186935,33.85969161987305,59.65100860595703,63.389854431152344,63.79680252075195,-7504.5380859375,1839.492431640625,7380.7119140625,-6915.634765625,0.03312380611896515,-0.02496764250099659,18.63337516784668,-0.05466948822140694,-0.007347565144300461,0.007096746005117893,0.009083173237740993,-0.022322583943605423,-0.0628940537571907,0.011327693238854408,-0.16003942489624023,-0.00843299925327301,-0.033760372549295425,0.46162405610084534,-0.09026181697845459,-0.0267714262008667,-0.2710433900356293,0.29411229491233826,-0.7431991696357727,3.0,0.6212903261184692,1.2075746059417725,1.3060657978057861,4352.33935546875,-4116.529296875,-3740.128662109375,-3868.281494140625,-617.105712890625,-1544.66162109375,602.0088500976562,994.9090576171875,-12.303836822509766,2.5220165252685547
82.53968811035156,-0.006392235402017832,0.02464219741523266,18.597389221191406,-0.016991952434182167,0.03260883316397667,-0.0460413321852684,35.13169860839844,58.46139144897461,63.54525375366211,62.63444900512695,-8307.2373046875,2377.89404296875,6899.56201171875,-6545.48828125,0.03260883316397667,-0.025555871427059174,18.597396850585938,-0.05626988410949707,-0.0074318950064480305,0.006759142503142357,0.01369941420853138,-0.023225201293826103,-0.06316176801919937,0.008617259562015533,-0.1726795732975006,-0.12709245085716248,-0.005419155582785606,0.4730672836303711,-0.7061746716499329,0.4364459812641144,-0.36079564690589905,0.24632628262043,-0.8203246593475342,3.0,0.4402446746826172,1.2557164430618286,1.1325229406356812,4535.83056640625,-3316.3427734375,-3650.730712890625,-4024.005859375,-784.315185546875,-1741.8043212890625,706.717529296875,1211.2176513671875,-13.706838607788086,4.044502258300781
82.72566223144531,-0.0065621547400951385,0.024968285113573074,18.566492080688477,-0.02192794159054756,0.028856491670012474,-0.04449006915092468,36.15899658203125,57.64871597290039,62.5084228515625,61.61498260498047,-9132.9443359375,3540.775634765625,5898.49462890625,-5912.2392578125,0.028856491670012474,-0.026149334385991096,18.566505432128906,-0.05799667909741402,-0.008702819235622883,0.006704951170831919,0.018430087715387344,-0.030286947265267372,-0.058797307312488556,0.005009302869439125,-0.18650391697883606,-0.1812555342912674,0.01631128042936325,0.4467296302318573,-1.1632540225982666,0.8576497435569763,-0.4299813210964203,0.28343889117240906,-0.9340918064117432,3.0,0.32280972599983215,1.102234959602356,0.9791920781135559,4378.95166015625,-2710.05908203125,-3554.5009765625,-3681.45458984375,-745.0637817382812,-1718.2476806640625,670.9287719726562,1133.2742919921875,-7.552250862121582,3.368156909942627
82.91132354736328,-0.006781434174627066,0.025256849825382233,18.543622970581055,-0.020621035248041153,0.024825720116496086,-0.039298612624406815,36.53466796875,56.713050842285156,60.89740753173828,60.7363166809082,-9518.3701171875,4687.3447265625,4819.279296875,-5317.591796875,0.024825720116496086,-0.026368875056505203,18.54363441467285,-0.059861719608306885,-0.010515374131500721,0.006868063937872648,0.0228973850607872,-0.041919488459825516,-0.05022080987691879,0.0007094899192452431,-0.19866634905338287,-0.15087828040122986,0.0371076837182045,0.2813088595867157,-1.2298413515090942,1.0395015478134155,-0.4282294511795044,0.34321632981300354,-0.888608455657959,3.0,0.1761729121208191,0.8500890731811523,0.844984769821167,4180.068359375,-1565.434326171875,-3371.566162109375,-3366.136474609375,-427.55792236328125,-1159.958740234375,715.2070922851562,1215.7197265625,1.8642849922180176,2.723649263381958
83.09675598144531,-0.006987644359469414,0.025505106896162033,18.526140213012695,-0.020316775888204575,0.008937539532780647,-0.044930920004844666,36.28166198730469,56.24213790893555,60.2022705078125,60.473289489746094,-9204.537109375,5486.29833984375,4156.1474609375,-5130.8505859375,0.008937539532780647,-0.02660176157951355,18.526151657104492,-0.06184838339686394,-0.012024156749248505,0.007239140570163727,0.025710472837090492,-0.054217901080846786,-0.039825793355703354,-0.0035728043876588345,-0.2061556726694107,-0.15363578498363495,0.06323845684528351,-0.10271480679512024,-0.8441739082336426,0.8228327035903931,-0.25624945759773254,0.4165326654911041,-0.7192957997322083,3.0,0.18591110408306122,0.7499123215675354,0.8014808893203735,4312.53515625,-638.96630859375,-3441.354736328125,-3366.29150390625,-703.1668701171875,-1443.9915771484375,1020.447265625,1272.5853271484375,1.4280471801757812,2.502610206604004
83.28202056884766,-0.007190811913460493,0.025594482198357582,18.51133155822754,-0.017859436571598053,-0.0018605953082442284,-0.039893411099910736,35.53572463989258,56.42220687866211,59.06882095336914,60.50136184692383,-8665.8828125,6250.44775390625,3635.98388671875,-5207.853515625,-0.0018605953082442284,-0.026559265330433846,18.51133918762207,-0.06390994042158127,-0.013560514897108078,0.00787152536213398,0.024683324620127678,-0.06265963613986969,-0.03159746527671814,-0.0061352988705039024,-0.20861534774303436,-0.16843509674072266,0.05278785526752472,-0.502587080001831,-0.31244540214538574,0.3650083839893341,0.027669578790664673,0.5131592750549316,-0.6592024564743042,3.0,0.13993637263774872,0.57853102684021,0.8066089153289795,4162.10107421875,-864.2153930664062,-2778.65625,-3190.505126953125,-787.631591796875,-1064.0072021484375,1133.4552001953125,1184.6123046875,1.9995641708374023,-1.2321785688400269
83.46713256835938,-0.007369406055659056,0.025575876235961914,18.499862670898438,-0.013879053294658661,-0.014561896212399006,-0.045039888471364975,34.7129020690918,56.65239715576172,57.778133392333984,60.42827606201172,-8244.419921875,6727.28271484375,3201.28662109375,-5157.38916015625,-0.014561896212399006,-0.026326101273298264,18.499868392944336,-0.06599609553813934,-0.015244865790009499,0.008399403654038906,0.019657453522086143,-0.06578408926725388,-0.027947381138801575,-0.005858602933585644,-0.2074759602546692,-0.15541711449623108,0.02544001303613186,-0.649005651473999,0.13845813274383545,-0.0969327986240387,0.2181314378976822,0.6280931234359741,-0.7432824969291687,3.0,0.19666099548339844,0.39247751235961914,0.7915616631507874,4213.60546875,-988.730224609375,-2071.2578125,-3232.048828125,-641.2252807617188,-1479.7490234375,1409.2093505859375,1385.6805419921875,3.916304588317871,-3.23366117477417
83.65213012695312,-0.007508196402341127,0.025430256500840187,18.49639129638672,-0.012284858152270317,-0.017415784299373627,-0.050395041704177856,33.612213134765625,57.048667907714844,56.26108169555664,60.327110290527344,-8058.9814453125,6773.45703125,2835.7548828125,-4925.67919921875,-0.017415784299373627,-0.026094432920217514,18.49639320373535,-0.06807085871696472,-0.016799036413431168,0.00865380372852087,0.013167397119104862,-0.06439951062202454,-0.02891670912504196,-0.0036772885359823704,-0.20485740900039673,-0.06478624790906906,-0.007433870807290077,-0.45729196071624756,0.41204383969306946,-0.3651835322380066,0.1964041143655777,0.7258793711662292,-0.8698010444641113,3.0,0.2789416015148163,0.2448030710220337,0.7741435170173645,4302.640625,-1570.6883544921875,-123.54782104492188,-3241.807373046875,-650.2454833984375,-1856.052490234375,1393.1964111328125,1355.444580078125,9.316186904907227,-4.086205959320068
83.83709716796875,-0.007631044834852219,0.025256099179387093,18.48822784423828,-0.009449001401662827,-0.013375465758144855,-0.05220245569944382,32.93052673339844,57.767086029052734,56.15005874633789,60.61008071899414,-7937.76171875,6192.84375,2778.005859375,-4826.08203125,-0.013375465758144855,-0.02576718106865883,18.488229751586914,-0.07011943310499191,-0.01744689792394638,0.008579464629292488,0.00859447754919529,-0.06027907133102417,-0.032568544149398804,-0.0017132475040853024,-0.20274855196475983,0.06931305676698685,-0.028979435563087463,-0.10600462555885315,0.5854523181915283,-0.43515706062316895,0.05621597170829773,0.7550719380378723,-0.930415153503418,3.0,0.38743820786476135,0.24196742475032806,0.8268719911575317,4315.0361328125,-2409.390869140625,-225.12435913085938,-3161.44189453125,-471.1534729003906,-1695.79296875,1210.487548828125,1440.5836181640625,12.052420616149902,-3.1543197631835938
84.02198028564453,-0.007725534960627556,0.025122344493865967,18.46632957458496,-0.009747480042278767,-0.008593278005719185,-0.05606915429234505,32.39807891845703,58.9333381652832,57.492958068847656,61.20651626586914,-7692.13916015625,5111.9970703125,3144.921630859375,-5047.73876953125,-0.008593278005719185,-0.02565019577741623,18.466333389282227,-0.07214692234992981,-0.01675376668572426,0.008289670571684837,0.007534431293606758,-0.05442454665899277,-0.03692011535167694,-0.0011510878102853894,-0.20143774151802063,0.15792028605937958,-0.04940183088183403,0.13118667900562286,0.7228090167045593,-0.41302815079689026,-0.02413365989923477,0.7038225531578064,-0.9355698823928833,3.0,0.5915144681930542,0.36506396532058716,0.9410046339035034,4407.1953125,-3414.736328125,-1573.5572509765625,-3376.09716796875,-597.9403076171875,-1731.884521484375,981.38916015625,1378.938232421875,7.868027687072754,-2.675666570663452
84.2066421508789,-0.007823009975254536,0.025036411359906197,18.434711456298828,-0.006457855924963951,0.003742845728993416,-0.04887799546122551,31.730810165405273,59.915771484375,58.8177604675293,61.61766052246094,-7468.42431640625,3860.09716796875,3817.947265625,-5382.998046875,0.003742845728993416,-0.025386720895767212,18.43471336364746,-0.07416129857301712,-0.015174563974142075,0.007795652374625206,0.008846297860145569,-0.04719645529985428,-0.041050396859645844,-0.001392424339428544,-0.2006399780511856,0.1863580346107483,-0.05754969269037247,0.16729098558425903,0.7906039357185364,-0.38753846287727356,0.0007480867207050323,0.6067201495170593,-0.9388312101364136,3.0,0.7450672388076782,0.571861743927002,1.0348906517028809,4437.9287109375,-4023.126220703125,-2437.329833984375,-3604.777587890625,-603.1827392578125,-951.9768676757812,1020.2373657226562,1225.8485107421875,3.0496556758880615,-0.9964636564254761
84.3909912109375,-0.007887588813900948,0.025073839351534843,18.399940490722656,-0.0052032084204256535,0.019833458587527275,-0.05497954785823822,31.42845344543457,60.25543975830078,60.32508087158203,61.703285217285156,-7311.19091796875,2715.38623046875,4485.9345703125,-5705.0615234375,0.019833458587527275,-0.025356624275445938,18.399940490722656,-0.07616769522428513,-0.013310983777046204,0.00722015555948019,0.010519207455217838,-0.0392904169857502,-0.04492578282952309,-0.0013849434908479452,-0.20126459002494812,0.15721088647842407,-0.057396844029426575,0.05237112194299698,0.7189462184906006,-0.35337331891059875,0.08873027563095093,0.5129696130752563,-0.9702056050300598,3.0,0.8523382544517517,0.8310612440109253,1.0791077613830566,4567.48486328125,-4219.36572265625,-2781.265380859375,-3728.077392578125,-452.6798400878906,-1052.429443359375,952.6769409179688,942.6961669921875,-1.9163320064544678,0.3565564751625061
84.57498931884766,-0.00793962087482214,0.025272173807024956,18.364181518554688,-0.00767534039914608,0.028309952467679977,-0.05776998773217201,31.718156814575195,59.957340240478516,61.320533752441406,61.341339111328125,-7321.41650390625,1854.516357421875,4903.359375,-5923.0869140625,0.028309952467679977,-0.025690125301480293,18.36418342590332,-0.07818034291267395,-0.011738874949514866,0.0066461870446801186,0.011042919009923935,-0.03210095316171646,-0.04845951497554779,-0.000497640750836581,-0.2053454965353012,0.07263325899839401,-0.04725005850195885,-0.06613613665103912,0.4842382073402405,-0.25584641098976135,0.15124768018722534,0.4593560993671417,-0.9750379920005798,3.0,0.8391180634498596,1.0157557725906372,1.0445702075958252,4643.7744140625,-3958.569580078125,-3206.381103515625,-3835.822509765625,-721.6896362304688,-1390.48876953125,811.1551513671875,1072.516357421875,-7.651710510253906,1.6421853303909302
84.75862884521484,-0.008016373962163925,0.02555527351796627,18.329681396484375,-0.007997116073966026,0.0360352098941803,-0.054542217403650284,32.24024963378906,59.479393005371094,61.568172454833984,60.837486267089844,-7647.26806640625,1602.3543701171875,4884.1259765625,-5856.04541015625,0.0360352098941803,-0.025991566479206085,18.329683303833008,-0.08023379743099213,-0.011012542061507702,0.0061736865900456905,0.01038155797868967,-0.02725857123732567,-0.05101797729730606,0.0010148361325263977,-0.21309664845466614,0.027209747582674026,-0.024733757600188255,-0.03450948745012283,0.07132074236869812,-0.03761616349220276,0.08690184354782104,0.4505441188812256,-0.937069833278656,3.0,0.7716091275215149,1.0757465362548828,0.9851081371307373,4813.38232421875,-3937.19580078125,-3109.3740234375,-3899.447265625,-853.0965576171875,-1202.507568359375,1023.9200439453125,1168.758544921875,-5.450728416442871,2.860651969909668
84.94192504882812,-0.008096344769001007,0.02591562643647194,18.29376220703125,-0.012425502762198448,0.037692759186029434,-0.059446483850479126,32.801841735839844,58.80442810058594,61.8333854675293,60.328712463378906,-7878.28955078125,1716.34423828125,4692.50732421875,-5774.25439453125,0.037692759186029434,-0.026594847440719604,18.293766021728516,-0.0823647603392601,-0.010740444995462894,0.005926349200308323,0.010036462917923927,-0.026545364409685135,-0.05139413848519325,0.0018838546238839626,-0.2229178249835968,-0.036824557930231094,0.004044447094202042,0.05676105618476868,-0.35113969445228577,0.2090504914522171,-0.040806740522384644,0.4721551537513733,-0.9386117458343506,3.0,0.7049980759620667,1.1421589851379395,0.922967791557312,4580.369140625,-3852.423095703125,-3319.550048828125,-3829.013671875,-861.2353515625,-1712.5433349609375,845.224609375,1184.341796875,-7.813996315002441,3.3426060676574707
85.12486267089844,-0.008220599964261055,0.026292553171515465,18.258638381958008,-0.016137583181262016,0.037402961403131485,-0.053890664130449295,33.374610900878906,58.0379753112793,61.26220703125,59.66667175292969,-8120.89697265625,2229.544921875,4164.3203125,-5628.84033203125,0.037402961403131485,-0.02717638574540615,18.25864601135254,-0.08459393680095673,-0.01110869087278843,0.005966793745756149,0.0106040732935071,-0.03005676157772541,-0.049303632229566574,0.0014757872559130192,-0.23401887714862823,-0.13174164295196533,0.027866696938872337,0.15093842148780823,-0.6672569513320923,0.44266289472579956,-0.17487168312072754,0.4984278678894043,-0.9928816556930542,3.0,0.5737745761871338,1.0673913955688477,0.8342877626419067,4401.94677734375,-3333.0146484375,-3557.90673828125,-3812.495849609375,-859.3751831054688,-1499.1708984375,755.99951171875,1176.339111328125,-10.548213005065918,2.7283873558044434
85.30744934082031,-0.008381975814700127,0.026666583493351936,18.23259162902832,-0.01799614168703556,0.027167266234755516,-0.05323323979973793,34.2645378112793,56.67387008666992,60.24323272705078,58.764068603515625,-8443.06640625,3126.606689453125,3192.313720703125,-5242.619140625,0.027167266234755516,-0.027653614059090614,18.23259925842285,-0.08693412691354752,-0.012426107190549374,0.006245460826903582,0.012113457545638084,-0.03672933205962181,-0.044877003878355026,-0.00027292955201119184,-0.24501252174377441,-0.1976471245288849,0.03863902390003204,0.22898462414741516,-0.8374467492103577,0.6582199335098267,-0.313193142414093,0.5133499503135681,-0.8767978549003601,3.0,0.378100723028183,0.9149437546730042,0.6960391998291016,4230.20361328125,-2057.72021484375,-3319.53125,-3550.3125,-641.03662109375,-1766.1717529296875,889.5130615234375,1351.77685546875,-7.878037452697754,1.3449273109436035
85.48977661132812,-0.008561937138438225,0.02693825587630272,18.221485137939453,-0.012658264487981796,5.008094012737274e-05,-0.047078937292099,34.96921157836914,55.10673141479492,58.91466522216797,57.76939010620117,-8635.5595703125,4152.55810546875,2347.5927734375,-4740.53759765625,5.008094012737274e-05,-0.0276329442858696,18.22148895263672,-0.08938425034284592,-0.014402578584849834,0.0066318511962890625,0.01440330408513546,-0.04510379955172539,-0.038294803351163864,-0.0034048608504235744,-0.25179019570350647,-0.2302563488483429,0.04423094913363457,0.22017616033554077,-0.8229328393936157,0.7149828672409058,-0.4132356345653534,0.5231093168258667,-0.6701472997665405,3.0,0.18949301540851593,0.7064390182495117,0.5258511900901794,4168.34375,270.0474548339844,-3403.621337890625,-2971.32861328125,-656.8052978515625,-1358.2130126953125,1254.234130859375,1700.716552734375,-4.291794776916504,0.5728771686553955
85.67198944091797,-0.008688519708812237,0.026938756927847862,18.223922729492188,-0.003665003925561905,-0.03744269162416458,-0.04940303415060043,34.924678802490234,54.1064567565918,57.387393951416016,57.07236099243164,-8668.51171875,5114.83740234375,1721.5721435546875,-4246.865234375,-0.03744269162416458,-0.02713986672461033,18.223922729492188,-0.09190215170383453,-0.016705142334103584,0.007074160501360893,0.016605066135525703,-0.05333312600851059,-0.031144974753260612,-0.007537216879427433,-0.252750426530838,-0.1916288584470749,0.04770568385720253,0.10363435745239258,-0.6439013481140137,0.5568064451217651,-0.4247560203075409,0.5398135781288147,-0.4310230314731598,3.0,0.2822636663913727,0.4640396535396576,0.3902466595172882,4061.660888671875,1672.42236328125,-2737.724853515625,-2440.61669921875,-864.291015625,-1164.299072265625,1491.9415283203125,1905.03955078125,3.221210479736328,0.09272885322570801
85.8542251586914,-0.00872517004609108,0.026564329862594604,18.236190795898438,0.0030400422401726246,-0.06835465878248215,-0.054966967552900314,33.818885803222656,54.27526092529297,55.85457992553711,56.852020263671875,-8483.1015625,5748.17724609375,1388.2425537109375,-4029.115966796875,-0.06835465878248215,-0.026397626847028732,18.236190795898438,-0.09442965686321259,-0.018621431663632393,0.0075512174516916275,0.01764141023159027,-0.05977214127779007,-0.025576910004019737,-0.011784777045249939,-0.24938392639160156,-0.17091789841651917,0.035017915070056915,-0.1072472333908081,-0.32622262835502625,0.21724209189414978,-0.2776334285736084,0.5740466713905334,-0.2665785253047943,3.0,0.30171871185302734,0.24593916535377502,0.3247004747390747,3740.5869140625,1534.3505859375,-968.1015625,-1951.9141845703125,-973.0955200195312,-1234.3360595703125,1358.4541015625,1696.402587890625,3.209348678588867,-1.4850081205368042
86.03659057617188,-0.008694769814610481,0.025880783796310425,18.256685256958008,0.009305408224463463,-0.0860527902841568,-0.058636996895074844,32.92504119873047,54.856781005859375,54.40721893310547,56.80610275268555,-8418.3583984375,6058.1962890625,1122.919189453125,-3891.0634765625,-0.0860527902841568,-0.025371085852384567,18.256685256958008,-0.09692349284887314,-0.020330609753727913,0.007901396602392197,0.01656893827021122,-0.06303437054157257,-0.02340448834002018,-0.014561111107468605,-0.2446698546409607,-0.12339693307876587,0.010732484981417656,-0.23519448935985565,0.017231225967407227,-0.12301397323608398,-0.0640861839056015,0.6189690232276917,-0.2358548492193222,3.0,0.2830350697040558,0.21827194094657898,0.28893062472343445,3724.362548828125,743.6636962890625,1382.082763671875,-1954.1558837890625,-796.4932861328125,-1565.0341796875,1330.9127197265625,1748.21875,6.249588966369629,-2.6048154830932617
86.21915435791016,-0.008601715788245201,0.025020256638526917,18.273452758789062,0.013091379776597023,-0.09482355415821075,-0.06858754903078079,32.2872428894043,55.9068489074707,53.79673385620117,57.17377471923828,-8438.4755859375,5908.2138671875,942.2122802734375,-3830.64111328125,-0.09482355415821075,-0.024303842335939407,18.27345848083496,-0.09937018901109695,-0.021564578637480736,0.00800872128456831,0.014216993004083633,-0.06286206096410751,-0.024634627625346184,-0.015201972797513008,-0.24054090678691864,-0.05970393866300583,-0.019081195816397667,-0.2100243866443634,0.32869213819503784,-0.3290649652481079,0.11815926432609558,0.6538324356079102,-0.3087235987186432,3.0,0.3633103370666504,0.28638508915901184,0.32152777910232544,3820.20947265625,-684.9067993164062,2107.421630859375,-2083.3662109375,-812.7425537109375,-1882.407958984375,1279.7113037109375,1748.385986328125,7.342077255249023,-3.1844322681427
86.40188598632812,-0.008470801636576653,0.02407202124595642,18.279836654663086,0.01564505510032177,-0.0922214463353157,-0.07465621083974838,31.729801177978516,57.19256591796875,53.71680450439453,57.70640563964844,-8547.0576171875,5309.69873046875,874.6227416992188,-3803.343017578125,-0.0922214463353157,-0.023216156288981438,18.279842376708984,-0.10177560150623322,-0.022161617875099182,0.007817909121513367,0.012116748839616776,-0.05957514047622681,-0.02792527712881565,-0.014020380564033985,-0.23769065737724304,0.03661459684371948,-0.05044471472501755,-0.05859208106994629,0.5710793137550354,-0.3583320081233978,0.19372040033340454,0.6512640714645386,-0.41790616512298584,3.0,0.5149558186531067,0.2973080575466156,0.3986634910106659,3720.60498046875,-1946.2491455078125,2059.980712890625,-2640.777099609375,-687.7572021484375,-1852.30517578125,1151.495849609375,1624.08203125,9.566808700561523,-3.3687872886657715
86.58468627929688,-0.008314350619912148,0.023149807006120682,18.272642135620117,0.015589974820613861,-0.08340548723936081,-0.07958339899778366,31.237388610839844,58.736045837402344,54.648338317871094,58.40718460083008,-8597.6083984375,4252.7734375,1082.1710205078125,-3881.625244140625,-0.08340548723936081,-0.022296620532870293,18.272647857666016,-0.10415250808000565,-0.021795472130179405,0.007313461974263191,0.011530827730894089,-0.05386434867978096,-0.03150859847664833,-0.012083176523447037,-0.23602533340454102,0.11468783766031265,-0.06708623468875885,0.08648878335952759,0.757506787776947,-0.30205509066581726,0.1752825230360031,0.5964552760124207,-0.516482412815094,3.0,0.7493916749954224,0.17751502990722656,0.5202564597129822,3886.93701171875,-3087.25341796875,763.8247680664062,-2864.440185546875,-671.6133422851562,-1729.766357421875,1155.6842041015625,1168.942138671875,7.488006591796875,-2.0155189037323
86.76741027832031,-0.008158450946211815,0.022315751761198044,18.249351501464844,0.016293540596961975,-0.06753326207399368,-0.07674162089824677,30.92531394958496,60.210121154785156,56.04645919799805,59.060829162597656,-8595.1826171875,3043.63427734375,1442.286865234375,-4085.206787109375,-0.06753326207399368,-0.021422922611236572,18.249361038208008,-0.10651276260614395,-0.020648593083024025,0.0066425995901227,0.012395715340971947,-0.04628928005695343,-0.034529149532318115,-0.010330351069569588,-0.23617486655712128,0.20520350337028503,-0.08233212679624557,0.13145869970321655,0.8284330368041992,-0.2302650511264801,0.1193850040435791,0.499355286359787,-0.5870108604431152,3.0,0.9724178314208984,0.2252531498670578,0.6505614519119263,4206.76123046875,-3785.3212890625,-1351.15234375,-3253.568359375,-469.99371337890625,-1204.139404296875,1039.45458984375,811.3785400390625,8.529576301574707,-1.6136322021484375
86.94990539550781,-0.007995515130460262,0.021640419960021973,18.214059829711914,0.015442726202309132,-0.054973702877759933,-0.07637680321931839,30.25658416748047,61.56223678588867,57.870418548583984,59.63331604003906,-8375.65625,1629.1231689453125,2102.641845703125,-4458.89501953125,-0.054973702877759933,-0.020792575553059578,18.214065551757812,-0.10887451469898224,-0.018596557900309563,0.0058192783035337925,0.01371030230075121,-0.03800494968891144,-0.036831799894571304,-0.009136500768363476,-0.23905165493488312,0.224453404545784,-0.08056347817182541,0.012869589030742645,0.8269503712654114,-0.25440654158592224,0.10283555090427399,0.3945655822753906,-0.6448266506195068,3.0,1.2135127782821655,0.5219833254814148,0.7740399837493896,4150.55322265625,-4255.48193359375,-2953.9111328125,-3237.014404296875,-728.6242065429688,-910.415771484375,741.5966796875,855.4327392578125,2.414381742477417,0.2036876678466797
87.13204956054688,-0.007841087877750397,0.021090682595968246,18.175453186035156,0.011462349444627762,-0.04033543914556503,-0.0710984468460083,29.751914978027344,62.24754333496094,59.083744049072266,59.90890884399414,-8140.48095703125,420.7218322753906,2712.7939453125,-4837.158203125,-0.04033543914556503,-0.020460031926631927,18.175457000732422,-0.11126503348350525,-0.01635202392935753,0.005013643763959408,0.013838998042047024,-0.029735445976257324,-0.03937586396932602,-0.00810814555734396,-0.2461187094449997,0.19181478023529053,-0.06492558121681213,-0.16535887122154236,0.6896243095397949,-0.31259164214134216,0.11839750409126282,0.3219534754753113,-0.7049408555030823,3.0,1.33720862865448,0.7452346086502075,0.8512812852859497,4093.69873046875,-4462.3134765625,-3306.395751953125,-3184.56640625,-814.3303833007812,-887.0387573242188,562.668212890625,594.7100830078125,-2.2343204021453857,1.7791122198104858
87.31380462646484,-0.007726464420557022,0.020687328651547432,18.13644027709961,0.009709891863167286,-0.019543875008821487,-0.06366351991891861,29.923564910888672,62.400856018066406,60.078636169433594,59.98713684082031,-7970.7119140625,-357.5076904296875,3054.20361328125,-5172.98388671875,-0.019543875008821487,-0.020151948556303978,18.136442184448242,-0.11372622102499008,-0.014433875679969788,0.004364388063549995,0.012185409665107727,-0.022839203476905823,-0.0425017811357975,-0.006924170535057783,-0.25836291909217834,0.1795913726091385,-0.04460266977548599,-0.2730616331100464,0.3877473771572113,-0.29232168197631836,0.13551214337348938,0.32571080327033997,-0.766498327255249,3.0,1.3752011060714722,0.9324617385864258,0.898871660232544,4085.086669921875,-4687.634765625,-3268.729248046875,-3030.452392578125,-514.054443359375,-654.4384155273438,600.3126831054688,425.9543151855469,-0.9073390960693359,2.516674041748047
87.49517059326172,-0.007629365660250187,0.020491890609264374,18.09410285949707,0.005503981839865446,-0.002459680661559105,-0.0679260790348053,30.264028549194336,62.62364196777344,61.25975036621094,60.06529998779297,-7622.2216796875,-956.1298828125,3270.279296875,-5558.21630859375,-0.002459680661559105,-0.020187703892588615,18.094104766845703,-0.11630985140800476,-0.012637961655855179,0.003918361384421587,0.00945479329675436,-0.018961729481816292,-0.04542499780654907,-0.005569049157202244,-0.2749008238315582,0.14193515479564667,-0.03397645801305771,-0.32289400696754456,0.07337188720703125,-0.1925944685935974,0.1619161069393158,0.44718265533447266,-0.8299755454063416,3.0,1.464573860168457,1.1571156978607178,0.9471500515937805,3903.19384765625,-4583.29931640625,-3594.053466796875,-3216.461181640625,-781.6793212890625,-682.671630859375,350.0662841796875,572.4072265625,-3.667067050933838,1.7798631191253662
87.67610931396484,-0.007574325893074274,0.02046729438006878,18.05162811279297,-0.0008560428395867348,0.018031401559710503,-0.06479456275701523,30.325429916381836,62.896263122558594,61.39779281616211,60.045387268066406,-7284.9326171875,-1407.5281982421875,3371.8564453125,-5771.39404296875,0.018031401559710503,-0.02051471546292305,18.05162811279297,-0.11905886232852936,-0.011218610219657421,0.0035785967484116554,0.006225853227078915,-0.018228011205792427,-0.047350943088531494,-0.003949888050556183,-0.29339149594306946,0.10570041835308075,-0.028496555984020233,-0.28718867897987366,-0.12492962181568146,-0.04907776415348053,0.132399320602417,0.6495286226272583,-0.8833017945289612,3.0,1.5391629934310913,1.2000652551651,0.9815990328788757,4062.2216796875,-4826.6015625,-3370.487060546875,-3378.4111328125,-825.4111328125,-832.9403076171875,343.2352600097656,425.3311767578125,-3.662419080734253,1.0472192764282227
87.85662841796875,-0.007582886144518852,0.020647607743740082,18.011682510375977,-0.0063596139661967754,0.042275626212358475,-0.05960413068532944,30.430959701538086,63.11573028564453,61.46651077270508,59.93704605102539,-6942.205078125,-1820.8089599609375,3437.90966796875,-5848.62451171875,0.042275626212358475,-0.021000688895583153,18.011682510375977,-0.12199277430772781,-0.010161605663597584,0.0032936311326920986,0.003353966400027275,-0.01947730779647827,-0.047841720283031464,-0.002625894732773304,-0.3111898899078369,0.07643400877714157,0.0026428736746311188,-0.20263776183128357,-0.1351037621498108,0.06574753671884537,0.03720317780971527,0.8356817960739136,-0.905549943447113,3.0,1.6008877754211426,1.2287702560424805,1.0024347305297852,4242.24658203125,-4892.3525390625,-3191.4541015625,-3214.007080078125,-528.924072265625,-905.0894165039062,238.97964477539062,463.52813720703125,-2.768641471862793,2.8340654373168945
88.0367431640625,-0.007646482437849045,0.021070364862680435,17.97211265563965,-0.012230215594172478,0.0682440996170044,-0.060417525470256805,30.997905731201172,63.37798309326172,62.155479431152344,59.679725646972656,-6479.55126953125,-2050.942626953125,3308.2724609375,-6041.6005859375,0.0682440996170044,-0.02175087295472622,17.972116470336914,-0.12510466575622559,-0.009397265501320362,0.003320059971883893,0.0013275889214128256,-0.02082834579050541,-0.04718424379825592,-0.0022538630291819572,-0.32696300745010376,0.030580542981624603,0.031918130815029144,-0.17017590999603271,-0.05144098401069641,0.1554754078388214,-0.02676868438720703,0.9951781034469604,-0.8987213969230652,3.0,1.6894159317016602,1.3655612468719482,0.9997233748435974,4425.00341796875,-5042.26513671875,-3125.734375,-3242.826416015625,-584.1900024414062,-886.134521484375,129.3277587890625,565.57275390625,-3.807345390319824,2.567436933517456
88.21646118164062,-0.007768784649670124,0.02175280638039112,17.931150436401367,-0.02046625129878521,0.09239977598190308,-0.06177354231476784,31.898284912109375,63.34651184082031,62.73781204223633,59.14508056640625,-6055.4853515625,-2037.7781982421875,2972.572021484375,-6240.31298828125,0.09239977598190308,-0.022894185036420822,17.931163787841797,-0.12837429344654083,-0.009091460146009922,0.0036392412148416042,-0.0003741701366379857,-0.02134275622665882,-0.04562949016690254,-0.002521549817174673,-0.3402351140975952,-0.03562064468860626,0.04195065423846245,-0.18121960759162903,-0.006153997033834457,0.23248040676116943,-0.036544978618621826,0.8500734567642212,-0.8802252411842346,3.0,1.7276296615600586,1.4863325357437134,0.9512524604797363,4468.09326171875,-5190.7265625,-3094.25634765625,-3424.828369140625,-757.6591186523438,-1119.728515625,43.20709228515625,677.0599975585938,-5.520520210266113,1.0107414722442627
88.3957748413086,-0.007973447442054749,0.022676803171634674,17.888507843017578,-0.028438160195946693,0.10984572768211365,-0.0592452809214592,32.79102325439453,62.05992889404297,63.67753601074219,58.028892517089844,-6003.61083984375,-1496.7109375,2467.69970703125,-6143.88818359375,0.10984572768211365,-0.024266546592116356,17.88852882385254,-0.13177664577960968,-0.009447666816413403,0.004058747552335262,-0.0021863661240786314,-0.021404296159744263,-0.0433046855032444,-0.0028869996313005686,-0.3495253324508667,-0.07566462457180023,0.043898724019527435,-0.11130961030721664,-0.14535334706306458,0.29837971925735474,-0.07641032338142395,0.7631891965866089,-0.8445848822593689,3.0,1.5318470001220703,1.6736526489257812,0.804972767829895,4431.00927734375,-5174.314453125,-3421.640625,-3394.43017578125,-794.884033203125,-1323.5054931640625,-24.6165771484375,1050.125,-3.9628090858459473,0.38578367233276367
88.57466125488281,-0.008257828652858734,0.023775260895490646,17.849279403686523,-0.034989163279533386,0.11910757422447205,-0.0543387234210968,33.32280731201172,60.104530334472656,63.85590362548828,56.6777229309082,-6057.81396484375,-817.1884155273438,1961.65771484375,-5985.26708984375,0.11910757422447205,-0.025735516101121902,17.849313735961914,-0.13527189195156097,-0.010204313322901726,0.00449773482978344,-0.003299462143331766,-0.022857829928398132,-0.04032088816165924,-0.0036511027719825506,-0.35559558868408203,-0.06977784633636475,0.05614294484257698,0.009932547807693481,-0.37864241003990173,0.315841406583786,-0.13298968970775604,0.7769933342933655,-0.781762421131134,3.0,1.2042016983032227,1.7292258739471436,0.6251001358032227,4450.70068359375,-5218.0087890625,-3580.753173828125,-2646.014892578125,-601.260498046875,-1626.99658203125,-145.3985595703125,1532.430419921875,-0.3411787748336792,1.2692725658416748
88.7531509399414,-0.008607720024883747,0.02496633678674698,17.81558609008789,-0.037621866911649704,0.12158593535423279,-0.050718095153570175,33.29529571533203,58.636592864990234,63.69817352294922,55.692317962646484,-5905.76904296875,-303.6505432128906,1549.67431640625,-6056.2705078125,0.12158593535423279,-0.02707807347178459,17.81562614440918,-0.138827845454216,-0.01090209186077118,0.0050591640174388885,-0.0032001365907490253,-0.026644254103302956,-0.037162475287914276,-0.004980999510735273,-0.36017829179763794,-0.10610777139663696,0.06278374046087265,0.03800224885344505,-0.511864185333252,0.25881168246269226,-0.1079593077301979,0.8254333138465881,-0.7176103591918945,3.0,0.9571570158004761,1.724805235862732,0.5121369957923889,4597.60888671875,-5003.759765625,-3781.469970703125,-1846.2900390625,-465.47686767578125,-1524.7032470703125,-86.3197021484375,1900.205322265625,-3.591939926147461,0.7574649453163147
88.93130493164062,-0.008983938954770565,0.02618219703435898,17.786405563354492,-0.041055500507354736,0.11319082230329514,-0.05175134539604187,33.56572341918945,57.44675827026367,63.18055725097656,54.9273567199707,-5856.32958984375,236.72032165527344,1054.5936279296875,-6049.58740234375,0.11319082230329514,-0.028490444645285606,17.78645133972168,-0.1424296349287033,-0.011963170021772385,0.005687001161277294,-0.002820114139467478,-0.03176289424300194,-0.03457435965538025,-0.006060592830181122,-0.3638472259044647,-0.09802470356225967,0.04825741425156593,0.019160345196723938,-0.5119004249572754,0.196016326546669,-0.05781754478812218,0.8601613640785217,-0.6719961762428284,3.0,0.7656747698783875,1.6584957838058472,0.4381089210510254,4530.935546875,-4440.35986328125,-4023.16015625,-1319.6016845703125,-350.7982177734375,-1957.43798828125,-128.72412109375,2118.3935546875,0.6665284037590027,-1.2387053966522217
89.10916900634766,-0.009394493885338306,0.02731410600244999,17.761171340942383,-0.04213269054889679,0.10030118376016617,-0.04432398080825806,33.12260437011719,56.54219436645508,62.406890869140625,54.411407470703125,-5812.62353515625,530.3090209960938,785.4786376953125,-6029.2353515625,0.10030118376016617,-0.029686281457543373,17.76122283935547,-0.14606811106204987,-0.012943416833877563,0.0061695752665400505,-0.002628510585054755,-0.03688189759850502,-0.032614197582006454,-0.006638768129050732,-0.3658467233181,-0.08348534256219864,0.04052281752228737,-0.025671668350696564,-0.32228386402130127,0.08896565437316895,-0.013814698904752731,0.8660473823547363,-0.651460587978363,3.0,0.5836597681045532,1.5459375381469727,0.3995645344257355,4374.34033203125,-3881.192626953125,-4243.93896484375,-786.2152709960938,-79.87106323242188,-1887.8104248046875,-170.073486328125,2211.382080078125,1.7753312587738037,-0.9674974083900452
89.28678131103516,-0.00981582049280405,0.02831711806356907,17.74073600769043,-0.03472011163830757,0.08248374611139297,-0.04098828136920929,32.461605072021484,55.86033248901367,61.86613464355469,54.110557556152344,-5785.2373046875,702.1170043945312,558.0899047851562,-6042.12841796875,0.08248374611139297,-0.030274199321866035,17.74077033996582,-0.14972658455371857,-0.013778270222246647,0.006574803497642279,-0.0028852273244410753,-0.040104735642671585,-0.03172454237937927,-0.006776914931833744,-0.36599087715148926,-0.09969097375869751,0.0264204703271389,-0.06735022366046906,-0.055012136697769165,-0.010483235120773315,0.015529293566942215,0.8455689549446106,-0.6536755561828613,3.0,0.4518320560455322,1.4709054231643677,0.3745920658111572,4163.0048828125,-3148.25732421875,-4145.923828125,-487.07965087890625,204.06903076171875,-1450.337158203125,225.5687255859375,2496.2412109375,-0.8961746692657471,-1.698366641998291
89.46418762207031,-0.010163021273911,0.029141955077648163,17.725757598876953,-0.03368014097213745,0.054301388561725616,-0.04942114278674126,32.32354736328125,55.17222595214844,61.19184875488281,53.755069732666016,-5962.353515625,860.9066772460938,226.15081787109375,-5855.984375,0.054301388561725616,-0.03104202263057232,17.725788116455078,-0.15338648855686188,-0.014775180257856846,0.006839008070528507,-0.0035587295424193144,-0.04065485671162605,-0.03182937577366829,-0.006621622014790773,-0.3643546402454376,-0.11097212135791779,0.0018940400332212448,-0.020377933979034424,0.1293102502822876,-0.02699560485780239,-0.03662063553929329,0.8289467692375183,-0.6456917524337769,3.0,0.36523768305778503,1.3724923133850098,0.3466058373451233,3999.2490234375,-2429.136474609375,-4072.471923828125,-109.28242492675781,-98.27841186523438,-2008.448486328125,186.3931884765625,2265.5966796875,-1.3897905349731445,-2.646082878112793
89.64144897460938,-0.010499822907149792,0.029684968292713165,17.715503692626953,-0.023735953494906425,0.027864854782819748,-0.03738240897655487,32.11040496826172,54.4327507019043,59.978607177734375,53.33399200439453,-6372.5107421875,913.0584716796875,-93.9651107788086,-5515.033203125,0.027864854782819748,-0.031024808064103127,17.71552085876465,-0.15703003108501434,-0.015884902328252792,0.006857948377728462,-0.003762508975341916,-0.039361752569675446,-0.03209933266043663,-0.0069878282956779,-0.3618881404399872,-0.14412637054920197,-0.0010012965649366379,0.1346784085035324,0.18472076952457428,0.024249078705906868,-0.16942021250724792,0.8648414015769958,-0.5888842940330505,3.0,0.17038267850875854,1.1744029521942139,0.32670700550079346,3767.806396484375,-1593.04296875,-4172.8701171875,308.20947265625,211.42807006835938,-1062.17822265625,311.74609375,2324.117919921875,-4.180049896240234,-0.7166197896003723
89.818603515625,-0.010737182572484016,0.029963616281747818,17.719194412231445,-0.017171718180179596,-0.016629114747047424,-0.04861077293753624,32.52698516845703,53.458290100097656,59.097007751464844,52.947265625,-6860.95068359375,1050.87255859375,-582.8643798828125,-5068.1875,-0.016629114747047424,-0.030932718887925148,17.719202041625977,-0.160648912191391,-0.017326166853308678,0.006847935263067484,-0.002415725030004978,-0.037514545023441315,-0.03185684233903885,-0.008682030253112316,-0.35914313793182373,-0.19577457010746002,0.015111725777387619,0.30755430459976196,0.071007639169693,0.15888231992721558,-0.3240671753883362,0.9941189289093018,-0.46801674365997314,3.0,0.16602477431297302,1.029875636100769,0.3180975317955017,3788.31689453125,259.2623291015625,-4170.2255859375,1092.0576171875,-29.568359375,-1555.864501953125,518.2452392578125,2117.41796875,-7.040986061096191,1.3494986295700073
89.99579620361328,-0.010908899828791618,0.029797324910759926,17.73276138305664,-0.004095560871064663,-0.061730507761240005,-0.04033293202519417,33.34218978881836,52.76644515991211,57.0350341796875,52.779056549072266,-7398.69775390625,1348.99609375,-1272.480712890625,-4683.37451171875,-0.061730507761240005,-0.030028285458683968,17.73276138305664,-0.16424034535884857,-0.01928391307592392,0.006999052595347166,0.0006598180625587702,-0.03680446743965149,-0.030268019065260887,-0.011922702193260193,-0.35784363746643066,-0.2573453187942505,0.03812526911497116,0.41054993867874146,-0.1713152378797531,0.3556644320487976,-0.40383800864219666,0.8212242126464844,-0.2972607910633087,3.0,0.20912803709506989,0.6741461157798767,0.3105982840061188,3531.30126953125,1312.5931396484375,-3682.654296875,1598.7435302734375,16.41998291015625,-813.6263427734375,759.8755493164062,1943.896728515625,-8.14065933227539,2.4927468299865723
90.17312622070312,-0.010949855670332909,0.029180020093917847,17.765684127807617,0.007024053484201431,-0.1163172721862793,-0.04724922031164169,34.898460388183594,50.98448944091797,55.545143127441406,52.14533615112305,-7935.60205078125,2349.033447265625,-2310.457763671875,-4180.099609375,-0.1163172721862793,-0.028784647583961487,17.76568603515625,-0.16781878471374512,-0.0218573659658432,0.007380305323749781,0.004765317775309086,-0.03851762041449547,-0.026711374521255493,-0.01596108265221119,-0.3555369973182678,-0.2996789216995239,0.0547482967376709,0.40287870168685913,-0.5701382160186768,0.5925969481468201,-0.409258633852005,0.6920987963676453,-0.07836747169494629,3.0,0.5704930424690247,0.4103642404079437,0.39594343304634094,3228.82958984375,2899.921875,-2820.23876953125,2855.4326171875,-282.66046142578125,-718.0626220703125,666.1903686523438,1520.4246826171875,-6.769613265991211,2.5809428691864014
90.35078430175781,-0.01087961532175541,0.028016846626996994,17.83116912841797,0.020976556465029716,-0.1520739644765854,-0.04051470011472702,36.39045715332031,49.604434967041016,52.74760055541992,51.475120544433594,-8351.556640625,3639.912109375,-3509.0322265625,-3704.058349609375,-0.1520739644765854,-0.02684045024216175,17.831180572509766,-0.1713741570711136,-0.024854155257344246,0.00792778842151165,0.008794104680418968,-0.0442190021276474,-0.020785406231880188,-0.020053669810295105,-0.35230371356010437,-0.3430260717868805,0.08616766333580017,0.28129515051841736,-0.9446382522583008,0.7777284383773804,-0.34257379174232483,0.6494377851486206,0.20413699746131897,3.0,0.8584017157554626,0.21661417186260223,0.5366197228431702,3111.980224609375,3010.81201171875,1826.6917724609375,4138.9921875,-325.323974609375,-234.42593383789062,606.7135620117188,1316.4473876953125,-5.87156867980957,4.236997604370117
90.52909851074219,-0.010669849812984467,0.026496106758713722,17.914289474487305,0.026572521775960922,-0.1826084852218628,-0.05311723053455353,38.60697937011719,49.34873580932617,50.80866622924805,51.22463607788086,-8515.0341796875,5123.416015625,-4939.26953125,-3418.221435546875,-0.1826084852218628,-0.025012793019413948,17.914308547973633,-0.1748971939086914,-0.02828441560268402,0.008789464831352234,0.011607056483626366,-0.05366538465023041,-0.013008121401071548,-0.023479407653212547,-0.34880366921424866,-0.294838547706604,0.1123785674571991,0.06613317131996155,-1.157618761062622,0.8910886645317078,-0.19965794682502747,0.6748700737953186,0.5958726406097412,2.7512664794921875,0.9651365280151367,0.5540563464164734,0.6252761483192444,3033.5244140625,3005.57080078125,4291.06005859375,4742.25732421875,-647.9530029296875,-838.4166259765625,315.70013427734375,1124.550537109375,3.406736373901367,3.744490146636963
90.70824432373047,-0.010404124855995178,0.02467002160847187,17.998668670654297,0.03206746652722359,-0.19873426854610443,-0.04604614898562431,40.523101806640625,51.10402297973633,49.740657806396484,51.911155700683594,-8204.90625,6311.73974609375,-6239.3955078125,-3550.671875,-0.19873426854610443,-0.022888366132974625,17.998699188232422,-0.17838522791862488,-0.031232800334692,0.009913250803947449,0.012268388643860817,-0.06524157524108887,-0.0040972353890538216,-0.025475986301898956,-0.34524810314178467,-0.2348952740430832,0.11191197484731674,-0.24952825903892517,-1.0284051895141602,0.8379818797111511,0.05162861943244934,0.7505282163619995,0.8395954370498657,2.434096336364746,0.697920024394989,0.7766521573066711,0.5494136810302734,3173.68798828125,2524.17919921875,4887.05712890625,4680.328125,-525.9501953125,-523.3142700195312,227.23541259765625,859.1866455078125,6.495441436767578,0.9584852457046509
90.88822937011719,-0.010083450004458427,0.02268267795443535,18.066560745239258,0.03256605565547943,-0.20193025469779968,-0.04570739343762398,41.96720886230469,53.62532043457031,49.93153762817383,53.66763687133789,-7690.4638671875,6927.90478515625,-7144.92138671875,-3930.748046875,-0.20193025469779968,-0.020880119875073433,18.06658935546875,-0.18183770775794983,-0.033581752330064774,0.01103237085044384,0.009773106314241886,-0.07552562654018402,0.004282583482563496,-0.02495970018208027,-0.3414168059825897,-0.1406293511390686,0.07887334376573563,-0.5173560380935669,-0.5382738709449768,0.5707147121429443,0.3178904354572296,0.8620820045471191,0.4500086009502411,2.2029130458831787,0.2991299331188202,0.7738956212997437,0.2763710021972656,3349.5966796875,1629.1317138671875,4761.65380859375,2747.65380859375,-725.5990600585938,-832.4959716796875,216.41522216796875,670.5009155273438,11.335418701171875,-2.830618381500244
91.06889343261719,-0.00975778978317976,0.020663375034928322,18.091596603393555,0.03251080587506294,-0.170547217130661,-0.03997013717889786,40.306488037109375,56.68592834472656,49.87802505493164,56.64497756958008,-7536.84716796875,6505.978515625,-7193.47998046875,-4715.7578125,-0.170547217130661,-0.018866365775465965,18.091625213623047,-0.1852518767118454,-0.03498804569244385,0.01182110421359539,0.004599546082317829,-0.08090836554765701,0.009989731013774872,-0.021780796349048615,-0.3412402272224426,-0.03697768598794937,0.032428957521915436,-0.508316159248352,0.26276272535324097,0.04166048765182495,0.5514295101165771,0.980252742767334,0.26274093985557556,2.518306016921997,0.26345762610435486,0.8088056445121765,0.25520238280296326,4142.08544921875,-1904.194580078125,4012.281005859375,-1818.0067138671875,-835.207763671875,-884.0657958984375,410.8912658691406,883.822265625,13.946425437927246,-5.646889686584473
91.24980926513672,-0.00943268183618784,0.01895790360867977,18.0948429107666,0.03173820674419403,-0.12506714463233948,-0.043003033846616745,40.29967498779297,58.8117790222168,51.444725036621094,57.95344161987305,-7378.5166015625,5324.04833984375,-6780.408203125,-5576.9404296875,-0.12506714463233948,-0.017203914001584053,18.09486961364746,-0.1886642724275589,-0.035357821732759476,0.012145393528044224,-0.00048361532390117645,-0.0782807394862175,0.010406335815787315,-0.01626650243997574,-0.3439183533191681,0.0800940990447998,-0.02036982774734497,-0.2865366041660309,1.0828986167907715,-0.5609074234962463,0.6559820771217346,0.9276663661003113,0.2933465242385864,2.5371105670928955,0.6648485660552979,0.5526169538497925,0.5027604699134827,4366.90478515625,-3840.097900390625,3179.234130859375,-3176.135986328125,-701.060791015625,-832.447021484375,553.555908203125,716.9434814453125,15.235344886779785,-7.0983991622924805
91.43075561523438,-0.009115300141274929,0.017707232385873795,18.07194709777832,0.03136124461889267,-0.10332907736301422,-0.04737304151058197,41.47129821777344,61.25202560424805,55.01132583618164,58.40745544433594,-7156.69580078125,3651.474853515625,-6304.35693359375,-6224.796875,-0.10332907736301422,-0.015971878543496132,18.071975708007812,-0.19210346043109894,-0.034556880593299866,0.011941695585846901,-0.003348981263116002,-0.06745175272226334,0.0047972616739571095,-0.009706681594252586,-0.34958168864250183,0.1788671910762787,-0.08552871644496918,-0.03599482774734497,1.6133348941802979,-0.9560540914535522,0.5547746419906616,0.877263069152832,0.4006466567516327,2.3311052322387695,1.124593734741211,0.11700909584760666,0.6048651337623596,4507.48681640625,-4559.8974609375,-1043.481201171875,-3015.82421875,-774.63134765625,-1035.550048828125,883.8711547851562,834.863037109375,11.464632034301758,-7.997142791748047
91.6114730834961,-0.008801687508821487,0.016673941165208817,18.035436630249023,0.0368322990834713,-0.07766731083393097,-0.03582336753606796,41.421871185302734,63.955684661865234,57.47216796875,58.57249450683594,-7103.78564453125,1692.044189453125,-5649.34130859375,-6618.8564453125,-0.07766731083393097,-0.0146317258477211,18.03547477722168,-0.1955992728471756,-0.03276820853352547,0.01108640804886818,-0.0037089295219630003,-0.05131840333342552,-0.004763278644531965,-0.004158935509622097,-0.3602922558784485,0.28227919340133667,-0.16693228483200073,0.1540069729089737,1.7095673084259033,-1.0355931520462036,0.26499804854393005,0.8755739331245422,-0.7045983076095581,2.327709913253784,1.6192677021026611,0.5425421595573425,0.6665278077125549,4937.4111328125,-4961.87158203125,-3200.48291015625,-3265.09228515625,-380.021240234375,-357.37603759765625,696.546630859375,1014.101318359375,9.954814910888672,-8.57429027557373
91.79182434082031,-0.00843336433172226,0.015897268429398537,18.000267028808594,0.05436831712722778,-0.040550876408815384,0.005725502967834473,38.80448913574219,66.11434936523438,56.39201736450195,59.07058334350586,-7574.24560546875,-1114.4605712890625,-4614.67431640625,-7180.4736328125,-0.040550876408815384,-0.012876860797405243,18.000347137451172,-0.19920219480991364,-0.029945416375994682,0.009417084977030754,-0.0021688598208129406,-0.03422272950410843,-0.015119209885597229,-0.0015089551452547312,-0.3864174485206604,0.34145569801330566,-0.20639747381210327,0.33061647415161133,1.6386700868606567,-0.9190033078193665,-0.010792762041091919,0.9720579385757446,-0.8652719855308533,2.7938392162323,2.04941987991333,0.3593236207962036,0.7922390103340149,4695.962890625,-4784.3759765625,-2498.17431640625,-3606.5302734375,402.68609619140625,431.9913330078125,1063.2833251953125,1210.12353515625,5.271202087402344,-4.2133989334106445
91.9718246459961,-0.007889681495726109,0.015491759404540062,17.958759307861328,0.06437072902917862,-0.0107040423899889,-0.005228772293776274,38.787654876708984,68.03829956054688,58.37131118774414,58.605106353759766,-7534.22216796875,-3520.86376953125,-3319.7890625,-7281.22119140625,-0.0107040423899889,-0.011907410807907581,17.958873748779297,-0.2030663639307022,-0.026530859991908073,0.007353110238909721,0.0011373048182576895,-0.017836028710007668,-0.024309244006872177,-0.001616882742382586,-0.4169080853462219,0.29728516936302185,-0.23086613416671753,0.26038897037506104,1.339179515838623,-0.7387503981590271,-0.24133501946926117,0.4320699870586395,-0.7940368056297302,2.784047842025757,2.4227969646453857,0.717831552028656,0.7493314743041992,4954.5,-5051.6025390625,-3573.643310546875,-3662.81689453125,-93.64884948730469,18.09124755859375,837.04443359375,1096.4727783203125,-4.501446723937988,-1.911625862121582
92.15141296386719,-0.007245974149554968,0.015384718775749207,17.919836044311523,0.06187935546040535,-0.001974056474864483,-0.06569063663482666,40.36991882324219,68.39195251464844,62.49569320678711,57.16645812988281,-7926.18310546875,-4367.388671875,-2755.844970703125,-6343.83642578125,-0.001974056474864483,-0.01193161215633154,17.91994285583496,-0.2072354406118393,-0.023558007553219795,0.005044449120759964,0.0037411944940686226,-0.004444234073162079,-0.03169674798846245,-0.004030232783406973,-0.44598129391670227,0.2487245500087738,-0.22173748910427094,0.16263018548488617,0.5924217104911804,-0.40511181950569153,-0.5752957463264465,-0.9995682239532471,-0.6125838756561279,2.5318849086761475,2.5860962867736816,1.4696804285049438,0.5239527821540833,4998.638671875,-4880.55322265625,-3965.320556640625,-3081.759765625,-1457.3116455078125,-629.4786987304688,727.112060546875,1046.248291015625,-7.208413600921631,2.029339551925659
92.33061218261719,-0.006627180613577366,0.015364978462457657,17.90382957458496,0.033835992217063904,-0.07251680642366409,-0.187629833817482,48.2366943359375,69.57156372070312,65.1297607421875,49.61236572265625,-7214.767578125,-3330.493896484375,-4895.52587890625,-5111.32470703125,-0.07251680642366409,-0.013475106097757816,17.90386199951172,-0.21169525384902954,-0.02107076160609722,0.0028270743787288666,0.00536749605089426,0.001479982864111662,-0.035747867077589035,-0.009783189743757248,-0.4743169844150543,0.2389340102672577,-0.22564807534217834,-0.194519504904747,-0.5964277386665344,0.507969856262207,-0.8849306106567383,-0.132627934217453,-0.3208950161933899,1.889715313911438,3.0,1.9842778444290161,0.8605712056159973,2005.392578125,-4217.27001953125,-4334.03125,3701.919921875,-4631.50537109375,-1670.159912109375,596.0046997070312,604.7208251953125,-7.840426921844482,3.203073740005493
92.50965118408203,-0.006288820877671242,0.014639810658991337,17.88517189025879,0.035926662385463715,-0.06622062623500824,-0.0334102064371109,43.277828216552734,68.13323211669922,59.84080505371094,54.0280647277832,-7356.36376953125,-4188.28662109375,-3946.41064453125,-4794.14599609375,-0.06622062623500824,-0.012631073594093323,17.885208129882812,-0.216438427567482,-0.018681421875953674,0.0005705936346203089,0.0034223010297864676,-0.004484294448047876,-0.030668169260025024,-0.018632495775818825,-0.5071537494659424,0.15308625996112823,-0.17166920006275177,-0.3536672592163086,-1.0063512325286865,0.7483459711074829,-0.8168603181838989,0.87973552942276,-0.005954559426754713,1.9371287822723389,2.4636423587799072,1.0446926355361938,0.0912974551320076,5276.5732421875,-4717.40966796875,-4076.919921875,142.33248901367188,-908.365478515625,-99.73532104492188,525.7982788085938,805.3189086914062,-9.369889259338379,6.601961612701416
92.6884994506836,-0.005929554346948862,0.013977603986859322,17.850906372070312,0.049134377390146255,-0.028482705354690552,0.010210733860731125,40.382957458496094,67.48217010498047,59.33740997314453,56.959510803222656,-6963.4580078125,-4798.3544921875,-1600.6319580078125,-5482.626953125,-0.028482705354690552,-0.011225124821066856,17.850975036621094,-0.22150996327400208,-0.017150558531284332,-0.0011460983660072088,-0.00011437153443694115,-0.014547806233167648,-0.02318470925092697,-0.02680109813809395,-0.5310807824134827,-0.046577274799346924,-0.07921148836612701,-0.4139339327812195,-0.7029973268508911,0.05094921588897705,-0.24180006980895996,0.7205734848976135,0.11303631216287613,2.458451986312866,2.399641990661621,0.9582983255386353,0.5090540051460266,5321.27734375,-4735.9970703125,-3542.363525390625,-3136.708251953125,103.49884033203125,679.2801513671875,676.37890625,910.91162109375,-13.942359924316406,8.070008277893066
92.86701202392578,-0.005438210442662239,0.013692776672542095,17.81670379638672,0.044666461646556854,-0.0219134371727705,-0.06948918104171753,43.26300811767578,65.89317321777344,63.34440231323242,56.194820404052734,-7251.07080078125,-3669.241943359375,-1305.862548828125,-5172.7802734375,-0.0219134371727705,-0.01118578389286995,17.81675910949707,-0.22682076692581177,-0.017616331577301025,-0.001938213245011866,-0.004253710620105267,-0.021577779203653336,-0.02267521619796753,-0.029219098389148712,-0.542851984500885,-0.14347079396247864,-0.005596354603767395,-0.1788133680820465,-0.4938657879829407,-0.5648592710494995,0.2380041778087616,0.6376017332077026,0.009612618014216423,1.9848264455795288,2.2148561477661133,1.6948521137237549,0.3975391387939453,5065.6845703125,-4934.0888671875,-3813.912109375,-2439.582763671875,-1926.240966796875,-375.4569396972656,470.5976257324219,1134.74560546875,-6.132929801940918,5.862374305725098
93.04518127441406,-0.004991545807570219,0.01347364205867052,17.78837776184082,0.036027710884809494,-0.023722350597381592,-0.0727701187133789,44.547237396240234,63.32183837890625,62.442298889160156,54.79545593261719,-7667.52880859375,-2438.93359375,-2105.5673828125,-4862.61474609375,-0.023722350597381592,-0.01144829299300909,17.78841209411621,-0.23224928975105286,-0.019051039591431618,-0.0019941767677664757,-0.006041844375431538,-0.026516437530517578,-0.028323808684945107,-0.026839056983590126,-0.5481153726577759,-0.1683839112520218,0.04170806333422661,0.17743021249771118,-0.46164411306381226,-0.5880427360534668,0.4233161211013794,0.728386640548706,-0.16081936657428741,1.7586215734481812,1.7976689338684082,1.5517562627792358,0.17669343948364258,4850.70166015625,-4973.0107421875,-3901.7001953125,-1083.624755859375,-2068.23974609375,-643.4678344726562,226.0919189453125,1053.1021728515625,-2.206173896789551,3.9124703407287598
93.22306823730469,-0.0046312687918543816,0.01323641836643219,17.76519775390625,0.03254401683807373,-0.02448439784348011,-0.05295917019248009,44.342620849609375,60.62932205200195,60.81300735473633,53.813201904296875,-7791.03466796875,-1652.973876953125,-3081.0224609375,-4887.9892578125,-0.02448439784348011,-0.011404523625969887,17.765228271484375,-0.23773044347763062,-0.020734878256917,-0.0015770961763337255,-0.004267542157322168,-0.031132878735661507,-0.034204237163066864,-0.02260589599609375,-0.5487647652626038,-0.12233157455921173,0.058202147483825684,0.3577938377857208,-0.4439981281757355,-0.09395170211791992,0.35832643508911133,0.9121096730232239,-0.27341166138648987,1.7383463382720947,1.2798395156860352,1.2734471559524536,0.09232763200998306,4859.798828125,-4861.02197265625,-4070.770751953125,-116.32282257080078,-1312.173095703125,-561.3575439453125,461.57598876953125,842.6339111328125,2.816884994506836,1.8427304029464722
93.40071868896484,-0.004305828828364611,0.012991574592888355,17.741960525512695,0.033078983426094055,-0.012236353009939194,-0.03754452243447304,43.409461975097656,59.82912063598633,59.696678161621094,53.65039825439453,-7554.8330078125,-1604.9324951171875,-3656.068359375,-5320.330078125,-0.012236353009939194,-0.011127127334475517,17.74199104309082,-0.2432180941104889,-0.02195819467306137,-0.0009950746316462755,-0.0006896038539707661,-0.03557286038994789,-0.03514375537633896,-0.019022632390260696,-0.5461215376853943,-0.0634198933839798,0.07397356629371643,0.20877023041248322,-0.22764278948307037,0.466924786567688,0.2168620377779007,0.9540746808052063,-0.2905023694038391,1.8776448965072632,1.1193599700927734,1.081464409828186,0.10142099857330322,4744.18408203125,-4912.73828125,-3958.3271484375,-103.86988830566406,-578.2005004882812,-195.413330078125,281.3629150390625,647.12890625,4.9509429931640625,2.008450746536255
93.57814025878906,-0.003975038882344961,0.012869210913777351,17.71633529663086,0.02947814390063286,-0.0004018917679786682,-0.045684825628995895,42.84013366699219,60.407772064208984,60.07252883911133,53.749488830566406,-7084.892578125,-1847.16845703125,-4038.58349609375,-6016.0458984375,-0.0004018917679786682,-0.011205315589904785,17.716360092163086,-0.24867931008338928,-0.022592393681406975,-0.00025533896405249834,0.0013980984222143888,-0.03784928843379021,-0.030474508181214333,-0.01685401238501072,-0.5417208075523376,-0.05447949469089508,0.06359001249074936,-0.18187777698040009,0.1067933589220047,0.761759877204895,0.1477225124835968,0.9981653690338135,-0.22255726158618927,1.9832665920257568,1.265721082687378,1.1598819494247437,0.10903120040893555,4909.67724609375,-5117.0751953125,-4022.9609375,-434.8182067871094,-1024.1463623046875,-279.11236572265625,249.00001525878906,545.927734375,1.8556556701660156,-0.3767290711402893
93.75530242919922,-0.003680257359519601,0.012865192256867886,17.69019317626953,0.030897416174411774,0.014830190688371658,-0.04247244819998741,42.888938903808594,60.76849365234375,60.1384391784668,53.770606994628906,-6778.26123046875,-2136.215087890625,-4250.6123046875,-6561.115234375,0.014830190688371658,-0.011118609458208084,17.69021987915039,-0.25409650802612305,-0.02313718944787979,0.0003805611631833017,-0.00042067933827638626,-0.03678135573863983,-0.022856909781694412,-0.015376787632703781,-0.5373585224151611,-0.04624828323721886,0.062016893178224564,-0.48559290170669556,0.36776453256607056,0.6551694869995117,0.1173844039440155,0.7866589426994324,-0.10625103116035461,1.965842843055725,1.3467284440994263,1.1814228296279907,0.12512841820716858,4949.19970703125,-5088.673828125,-3812.12939453125,-800.94921875,-738.8954467773438,-92.25958251953125,509.4114074707031,682.6795654296875,2.561391830444336,-0.14700007438659668
93.93220520019531,-0.0033712831791490316,0.013013494201004505,17.666770935058594,0.02423982508480549,0.015525401569902897,-0.06191139668226242,43.41877746582031,60.55404281616211,61.39354705810547,53.2747917175293,-6593.470703125,-2118.208984375,-4700.39892578125,-6928.89990234375,0.015525401569902897,-0.01164143718779087,17.666784286499023,-0.2594701051712036,-0.023599673062562943,0.001000730087980628,-0.005276608280837536,-0.033103711903095245,-0.016305215656757355,-0.014202944003045559,-0.5353217720985413,-0.033005163073539734,0.05614759773015976,-0.5329437851905823,0.3515706956386566,0.3265480101108551,0.09878218919038773,0.5332892537117004,-0.014423664659261703,1.895206332206726,1.387327790260315,1.4222888946533203,0.13147377967834473,4528.787109375,-4753.57421875,-3897.345703125,-120.13299560546875,-1167.8812255859375,-794.3824462890625,344.91046142578125,580.129150390625,2.051934242248535,-0.8501641154289246
94.10887145996094,-0.0031288848258554935,0.01316874846816063,17.648954391479492,0.01861102692782879,0.013882041908800602,-0.05634996294975281,44.39240646362305,60.08945083618164,61.981689453125,52.556854248046875,-6612.10107421875,-1939.865234375,-5356.373046875,-7127.2021484375,0.013882041908800602,-0.012114237062633038,17.648963928222656,-0.264823317527771,-0.023929724469780922,0.0015622060745954514,-0.010606045834720135,-0.02958800457417965,-0.013039736077189445,-0.013215121813118458,-0.5384351015090942,0.033966414630413055,0.04675880819559097,-0.3034639358520508,0.09047633409500122,0.01763296127319336,0.05999475717544556,0.38350918889045715,-0.005543949548155069,1.7030681371688843,1.2938156127929688,1.5408474206924438,0.20612040162086487,4408.11474609375,-4670.05712890625,-3965.303955078125,1009.3599853515625,-1102.37060546875,-541.96923828125,137.99420166015625,623.286865234375,5.601102828979492,-1.265765905380249
94.28536224365234,-0.0029427744448184967,0.013307568617165089,17.632930755615234,0.01751241460442543,0.01819823496043682,-0.04693065583705902,44.70487594604492,60.336814880371094,62.58074188232422,52.08628845214844,-6484.7373046875,-2058.159423828125,-5907.56982421875,-7462.7451171875,0.01819823496043682,-0.012314404360949993,17.632938385009766,-0.2702076733112335,-0.02359005995094776,0.00202979426831007,-0.013640685006976128,-0.028683241456747055,-0.012863406911492348,-0.012615174055099487,-0.5478594899177551,0.12940111756324768,0.026378747075796127,-0.031799107789993286,-0.13228660821914673,-0.16513846814632416,0.0644964948296547,0.36267635226249695,-0.07511395961046219,1.6239262819290161,1.3169537782669067,1.657621145248413,0.2714270055294037,4502.03759765625,-4879.24755859375,-4066.323486328125,1549.1846923828125,-738.6707153320312,-83.376708984375,72.82525634765625,642.291748046875,8.033831596374512,-2.1582911014556885
94.4616928100586,-0.0027676504105329514,0.013489550910890102,17.61618995666504,0.019612222909927368,0.02801014855504036,-0.040334977209568024,44.27053451538086,61.777835845947266,63.33306121826172,52.13092803955078,-6209.63720703125,-2773.489501953125,-6118.470703125,-7995.7724609375,0.02801014855504036,-0.012376245111227036,17.616201400756836,-0.27568626403808594,-0.02229604870080948,0.002293581608682871,-0.013958675786852837,-0.030006106942892075,-0.014514791779220104,-0.011970208957791328,-0.5633713006973267,0.22864744067192078,-0.016489848494529724,0.08509743213653564,-0.0429392009973526,-0.24784430861473083,0.14744532108306885,0.38965070247650146,-0.20226357877254486,1.6876394748687744,1.5726535320281982,1.8001631498336792,0.25769075751304626,4586.91064453125,-4939.24658203125,-3998.46923828125,1320.5045166015625,-406.841064453125,65.13836669921875,-150.36941528320312,948.5089111328125,9.430303573608398,-4.154088497161865
94.63785552978516,-0.0025715280789881945,0.01376965269446373,17.59572410583496,0.023770969361066818,0.04294223338365555,-0.03748370334506035,43.59236526489258,63.841941833496094,63.97882843017578,52.43180465698242,-5864.94921875,-4045.1083984375,-5994.966796875,-8604.6962890625,0.04294223338365555,-0.012418702244758606,17.595741271972656,-0.2813199758529663,-0.02000957354903221,0.002128683030605316,-0.01310770120471716,-0.03043549880385399,-0.016993235796689987,-0.010495755821466446,-0.5831257700920105,0.32365506887435913,-0.06828371435403824,0.008064717054367065,0.3962336778640747,-0.3005211651325226,0.260525107383728,0.3558673858642578,-0.3852366507053375,1.8029158115386963,1.9613488912582397,1.9236540794372559,0.2103973776102066,4441.240234375,-5110.7578125,-3728.7509765625,682.6368408203125,-495.8311767578125,399.4374084472656,-108.2021484375,1050.5201416015625,10.406970977783203,-5.100230693817139
94.81381225585938,-0.002333818469196558,0.014199075289070606,17.572744369506836,0.025674616917967796,0.05318179354071617,-0.048573534935712814,43.34792709350586,65.83709716796875,64.67113494873047,52.518951416015625,-5430.80078125,-5599.81103515625,-5823.9111328125,-9244.3427734375,0.05318179354071617,-0.012738028541207314,17.57276153564453,-0.2871512472629547,-0.016773022711277008,0.0014458459336310625,-0.013027054257690907,-0.026473162695765495,-0.019998447969555855,-0.007890504784882069,-0.6057344675064087,0.40571725368499756,-0.11251971125602722,-0.1989397257566452,0.9518008828163147,-0.32432079315185547,0.34268465638160706,0.14224573969841003,-0.6165668368339539,1.8574247360229492,2.3640406131744385,2.0597968101501465,0.19905708730220795,4249.2392578125,-5092.77685546875,-3631.510498046875,314.65594482421875,-1042.2576904296875,417.09539794921875,-184.85989379882812,1282.6121826171875,9.61454963684082,-4.389871120452881
94.98954010009766,-0.0020770723931491375,0.014730893075466156,17.550413131713867,0.020110413432121277,0.05480671301484108,-0.07399625331163406,44.16596221923828,67.42420959472656,65.55685424804688,52.155277252197266,-4926.23291015625,-7151.08251953125,-5926.00830078125,-9948.228515625,0.05480671301484108,-0.013585028238594532,17.550424575805664,-0.29320859909057617,-0.01271585002541542,0.0003206488909199834,-0.015016451478004456,-0.01695515401661396,-0.02324165590107441,-0.004463658202439547,-0.6323431730270386,0.49069952964782715,-0.14239585399627686,-0.4175891876220703,1.2963194847106934,-0.2530066668987274,0.37146130204200745,-0.43006807565689087,-0.8748775720596313,1.7636765241622925,2.7282328605651855,2.235358715057373,0.23975057899951935,4037.6884765625,-4902.08984375,-3773.548095703125,607.62158203125,-1764.85693359375,206.64752197265625,-357.27587890625,1098.028564453125,8.925857543945312,-2.6511285305023193
95.16504669189453,-0.0018759683007374406,0.015278960578143597,17.53008270263672,0.0006771497428417206,0.020961269736289978,-0.1312694549560547,46.94751739501953,68.9797592163086,66.63790130615234,50.57760238647461,-4249.54052734375,-8412.3623046875,-6602.30126953125,-10569.2177734375,0.020961269736289978,-0.015240333043038845,17.530080795288086,-0.299532026052475,-0.007808854803442955,-0.0011033095652237535,-0.019192343577742577,-0.0039919596165418625,-0.025771722197532654,-0.0007490452844649553,-0.6641499400138855,0.5782332420349121,-0.18999694287776947,-0.5834376215934753,1.2140737771987915,-0.01233142614364624,0.32886508107185364,-0.6434248685836792,-0.8754647374153137,1.5727940797805786,3.0,2.46352481842041,0.48360228538513184,2708.0712890625,-4793.30810546875,-3969.23291015625,2471.80078125,-3672.05517578125,-336.48077392578125,-329.6423645019531,963.5823364257812,6.547036170959473,-3.3661580085754395
95.34034729003906,-0.0018691967707127333,0.015488573350012302,17.512731552124023,-0.023256057873368263,-0.019549980759620667,-0.12273363769054413,49.21244430541992,68.4167251586914,65.13886260986328,48.96464157104492,-3413.691650390625,-9912.8125,-6553.37890625,-10945.953125,-0.019549980759620667,-0.016816524788737297,17.512746810913086,-0.30617353320121765,-0.002026522532105446,-0.0030032789800316095,-0.025026720017194748,0.008148778229951859,-0.02589503675699234,0.0025396053679287434,-0.6975792646408081,0.5493758916854858,-0.20040296018123627,-0.6544368863105774,0.9122737646102905,0.07193994522094727,0.1843305230140686,-0.3326408565044403,-0.7320758104324341,1.204527735710144,3.0,2.2232630252838135,0.7710361480712891,2206.333984375,-4687.6455078125,-4093.5546875,3487.543212890625,-4131.0185546875,-211.493408203125,-464.2396545410156,608.0477294921875,-4.895016670227051,-0.13418325781822205
95.51547241210938,-0.0021017573308199644,0.01529307384043932,17.50342559814453,-0.018211714923381805,-0.0069169458001852036,-0.01399741880595684,48.75424575805664,65.79658508300781,62.28985595703125,49.95347595214844,-3220.951171875,-11237.8515625,-5632.69189453125,-11386.1357421875,-0.0069169458001852036,-0.01633353903889656,17.503435134887695,-0.3131493330001831,0.003467236179858446,-0.005007308442145586,-0.03157109022140503,0.017271514981985092,-0.025175636634230614,0.004382910672575235,-0.7338430881500244,0.4719167649745941,-0.17810821533203125,-0.43907007575035095,0.5046343207359314,-0.16712819039821625,0.026210978627204895,-0.2469196617603302,-0.7046307325363159,0.7816736698150635,2.329124927520752,1.703430414199829,0.586500346660614,4416.88037109375,-4841.9033203125,-4403.5068359375,3174.4775390625,-144.9978485107422,838.9541015625,-462.4490051269531,628.305908203125,-8.179189682006836,1.9661287069320679
95.69050598144531,-0.0022838744334876537,0.015223904512822628,17.49518394470215,-0.024331824854016304,-0.018159404397010803,-0.03881022334098816,49.3067626953125,63.76085662841797,63.208740234375,49.51905059814453,-3270.136474609375,-11233.2587890625,-5302.1015625,-11171.611328125,-0.018159404397010803,-0.016614675521850586,17.495201110839844,-0.32048776745796204,0.008186403661966324,-0.006788390688598156,-0.03596179187297821,0.022317858412861824,-0.02684691920876503,0.004645020235329866,-0.7673336267471313,0.34397584199905396,-0.14195719361305237,-0.05715259909629822,-0.13473737239837646,-0.398072749376297,-0.21208897233009338,-0.2614158093929291,-0.814250648021698,0.6989514231681824,1.9689027070999146,1.8817793130874634,0.6623702645301819,4031.326904296875,-4596.66943359375,-4502.0712890625,3597.3720703125,-1570.320556640625,270.09808349609375,-326.27276611328125,601.192626953125,-14.51465892791748,3.1189868450164795
95.8654556274414,-0.0025271927006542683,0.015042310580611229,17.481369018554688,-0.03103875182569027,-0.03145357966423035,-0.038559455424547195,50.850521087646484,63.137672424316406,63.22703552246094,49.198822021484375,-3828.6435546875,-10982.583984375,-5448.27685546875,-11058.146484375,-0.03145357966423035,-0.016817841678857803,17.481395721435547,-0.3281610906124115,0.011626161634922028,-0.008207962848246098,-0.03653331845998764,0.020970484241843224,-0.03082764707505703,0.0025241305120289326,-0.805281400680542,0.24007700383663177,-0.103721484541893,0.3874348998069763,-0.7019002437591553,-0.38015663623809814,-0.3859291076660156,-0.3632667362689972,-0.9782469272613525,0.41776877641677856,1.8556060791015625,1.9005943536758423,0.7161665558815002,3043.32568359375,-4794.99609375,-4240.576171875,3492.116455078125,-1665.6846923828125,325.3828125,-49.653228759765625,285.13995361328125,-12.883910179138184,3.4853341579437256
96.04026794433594,-0.0028375801630318165,0.014727775007486343,17.45806121826172,-0.04657875373959541,-0.05890300124883652,-0.051354557275772095,52.12986373901367,62.2028923034668,63.268463134765625,48.46364212036133,-4363.80517578125,-10445.61328125,-5910.3564453125,-10903.64453125,-0.05890300124883652,-0.017395805567502975,17.45812225341797,-0.3362139165401459,0.01402693148702383,-0.00924517773091793,-0.03265896812081337,0.013951482251286507,-0.0346292145550251,-0.0013351605739444494,-0.8437895774841309,0.13957402110099792,-0.09472405165433884,0.6292100548744202,-0.9835590124130249,-0.09800180792808533,-0.42840930819511414,-0.6190149188041687,-0.7720897197723389,0.3037388026714325,1.702221155166626,1.9370818138122559,0.8450894355773926,1207.643310546875,-5025.83984375,-3949.33447265625,3457.63916015625,-2595.6669921875,68.91357421875,-118.68304443359375,98.31927490234375,-12.25644302368164,1.3081352710723877
96.21485137939453,-0.003303367644548416,0.01413874514400959,17.410348892211914,-0.07021172344684601,-0.11490476131439209,-0.07830556482076645,55.70099639892578,60.35380554199219,62.58963394165039,46.4171142578125,-4784.22607421875,-9636.2763671875,-6240.97802734375,-10229.90234375,-0.11490476131439209,-0.018171481788158417,17.410491943359375,-0.34465181827545166,0.015422672033309937,-0.010192418470978737,-0.026366867125034332,0.0041158925741910934,-0.03560923412442207,-0.00561925396323204,-0.8719770908355713,0.037213146686553955,-0.10178457200527191,0.5688065886497498,-0.9491258859634399,0.2230358123779297,-0.47315680980682373,-0.7607849836349487,-0.5746173858642578,0.7790788412094116,1.4378666877746582,1.8715441226959229,1.2117677927017212,-3283.854736328125,-5348.29345703125,-3747.2900390625,3578.82373046875,-2904.3974609375,-749.2808837890625,-49.43309020996094,-56.75074768066406,-11.873870849609375,-0.08649098873138428
96.38895416259766,-0.004005484748631716,0.012989697977900505,17.359670639038086,-0.07978343963623047,-0.16077007353305817,-0.05327189713716507,59.204105377197266,56.699745178222656,59.69047546386719,44.53017807006836,-5029.4697265625,-8948.9111328125,-6386.34521484375,-9473.36328125,-0.16077007353305817,-0.017585573717951775,17.359853744506836,-0.35337159037590027,0.015794804319739342,-0.011210264638066292,-0.020678801462054253,-0.005375365726649761,-0.033378876745700836,-0.010350821539759636,-0.8873109221458435,-0.10740604996681213,-0.09982206672430038,0.27411165833473206,-0.6475918292999268,0.37581977248191833,-0.5249683856964111,-0.2907842993736267,-0.36282622814178467,1.3139387369155884,0.712913990020752,1.3898563385009766,1.5479700565338135,-4509.4453125,-4657.60986328125,-3703.819091796875,3825.3935546875,-730.5291137695312,-547.59423828125,114.52566528320312,-270.8299865722656,-13.808382034301758,0.523901641368866
